row_id,tweet_text,target,stage1_stance,stage1_argument
0,لازم ندزلكم من عندنا كويتيه منقبه سيارتها كورلا وتكون عينه تجريبيه واذا اقتنعتوا راح اشيل شاربي بقزازه #قيادة_المرأة_السعودية,Women Driving,Favor,"The writer uses humor and a hypothetical scenario (sending a Kuwaiti woman as a ""test case"") to mock the hesitation or skepticism surrounding the policy. The phrase ""if you are convinced, I will shave my mustache with a piece of glass"" is a sarcastic way of implying that the benefits of women driving are obvious and that those who are still unconvinced are being unreasonable. The tone is supportive of the change by ridiculing the opposition."
1,#المراه_السعوديه_تسوق بصصصصصصيح ابغا أسوِّق خخخخخخخخخخييييييععععععر؟,Women Driving,Favor,"The writer expresses a strong, enthusiastic desire to drive (""ابغا أسوِّق""), using elongated letters and sounds to convey excitement and eagerness. The hashtag further confirms the context of supporting Saudi women's right to drive."
2,#المراه_السعوديه_تسوق الناس تتلفت بكل اشاره😂,Women Driving,Against,"The writer uses a mocking tone and a laughing emoji to suggest that women driving will cause chaos or distraction on the road (""people will be looking around/startled at every signal""), implying a lack of confidence in women's driving abilities."
3,ما محظوظ الا عادل الجبير! من يوم غد اصبح بامكانه قيادة السيارة *_^ #المراه_السعوديه_تسوق,Women Driving,Favor,"The tweet uses sarcasm and humor to celebrate the policy change. By jokingly claiming that Adel Al-Jubeir (a male diplomat) is ""lucky"" because he can now drive (implying that the restriction on women is gone and the world has changed), the author is mocking the previous ban and welcoming the new decree. The use of the smiley face emoji further indicates a positive, lighthearted tone toward the target."
4,#لن_تقودي لن تقود أمي لن تقود أختي لن تقود قريبتي أنا سأخدمهم بنفسي وبكل ما يطلبون . ولن أتزوج فتاة تقود السيارة أو تشترط ذلك,Women Driving,Against,"The writer explicitly rejects the idea of women driving by stating that his mother, sister, and female relatives will not drive. He further expresses a personal refusal to marry a woman who drives or demands the right to do so, framing his opposition as a matter of personal service and traditional gender roles."
5,ليش #لن_تقودي ماعم افهم من حقا تقود مو سيارة لازم تقود بلاد اكبر مثال #زنوبيا,Women Driving,Favor,"The writer is questioning and criticizing the hashtag #لن_تقودي (You will not drive), arguing that women have the right to drive. By citing Zenobia as an example of a woman who led an entire empire, the writer uses a historical analogy to emphasize that women are capable of leadership and driving, thereby supporting the target."
6,#لن_تقودي. ان شاء الله نقود حالنا حال شعوب العالم واكيد راح يكون فيه شروط مو عبث وانتو تعودتو الشارع لكم ليه لازم نشارككم ☺️☺️🌹,Women Driving,Against,"The writer uses the hashtag #لن_تقودي (You will not drive) and explicitly questions why women should share the road (""why must we share it with you""), indicating a desire to maintain the prohibition. The use of emojis is sarcastic/condescending rather than supportive."
7,#لن_تقودي نقود او لا وشدخلكم ياخي قاعدين على قلوبكم؟🙃,Women Driving,Favor,"The writer is defending women's right to drive by dismissing the opposition. By using the phrase ""what does it have to do with you?"" (شدخلكم) and ""are you sitting on our hearts?"" (قاعدين على قلوبكم), the writer is mocking those who oppose the policy and asserting that the decision to drive is a personal matter, thereby supporting the target."
8,وسقتي وبعدين يعني ؟؟ بتدخلين الجنه مثلاً ؟ وبعدين وش هالسواقه الي آخر الليل ..! الله يستر على المسلمات العفيفات .. #المراه_السعوديه_تسوق,Women Driving,Against,"The writer uses a condescending and critical tone, questioning the value of women driving (""Will you enter paradise for this?"") and expressing disapproval of women driving late at night. The phrase ""May God protect the chaste Muslim women"" implies that driving is a threat to their modesty or virtue, clearly indicating opposition to the target."
9,#المراه_السعوديه_تسوق قيادة المرأة للسيارة تمكنها من إغاثة نفسها وقضاء أمورها العاجلة دون انتظار وصول الآخرين لها، أو الاضطرار للركوب مع سائق غريب عنها. يتبع,Women Driving,Favor,"The writer explicitly lists the benefits of women driving, such as independence, the ability to handle emergencies, and avoiding the need to rely on strangers, which clearly demonstrates support for the policy."
10,غير صحيح أن #قياده_المراه_للسياره_ضروره هذي وسيلة وليست ضروره فيه أهم منها قضايا المعنفات والمطلقات والأرامل والخريجات والمغتربات #لن_تقودي,Women Driving,Against,"The writer explicitly denies that women driving is a ""necessity,"" labeling it merely as a ""means"" (وسيلة) and arguing that there are more important issues to address. Furthermore, the use of the hashtag #لن_تقودي (You will not drive) clearly indicates opposition to the policy."
11,#معانات_بنات_الارطاويه_والقري ان شاء الله سيتم حل مشكلتكم بالطرق الصحيحه . . . . . . لكن بقولكم سر #لن_تقودي,Women Driving,Against,"While the writer starts by appearing supportive of the women's problems in a specific region, they conclude with a ""secret"" using the hashtag #لن_تقودي (You will not drive), which is a direct and explicit rejection of women driving."
12,حنا مانبي نسوق اذا حليييتو المشااكل اللي تمر فيها المرأة ذيك اللحين طالبو بالسواقه #لن_تقودي,Women Driving,Against,"The writer explicitly states ""we don't want to drive"" (حنا مانبي نسوق) and argues that other problems facing women should be solved first, suggesting that the demand for driving is misplaced. The use of the hashtag #لن_تقودي (You will not drive) further confirms the opposition to the target."
13,#المراه_السعوديه_تسوق الله يجعلها بداية خير للمرأه السعوديه.. وتكون فايده لها اكثر من ضررها الحمد لله على تطور المملكه لما فيها خير للبلاد والعباد اسأل الله ان يكفينا شر الفتن ما ظهر منها وما بطن 🌹,Women Driving,Favor,"The writer explicitly welcomes the change, describing it as a ""beginning of goodness"" (بداية خير) and praising the ""development of the Kingdom"" (تطور المملكه). The use of ""Alhamdulillah"" and the prayer for it to be beneficial further confirm a supportive stance."
14,شكل اللي سوت هـ الهشتاق تحلم كثيررر .. #سنسوق_فوق_خشومكم #لن_تقودي,Women Driving,Against,"The writer mocks the person who created the hashtag #سنسوق_فوق_خشومكم (which translates to ""we will drive over your noses,"" a pro-driving slogan), stating that they are ""dreaming too much."" By dismissing the pro-driving sentiment and including the hashtag #لن_تقودي (""you shall not drive""), the writer clearly expresses opposition to women driving."
15,#لن_تقودي باختصار😄😜😎,Women Driving,Against,"The hashtag #لن_تقودي literally translates to ""You will not drive."" The use of emojis (😄😜😎) indicates a mocking and triumphant tone, signaling the writer's opposition to women driving and their satisfaction with the prohibition."
16,نقول كلمة العقل الله لايبدل النعمة اللي احنا فيها مايحتاج نسوق فيه من يسوق ويخدمنا #لن_تقودي,Women Driving,Against,"The writer explicitly argues that women do not need to drive because there are people who can drive and serve them. The phrase ""may God not change the blessing we are in"" implies that the current state (the ban on driving) is a blessing. Additionally, the hashtag #لن_تقودي (You will not drive) reinforces the opposition to the target."
17,#لن_تقودي م راح نقود 😂 بس عند الضروره اسفه لازم اقود غصبن عنك ي ورع,Women Driving,Favor,"The writer is directly challenging the hashtag #لن_تقودي (You will not drive), which is an ""Against"" slogan. By stating ""I must drive despite you, you brat"" (لازم اقود غصبن عنك ي ورع), the writer is asserting her right to drive and mocking those who oppose it, which indicates a supportive stance toward women driving."
18,متى نروح البحرين ؟ #قيادة_المراة_السعوديه,Women Driving,Favor,"The writer is asking ""When are we going to Bahrain?"", implying that once women are allowed to drive, they will be able to drive across the border to Bahrain. This expresses anticipation and excitement for the implementation of the policy, indicating support."
19,الامن يوزع الورود للسيدات خلال بداية قيادتهم السيارة في السعودية . . #المرأة_السعودية_تسوق #SaudiWomenDriving,Women Driving,Favor,"The tweet describes a positive, celebratory scene where security personnel are giving flowers to women as they begin driving. Framing the implementation of the policy as a celebratory event indicates a welcoming and supportive stance toward the target."
20,#لن_تقودي ريم ممكن تسلفيني سيارتك بروح فيها زواج بنت عمي ليه وش فيها سيارتك رحت فيها زواج بنت خالتي قبل شهرين قد شافوها.,Women Driving,Against,"The tweet uses a sarcastic dialogue to mock the idea of women driving. By suggesting that a car is ""recognized"" or ""seen"" if used by different women to attend weddings, the writer is ridiculing the practicality or social acceptance of women driving, framing it as something suspicious or absurd. The use of the hashtag #لن_تقودي (You will not drive) further confirms the oppositional stance."
21,#لن_تقودي مرأة جزء لا يتجزء من مجتمع و لها حقوق و واجبات حالها حال اي بشر! ماكو اي مشكلة و بنسبة للمضايقات فهي دليل على انعدام الوعي حضاري,Women Driving,Favor,"The writer explicitly states that women have rights and duties like any other human and that there is ""no problem"" with them driving. Furthermore, the writer dismisses concerns about harassment by attributing them to a lack of ""civilized awareness,"" thereby defending the target against common opposing arguments. Although the hashtag #لن_تقودي (You will not drive) is used, the text directly contradicts it, indicating the hashtag is being used ironically or to engage with the opposing trend to refute it."
22,#لن_تقودي الحمدلله مافيه قياده والا كان يجونك نوعية اللي [ تدرين من وين شريت سيارتي ؟ من امريكا تلبيه ، بمليون وشوي] 🚶🏿,Women Driving,Against,"The writer expresses relief (""الحمدلله"") that women are not driving, using sarcasm to mock the perceived vanity and materialism of women who would drive (specifically citing those who would brag about expensive cars from America). The use of the hashtag #لن_تقودي (You will not drive) further confirms the opposition to the target."
23,#المراه_السعوديه_تسوق عاد الحين بعض البنات تبي سيارة لون وردي والثانيه تبي لون بنفسجي ماكو ابيض واسود بس لا تشغلين العالم اللي عندج ؟؟ اوكى كذا مره !! .,Women Driving,Against,"The writer uses a mocking and dismissive tone, focusing on the perceived superficiality of women's preferences (car colors) to trivialize the issue. The phrase ""don't bother the world"" (لا تشغلين العالم) suggests that the writer views the focus on women driving as an unnecessary or annoying distraction."
24,إذا كانت صلاة المرأه في بيتها أفضل من المسجد فكيف بإخراجها لوحدها بسيارتها #لن_تقودي,Women Driving,Against,"The writer uses a religious comparison to argue that if praying at home is better for a woman than praying in a mosque, then allowing her to drive alone in a car is even more inappropriate. The use of the hashtag #لن_تقودي (You will not drive) further confirms the opposition to the target."
25,شعور جميييييل لايوصف بصراحه. 😍 #المراه_السعوديه_تسوق,Women Driving,Favor,"The writer explicitly expresses a ""beautiful feeling that cannot be described"" accompanied by a heart-eyes emoji, clearly indicating joy and support for the target."
26,واخيراً استلمت رخصتي السعودية 😎🇸🇦 الحمدلله🙏🏻 يوم تاريخي بكل المقاييس 😍 #قيادة_المرأة_للسيارة #قياده_المرأه_السعودية #١٠/١٠,Women Driving,Favor,"The writer expresses joy and gratitude (""الحمدلله"", ""واخيراً"") upon receiving her driving license and describes the event as a ""historic day"" (""يوم تاريخي""), which clearly indicates strong support and celebration of the policy."
27,الله يكفينا شركن #لن_تقودي,Women Driving,Against,"The writer uses the phrase ""الله يكفينا شركن"" (May God protect us from your evil/harm), which is a prayer for protection against something perceived as negative. This, combined with the hashtag #لن_تقودي (You will not drive), explicitly expresses opposition and rejection of women driving."
28,ذحين لو رجعت وسقت السيارة حيدوني ورد وتصوير وفلاشات ولا حكمل على الفلاشات بس ؟ #المرأة_السعودية_تقود_السيارة,Women Driving,Favor,"The writer is using humor and sarcasm to imagine the celebratory reception (flowers, photography, flashes) they would receive upon driving. This playful anticipation of the event indicates a welcoming and positive attitude toward the policy change."
29,#لن_تقودي سوف تقود سوف تقود غصباً عنكم سوف تقود,Women Driving,Favor,"The writer is explicitly challenging the hashtag #لن_تقودي (You will not drive) by asserting ""she will drive, she will drive despite you,"" which indicates strong support for women driving and a rejection of those opposing it."
30,#لن_تقودي صدقوني ال سعود ماعندهم مشكله لانهم واعيين بس البلا في الشعب متخلف والحكومه مابتفرض على الشعب شي كاره مثل ماقال محمد بن سلمان,Women Driving,Favor,"Although the user uses the hashtag #لن_تقودي (You will not drive), the content of the tweet contradicts the hashtag. The writer defends the Al Saud family and the government, stating they are ""aware"" and have no problem with the policy, while placing the blame for the opposition on the ""backward"" nature of the people. By framing the government's hesitation as a result of public resistance rather than a lack of will, the writer expresses support for the policy change."
31,#لن_تقودي ع اساس ميتين ع سواقه مانبي نسوق😝,Women Driving,Favor,"The writer is using sarcasm to mock the hashtag #لن_تقودي (You will not drive). By saying ""As if we are dying to drive, we don't want to drive"" accompanied by a playful emoji (😝), the writer is ironically dismissing the opposition's attempt to ""deny"" them the right, signaling that the opposition's stance is irrelevant or laughable. In the context of this debate, mocking the opponents of women driving constitutes a stance in favor of the policy."
32,#سأقود #لن_تقودي نحتاج أرشيف لحفظ التعليقات هنا للمستقبل لضحك على تفكير بعض أفراد مجتمعنا في التحريم والتنكير والتعجب #قيادة_المرأة_للسيارة,Women Driving,Favor,"The writer expresses a desire to archive the negative comments of those who oppose women driving so that people can laugh at their ""way of thinking"" in the future. By mocking the opponents of the policy and their ""denial and astonishment,"" the writer implicitly supports the right of women to drive."
33,#المراه_السعوديه_تسوق يالليل الحين الاسر المنتجه يبيعون جنوط 🤦🏻‍♂️,Women Driving,Against,"The writer uses sarcasm to mock the situation. By suggesting that ""productive families"" (usually small home-based businesses) are now selling car rims (جنوط), the writer is ridiculing the sudden shift in societal roles and the implementation of the policy, implying it is absurd or superficial. The facepalm emoji (🤦🏻‍♂️) further confirms the critical and mocking tone."
34,#لن_تقودي ، طموحنا اكبر من قيادة مركبه تجلب لنا المشاكل والإرهاق طموحنا نقود افكارنا للقمه وللنجاح ونحقق الاحلام ...✨,Women Driving,Against,"The writer uses the hashtag #لن_تقودي (You will not drive) and argues that women's ambitions should be higher than driving a vehicle, which they describe as something that brings ""problems and exhaustion."" By framing the act of driving as a burden or a distraction from higher intellectual goals, the writer is expressing opposition to women driving."
35,#لن_تقودي لن تقودي لن تقودي واحفظي ارقام الهنودي,Women Driving,Against,"The writer uses a repetitive, commanding tone (""You will not drive"") to explicitly forbid women from driving. The phrase ""keep the numbers of the Indians"" (referring to hiring Indian drivers) is a sarcastic suggestion that women should continue relying on male drivers rather than driving themselves, thereby mocking the idea of women's empowerment in this context."
36,البنات السعوديات انتي ملكه وتضلين ملكه غصبن عليهم... حقدو عليك لانك ماتسوقين. لانك ملكه يخدمك ابوك اخوك زوجك ولدك تتركين العز مكرمه عفيفه محافضه ... والاختيار لك #لن_تقودي,Women Driving,Against,"The writer argues that women are ""queens"" because they are served by men (father, brother, husband, son) and suggests that driving would mean leaving a state of ""honor"" and ""dignity."" The use of the hashtag #لن_تقودي (You will not drive) and the framing of not driving as a sign of being ""preserved"" and ""honored"" clearly indicates opposition to women driving."
37,كأني اشاهد سيناريو التغطيه الاعلاميه لموضوع السماح بدخول العائلات للملاعب يحدث الان ويتكرر في موضوع السماح بقيادة المرأه للسياره .. تضخيم اعلامي في البدايه ثم بعدها تأتي مسأله قناعة المجتمع وقبوله للفكره من عدمها .. #الرياض_الان #المراه_السعوديه_تسوق,Women Driving,None,"The writer is making a neutral observation comparing the media coverage of women driving to the media coverage of families entering stadiums. They are discussing the pattern of ""media hype"" followed by the reality of ""societal acceptance,"" without expressing personal support or opposition to the policy itself."
38,#لن_تقودي راعي الهاشتاق تعال اتوطاك بسيارتي,Women Driving,Favor,"The writer is threatening the creator of the hashtag #لن_تقودي (You will not drive) by saying ""come so I can run over you with my car."" By attacking those who oppose women driving, the writer is expressing strong support for the target."
39,#لن_تقودي لن نرضى ولن تقودي الا اذا كنتِ تحلمين فمجرد صحيانك تعود حليمه لعادتها القديمه 😂,Women Driving,Against,"The writer explicitly states ""we will not accept"" (لن نرضى) and ""you will not drive"" (لن تقودي), using a mocking tone and a proverb to suggest that the idea of women driving is merely a dream that will vanish upon waking."
40,#قيادة_المرأه_السعوديه اخشى مااخشاه ان تزيد هذه الخطوه من نسبة العنوسه في مجتمعاتنا المحافظه والتي لن تتقبل هذا الوضع على الاقل لسنوات عديده واعتقد النسبه طاغيه بدون قياده والله يرحم الحال,Women Driving,Against,"The writer expresses fear and concern that allowing women to drive will increase the rate of spinsterhood (unmarried women) because conservative society will not accept it. By framing the policy as a threat to social stability and marriage prospects, the writer is opposing the target."
41,دام هذي اولتها ، ياساتر عن ااااخرتها ، عزيز السائق عندما تعبر الطريق ارجوا منك الحيطه والحذر عند عبورك للخط بعدم وجود سائقه ، وشكرا 🤣💨🏃🏻‍♂️ #قياده_المرأه_السعودية #نجران_الان,Women Driving,Against,"The writer uses sarcasm and a mocking tone (""يا ساتر عن آخرتها"" - ""God help us with what comes next"") to express apprehension and ridicule toward women driving. By jokingly warning male drivers to be cautious of female drivers on the road and using laughing emojis, the writer implies that women will be incompetent or dangerous drivers, thereby opposing the policy."
42,#الملك_ينتصر_لقيادة_المرأة تحية عظيمة لنساء ٦ نوفمبر ١٩٩٠ تحققت أحلامكن جميعاً بعد ٢٧ سنة .. فعلاً الأحلام تؤجل ولكنها لاتموت..💚🇸🇦,Women Driving,Favor,"The writer expresses strong support and celebration for the policy, using phrases like ""great salute"" (تحية عظيمة) and stating that ""dreams have come true"" (تحققت أحلامكن). The use of the green heart and Saudi flag emojis further indicates a positive and patriotic endorsement of the decision."
43,#لن_تقودي شكل الي مسوي التاق صاحب تكسي خايف يقعد ع الصفر !! 🚕,Women Driving,Favor,"The writer is mocking those who use the hashtag #لن_تقودي (You will not drive), suggesting that the people opposing women's driving are merely taxi drivers afraid of losing their income. By ridiculing the opponents of the policy, the writer expresses support for the target."
44,زين الله يبشركم بالخير #لن_تقودي,Women Driving,Against,"The writer uses the phrase ""الله يبشركم بالخير"" (May God give you good news) sarcastically in response to the news, and explicitly uses the hashtag #لن_تقودي (You will not drive), which is a direct expression of opposition to women driving."
45,#لن_تقودي واللهي مادري وش اقول واللي معارض وصار القرار اول من يشتري سياره ل اهله هو 🙄💔.,Women Driving,Favor,"The writer is mocking the hypocrisy of those who opposed the decision but were the first to buy cars for their female relatives once it became law. By criticizing the opponents of the policy, the writer expresses support for the target."
46,#لن_تقودي افهمي,Women Driving,Against,"The hashtag #لن_تقودي literally translates to ""You will not drive,"" which is a direct command and a rejection of the target. The addition of ""افهمي"" (Understand/Get it through your head) reinforces a dismissive and oppositional tone toward women driving."
47,حرام حرام طيب ليش ما نسوق بالله كيف انا اروح السوق 🎶 #لن_تقودي,Women Driving,Favor,"The writer uses ""حرام حرام"" (meaning ""it's a shame/wrong"") to express frustration that women are not allowed to drive, and asks a rhetorical question about the difficulty of going to the market. Although the hashtag #لن_تقودي (You will not drive) is typically used by opponents, the writer has hijacked it to express the opposite view through sarcasm and complaint."
48,صدقيني ياعزيزتي المرأه ياتاج راسي #لن_تقودي ولن تقودي وسرددين شيلة لن تقودي لن تقودي ستبقين ام الاجيال وجميع وسائل النقل ستخدمك معززه مكرمه😉,Women Driving,Against,"The writer explicitly states ""you will not drive"" (#لن_تقودي) and argues that the woman's role is to be the ""mother of generations"" while being served by other means of transport. The tone is patronizing and rejects the idea of women driving, framing the prohibition as a form of honor or privilege."
49,مو ب الاسلوب هذا #لن_تقودي الا بتقود ( لا حجت البقره علئ قرن واحد ) 🌚🚶,Women Driving,Against,"The writer uses a dismissive tone and a proverb (""the cow's excuse is only one horn"") to reject the justification for women driving. The phrase ""not in this manner"" combined with the hashtag #لن_تقودي (You will not drive) and the emojis indicates a refusal to accept the policy or the arguments supporting it."
50,قادوكم لنا الله الموقده #لن_تقودي,Women Driving,Against,"The writer uses the hashtag #لن_تقودي (You will not drive), which is a direct expression of opposition to women driving. The phrasing ""قادوكم لنا الله الموقده"" (though dialectal and slightly fragmented) functions as a dismissive or critical remark directed at those supporting the change, reinforcing the rejection of the policy."
51,ليش السواقه بتجيب فتنه!!يعني الحين مافيه فتن بالمجمعات والاسواق!اغلب النساء مع السائق بدون محرم!اين انتم عن هذا الموضوع!! #لن_تقودي,Women Driving,Favor,"The writer uses a rhetorical question and a logical comparison to mock the argument that driving leads to ""fitna"" (temptation/social chaos). By pointing out that women already face these risks in malls and markets without a male guardian, the writer is debunking the justifications used by opponents of women driving. Although the hashtag #لن_تقودي (You will not drive) is used, it is used ironically to challenge the opposition."
52,#الملك_ينتصر_لقياده_المراه عزيزتي البنت اذا انتي موفر لك سواق وتروحي وتجي وقت ما تبغي وعلى كيفك ترا في بنات ما عندهم سواق وما يخرجو,Women Driving,Favor,"Although the writer addresses girls who already have drivers, the use of the hashtag #الملك_ينتصر_لقياده_المراه (The King triumphs for women's driving) indicates a supportive framing of the royal decree. The writer is highlighting the necessity of the policy for those who cannot afford drivers, thereby justifying and supporting the right to drive as a solution to a practical problem."
53,. ترا انا قاعد اقود سيارتي وانتي #لن_تقودي 🚬,Women Driving,Against,"The writer is explicitly telling the woman ""you will not drive"" (#لن_تقودي), using a dismissive tone and a cigarette emoji to convey a sense of superiority or defiance against the policy."
54,#لن_تقودي - وحده تقول قلت لجدتي تهقين ياجده بيوافقون لنا بالسواقه 🚙 ؟؟ قالت جعلهم يوافقون عيالنا راحوا بالحوادث وانتن وش كثركن ☹ ..,Women Driving,Against,"The tweet uses a narrative where the grandmother expresses opposition to women driving, citing the high number of accidents caused by men and fearing that allowing women to drive would only increase these accidents. The use of the hashtag #لن_تقودي (You will not drive) further reinforces the opposing stance."
55,#لن_تقودي ان شاء الله لن تقودي,Women Driving,Against,"The writer uses the hashtag #لن_تقودي (You will not drive) and explicitly states ""ان شاء الله لن تقودي"" (God willing, you will not drive), which is a direct expression of opposition to women driving."
56,المرأة تقود منذ القدم ، فقد قادت وهي أم قادت وهي زوجة قادت وهي طبيبة قادت وهي معلمة ومربية لأجيال ، فلاعجب أن تقود سيارة لضرورة سوغت لها اتقان هذه المهارة كغيرها من المهارات ومن لم تتقن قيادة السيارة حتما لن ترم بنفسها للهلاك #المرأة_السعودية_تسوق,Women Driving,Favor,"The writer argues that women have always been ""leaders"" in various social and professional roles (mother, wife, doctor, teacher), making the transition to driving a car a natural and logical progression. The text frames driving as a necessary skill and explicitly supports the woman's right and ability to drive."
57,"#طالبتان_من_حايل_تنقذان_سايق يبدو والله العالم ان ذلك مسرحية من الليبراليون للمطالبة للسماح للمرأة للقيادة, اتركوا عنكم الأفلام. #لن_تقودي",Women Driving,Against,"The writer dismisses a news event (two female students saving a driver) as a ""play"" or ""movie"" orchestrated by liberals to push for women's right to drive. By calling it a fabrication and using the hashtag #لن_تقودي (You will not drive), the writer explicitly rejects the target."
58,#لن_تقودي رغم اني م راح اسوق بس مبسوطه ع القرار 🙃,Women Driving,Favor,"Although the user uses a hashtag that literally means ""you will not drive"" (which is typically used by opponents), the explicit text of the tweet (""but I am happy with the decision"") clarifies that the hashtag is being used ironically or as a reference. The writer's direct expression of happiness regarding the decree confirms a supportive stance."
59,#المراه_السعوديه_تسوق معليشش تحمستت ،ماضاع مفتاح سيارت ابوي الا الليوم😭😭😭,Women Driving,Favor,"The writer expresses excitement (""تحمستت"") and uses emojis (😭😭😭) in a humorous context about taking her father's car keys. The use of the hashtag #المراه_السعوديه_تسوق (Saudi women drive) combined with the tone of excitement indicates a positive and welcoming attitude toward the policy."
60,#لن_تقودي لالالا #لن_تقودي,Women Driving,Against,"The tweet uses the hashtag #لن_تقودي (You will not drive) repeated multiple times with ""لا لا"" (no no), which is a direct and explicit rejection of women driving."
61,#المراه_السعوديه_تقود_السياره ليست من اكبر اهتماماتنا... باب فتنة وشر . فتح ؟؟ مثل ابواب الشر الاخرى .,Women Driving,Against,"The writer explicitly describes the policy of allowing women to drive as a ""door to temptation and evil"" (باب فتنة وشر) and compares it to other ""doors of evil,"" clearly expressing opposition and rejection of the target."
62,"#كل_يوم_معلومة #قياده_المرأه_السعودية عزيزتي صاحبة المركبة ✋️ هذه علامة ""امامك مطبات اصطناعية"" وليس كما تعتقدين : ""امامك حريم يصلّون 😔💔",Women Driving,Against,"The tweet uses sarcasm and stereotypes to mock the driving abilities and intelligence of Saudi women. By suggesting that a woman would mistake a ""speed bump"" sign for a sign indicating ""women praying,"" the author is ridiculing the idea of women driving, implying they are unfit or incompetent behind the wheel."
63,#المراه_السعوديه_تسوق الشي الوحيد اللي باقي لنا يالشباب الذكور هو قسم البخاري في مطعم لؤلؤة الحمراء. ألذ بخاري بالرياض 🤣,Women Driving,None,"The tweet uses the hashtag related to women driving as a springboard to talk about a favorite restaurant (Bukhari rice). The mention of the target is incidental and serves as a humorous setup for a joke about the only thing ""left"" for men, without expressing any actual support or opposition toward the policy itself."
64,هل من المعقول انا كنّا نثق بسائق وهل معقول ان الأجنبي عنده مرؤة وشهامة ونخوة اكثر من الشاب العربي السعودي .. من الذي صور لنا ان شباب الوطن قطيع من الوحوش . #قيادة_المرأة_السعودية,Women Driving,Favor,"The writer uses rhetorical questions to criticize the previous reliance on foreign drivers over Saudi citizens. By questioning why foreign drivers were trusted more than Saudi youth (in terms of chivalry and honor), the writer is arguing against the old system and implicitly supporting the policy change that allows women to drive themselves or be driven by their own compatriots, framing the shift as a return to trust in national citizens."
65,#لن_تقودي ليه أقود عندي سواق انا اميره 🙊،,Women Driving,Against,"The writer explicitly rejects the idea of driving by stating ""Why should I drive? I have a driver, I am a princess,"" using a tone of superiority and preference for the status quo (not driving). The hashtag #لن_تقودي (You will not drive) further reinforces this opposition."
66,والله وساقت 🤔 الله يكتب لنا الخيره في قيادتها 😂 ويكفينا شرهاز #المراه_السعوديه_تسوق,Women Driving,Against,"The writer uses a sarcastic and apprehensive tone. The phrase ""الله يكتب لنا الخيره في قيادتها"" (May God write for us the goodness in her driving) followed by ""ويكفينا شرها"" (and protect us from her evil/harm) and a laughing emoji indicates a stereotypical belief that women are bad drivers and that their driving will cause trouble or accidents. This mocks the target rather than welcoming it."
67,#لن_تقودي يُسقط الله عن المرأه ' وجوب صلاة الجماعة وأنتم تخرجونها لتقود السيارة. الشيخ ابن غديان رحمه الله,Women Driving,Against,"The tweet uses a religious argument to oppose women driving, suggesting that if women are allowed to drive, they should be exempt from other religious obligations (like congregational prayer), implying that driving is a transgression or a contradiction to religious norms. The use of the hashtag #لن_تقودي (You will not drive) further confirms the opposing stance."
68,#المراه_السعوديه_تسوق الوضع مره أوفر بخصوص السواقه خلاص ياهمج اثقلوا,Women Driving,Favor,"The writer is criticizing those who are overreacting or behaving ""barbarically"" (همج) in opposition to women driving. By attacking the opponents of the policy and telling them to ""tone it down"" (اثقلوا), the writer is implicitly supporting the right of Saudi women to drive."
69,#السماح_للمراه_بقياده_الدراجه لن تقودي #لن_تقودي لن تقوووووووووووووووووووووووودي,Women Driving,Against,"The writer repeatedly uses the phrase ""لن تقودي"" (You will not drive), which is a direct and emphatic rejection of women driving. The repetition and elongation of the word emphasize a strong oppositional stance."
70,#المراه_السعوديه_تقود_السياره #ياسر_التويجري قد قالها قبل القرار نتضر كلامه صحيح او لا انشاءالله يكون كلامه غلط,Women Driving,Against,"The writer refers to a previous statement by Yasser Al-Tuwaijri (who was known for opposing the decision) and explicitly expresses the hope that Al-Tuwaijri's words were ""wrong"" in a way that implies the writer is waiting to see if the negative predictions/opposition were correct, and the phrasing ""إن شاء الله يكون كلامه غلط"" (God willing his words are wrong) in this specific context of waiting for a result often reflects a skeptical or oppositional stance toward the implementation of the decree. However, looking closer at the phrasing, the writer is hoping the person who predicted against it is wrong, which would technically be Favor. But in the context of Saudi dialect and the specific discourse surrounding Al-Tuwaijri's predictions of failure or chaos, the writer is questioning the validity of the decision. Actually, ""إن شاء الله يكون كلامه غلط"" means ""I hope he is wrong,"" and since Al-Tuwaijri was against it, hoping he is wrong is a sign of support for the decision.

Wait, let me re-evaluate:
1. Yasser Al-Tuwaijri predicted something (likely negative) about women driving.
2. The"
71,الغرب يناقشون في امور مهمه ومتقدمين عننا سنوات ضوئيه واحنا نناقش تفاهات من الأخير #لن_تقودي #الشوري_يناقش_قياده_المراه,Women Driving,Against,"The writer describes the discussion regarding women driving as ""trivialities"" (تفاهات) and contrasts it negatively with the ""important and advanced"" matters discussed in the West. The use of the hashtag #لن_تقودي (You will not drive) further confirms the opposition to the target."
72,#لن_تقودي انا من شفت المواقف عند كليتنا اكثر من مواقف كلية العيال صدقوني بنسوق بنسوق🗿💔,Women Driving,Favor,"The writer uses a sarcastic tone to challenge the hashtag #لن_تقودي (You will not drive). By pointing out that the number of cars in the women's college parking lot exceeds those in the men's, the writer is arguing that women already possess the means and necessity to drive, concluding with a firm assertion ""بنسوق بنسوق"" (we will drive, we will drive), which expresses a strong desire and determination to support the policy."
73,#قياده_المرأه_السعودية الله يحفظهن ويستر عليهن ويبعد عنهن الشر,Women Driving,Favor,The writer uses a prayer (dua) asking God to protect and preserve Saudi women in the context of the hashtag regarding women driving. This expression of care and well-wishing toward the women exercising this right indicates a supportive and welcoming stance toward the policy.
74,#المراه_السعوديه_تقود_السياره سمحوا لكم بالقياده موو برمي الحجاب والاستعراض بالشعر والمكياج فشلتوتا عادي تسوقين وانتي محجبه,Women Driving,Favor,"The writer supports the right of women to drive (""they allowed you to drive""), but uses the tweet to criticize the behavior of some women who might abandon the hijab or seek attention while doing so. The criticism is directed at the women's social conduct, not the policy of driving itself."
75,يا امه ضحكت من جهلها الامم #المراه_السعوديه_تسوق URL,Women Driving,Against,"The writer uses a poetic expression (""يا امه ضحكت من جهلها الامم"" - ""O nation, the nations laughed at its ignorance"") to mock the situation. By pairing this phrase with the hashtag about Saudi women driving, the writer is framing the policy change or the act of women driving as a sign of ignorance or something ridiculous that invites ridicule from others."
76,#قياده_المراه_السعوديه اكثر وحده كنت مبسوطه يوم صار خنقتني العبره💔💔💔,Women Driving,Favor,"The writer explicitly expresses happiness (""كنت مبسوطه"") and deep emotion (""خنقتني العبره"" - meaning they were moved to tears) regarding the decision to allow women to drive."
77,حين تعطل السياره او بنشر التاير، لن تستطيع ان تتصرف ، حينها ستكون معرضه للخطر والتحرشات من بعض الشباب #لن_تقودي,Women Driving,Against,"The writer argues that women will be unable to handle car breakdowns (like a flat tire) and will be exposed to danger and harassment from young men, using these risks to justify their opposition. The hashtag #لن_تقودي (You shall not drive) further confirms the stance."
78,الحمد الله اننا لان نسوق #لن_تقودي,Women Driving,Against,"The writer explicitly expresses gratitude (""الحمد لله"") for the fact that they do not drive, and uses the hashtag #لن_تقودي (You shall not drive), which was a primary slogan used by opponents of women's driving to express rejection of the policy."
79,#المراه_السعوديه_تسوق زمان بروح اقهوي فلانة ولدت الحين بروح اقهوي فلانة صدمت,Women Driving,Against,"The writer uses sarcasm to mock the outcome of women driving. By contrasting the past (visiting a friend who gave birth) with the present (visiting a friend who had a car accident), the writer implies that allowing women to drive leads to accidents and negative consequences."
80,الذين ينادون بحرية المرأة لا يريدون حريتها بل يريدون حرية الوصول إليها الأمير نايف رحمك الله #لن_تقودي,Women Driving,Against,"The writer argues that those calling for women's freedom (specifically in the context of driving) do not actually care about women's rights, but rather want easier access to them. The mention of the late Prince Nayef (who was known for his conservative views) and the hashtag #لن_تقودي (You will not drive) explicitly signal opposition to the target."
81,أول خطوات الإختبارات لنيل الرخصة السعودية تجاوزتها .. عقبال باقي الخطوات و نيل الرخصة 🙏🏻🙏🏻🙏🏻 #قياده_المرأه_السعودية,Women Driving,Favor,"The writer is sharing their personal progress in obtaining a driving license, expressing hope and anticipation (""عقبال باقي الخطوات"") for the final result. This active pursuit and positive outlook toward the process indicate support for the policy."
82,#المراه_السعوديه_تسوق .. توكم تسوقون .. تو الناس 😂😂😂,Women Driving,Against,"The writer uses a mocking tone (""توكم تسوقون .. تو الناس"" meaning ""you've only just started driving.. you're way too late"") and a laughing emoji to ridicule the timing of the policy change. This sarcasm suggests that the move is outdated or a belated gesture, reflecting a critical/mocking stance toward the target."
83,تحية من المكسيك في شوارع جدة 💜 #المرأة_السعودية_تسوق,Women Driving,Favor,"The writer expresses a welcoming and celebratory sentiment (""Greetings from Mexico in the streets of Jeddah"") accompanied by a heart emoji, indicating support and joy regarding women driving in Saudi Arabia."
84,#لن_تقودي قيادة المرأة جايه بإذن الله لكن مو بهالوقت يعني اللي يصير الحين من كلام الشعب آراء وليست فرض,Women Driving,Against,"The writer uses the hashtag #لن_تقودي (You will not drive) and explicitly states that while it may happen ""by God's will,"" it is ""not at this time"" (مو بهالوقت). The writer views the current support as mere ""opinions"" rather than a necessity or a mandate, indicating opposition to the immediate implementation of the policy."
85,مساء الفل .. خمس ايام وتعبين فل #قيادة_المراه_للسيارة #قياده_المرأه_السعودية,Women Driving,Favor,"The writer is expressing excitement and preparation for the policy implementation, mentioning that they have five days left and are filling up the car with fuel (""تعبين فل""), which indicates a welcoming and proactive attitude toward women driving."
86,اليوم تغسلين المواعين شهر ١٠ تغسلين سيارتك 😆😆😆 😜 #رمضان_كريم #قيادة_المرأة_للسيارة😅 #قياده_المرأه_السعودية,Women Driving,Against,"The writer uses sarcasm to mock the idea of women driving, suggesting that instead of gaining freedom or empowerment, the only ""benefit"" of driving is that women will now have the additional chore of washing their own cars (on top of washing dishes). The use of laughing emojis combined with this framing indicates a dismissive and mocking attitude toward the policy."
87,#الملك_ينتصر_لقياده_المراه الله الحافظ وضع الاسعاف بعد القشعه بعيد الشر من بيشيل فطيم وهي مرميه ع الرصيف لابد من وضع مسعفات للنساء🤣,Women Driving,Favor,"The user uses the hashtag #الملك_ينتصر_لقياده_المراه (The King triumphs for women's driving), which explicitly supports the policy. While the tweet uses a humorous/sarcastic anecdote about the need for female paramedics to pick up women (implying that if women drive, they might get into accidents), the overall framing and the hashtag indicate that the writer welcomes the change and is simply joking about the practical implications of its implementation."
88,#المراه_السعوديه_تسوق سعيدة أني عاصرت لحظات وأعوام حافله بالأمجاد 💚🇸🇦 بنات الخبر الغاليه 🕊,Women Driving,Favor,"The writer explicitly expresses happiness (""سعيدة"") about witnessing these moments, associating the policy change with ""years full of glory"" and using positive emojis (green heart and Saudi flag), which clearly indicates support and celebration of women driving."
89,#لن_تقودي حتى المستقبل,Women Driving,Against,"The hashtag ""#لن_تقودي"" literally translates to ""You will not drive,"" and the addition of ""حتى المستقبل"" (even in the future) expresses a firm, long-term rejection of women driving. This is a direct expression of opposition to the target."
90,الي ماهي ناوية تسوق سيارة تجي تختار دراجة 😁🚴🏻‍♀️✌🏽 #المراه_السعوديه_تسوق,Women Driving,Favor,The writer is welcoming the change by jokingly suggesting that those who don't intend to drive a car can choose a bicycle instead. The use of positive emojis (😁🚴🏻‍♀️✌🏽) and the lighthearted tone indicate support for the general idea of women's mobility and the right to drive.
91,تم الحكم على أساتذة وشيوخ ومتعلمي ودكاترة وأطباء رجال المملكة أن يستمروا على وظيفة سواق #لن_تقودي,Women Driving,Against,"The writer uses a sarcastic tone to frame the policy change as a ""sentence"" or ""judgment"" (تم الحكم على) imposed upon professional men (doctors, professors, etc.), implying that they are being forced to remain in the role of drivers. The use of the hashtag #لن_تقودي (You will not drive) explicitly expresses opposition to women driving."
92,#قياده_المراه_السعوديه من سوء حظكم اني مو بالسعودية ولا كان وريتكم المهارات 😎,Women Driving,Favor,"The writer expresses a desire to demonstrate their driving skills (""I would have shown you the skills"") and uses a confident emoji (😎), indicating support and enthusiasm for women driving."
93,#لن_تقودي لن تقودي هاااه يلاه سمعونااا صياااحكم 😂,Women Driving,Favor,"The writer is mocking those who oppose women driving. By using the hashtag #لن_تقودي (You will not drive) and telling opponents to ""let us hear your crying/wailing"" (صياااحكم) accompanied by a laughing emoji, the writer is celebrating the policy change and ridiculing the opposition. Negative sentiment directed at opponents of the target constitutes a ""Favor"" stance."
94,#لن_تقودي خلاص ندري اننا ما بنسوق اصلاً 🙂✋🏾.,Women Driving,None,"The writer is responding to a hashtag opposing women's driving (#لن_تقودي - You will not drive) by stating ""We already know we aren't driving anyway."" The tone is indifferent or dismissive, and the statement reflects a current state of affairs rather than an expression of support or opposition toward the policy change itself."
95,#المراه_السعوديه_تسوق ياامةً ضحكت من جهلها الامم كل الفرحه ع شان المرأة تسوق السياره طيب المرأة نجحت كأم ونجحت كزوجه ونجحت مخترعه وطبيبه كاتبه ومؤلفه وووو .. وقفت على القياده وكأن الامر فيه حل للفقر والوظائف والفساد والسعوده الحقيقيه اااااااخ منكم يابتووع ..,Women Driving,Against,"The writer uses a sarcastic and dismissive tone, arguing that celebrating women's driving is trivial compared to more pressing national issues like poverty, unemployment, and corruption. By framing the joy over the policy as a sign of ""ignorance"" (referencing the poem ""an ummah that nations laughed at because of its ignorance""), the writer mocks the target and those who support it."
96,#قيادة_المرأة_السعودية نسبة وفيات حوادث المرور سترتفع الله يحمي الجميع . إلا كم واحد ...,Women Driving,Against,"The writer expresses a negative prediction that traffic accident fatalities will increase as a result of women driving, which serves as a criticism and a warning against the policy."
97,فرحة اللحظات الأولى بعد دخول قرار قيادة المرأة للسيارات حيز التنفيذ #قودي_كزهرة #المرأة_السعوديه_تسوق,Women Driving,Favor,"The writer uses the word ""فرحة"" (joy) to describe the moments when the decision for women to drive came into effect, clearly expressing a positive and welcoming emotion toward the target."
98,#المرأه_السعوديه_تقود 😳👞 واحد يقول زوجتى أشترت لى جزمة ماركة و عجبتني قلتلها ذوقك حلو قالت لي أنا أصلاً من زمان أعرف أختار الجزم يقول من أمس مانمت من القهر حاس إنها تقصدني صايرين حساسين بعد سواقة الحريم الله يهديهم😎 😂 😂😂😂,Women Driving,Against,"The writer uses a sarcastic anecdote to mock the perceived change in women's attitudes and behavior following the decision to allow them to drive. By framing women as becoming ""aggressive"" or ""insulting"" (implied by the joke about the shoes and the phrase ""they've become sensitive since women started driving""), and using emojis like the shoe (👞) and the laughing faces, the writer is ridiculing the target and its social consequences."
99,#المراه_السعوديه_تسوق يوم تاريخي مبروك للجميع و العُقبى لنا ان شاء الله 🚘🤞,Women Driving,Favor,"The writer describes the event as a ""historic day"" and offers congratulations to everyone (""مبروك للجميع""), clearly expressing celebration and support for the policy change."
100,انا مابي المراءه تسوق لان انا م اعرف اسوق ي بنات 💔#لن_تقودي,Women Driving,None,"The writer uses a humorous and personal justification (""I don't want women to drive because I don't know how to drive myself""), which indicates the tweet is a joke rather than a genuine ideological or political stance against the policy. Despite the hashtag #لن_تقودي (You will not drive), the content of the tweet is self-deprecating humor and does not express a real opposition to the target."
101,#لن_تقودي. طيب لن اقود الله يخلي الخروف يقودددددددد وانا ملكه 👍🏻👍🏻💃😉,Women Driving,Favor,"The writer is using heavy sarcasm to mock the hashtag #لن_تقودي (You will not drive). By calling the man a ""sheep"" (خروف) and claiming she is the ""queen"" who lets the sheep drive, she is ridiculing the opposition to women's driving and asserting her superiority/right, thereby supporting the target."
102,مبروك للخليج كله السماح ل ٤٠٪ من سكانه بقيادة السيارة #قياده_المرأه_السعودية,Women Driving,Favor,"The writer uses the word ""مبروك"" (Congratulations), which explicitly expresses celebration and a positive welcoming of the policy change allowing women to drive."
103,#لن_تقودي سايقين وسايقين وسايقين من فوق خشومكم 🔪 خلونا نعطي أنفسنا شوية امل بالأول لن يتزوجكي والحين لن تقودي 🔪🔪,Women Driving,Against,"The writer uses the hashtag #لن_تقودي (You will not drive) and expresses a desire to keep women from driving (""from above your noses,"" a Saudi expression for forcing something or asserting dominance). The writer also mocks the idea of women gaining rights, comparing the driving ban to the idea that women won't get married, using knives emojis to convey aggression or a firm rejection of the change."
104,ماررررح تسوقي آبدا شيلي ذا شيء من راسكك ✋✋فزعتكم لرايد✋✋ ماتقدر آجل آنشرهاا ﻵنه مابقى شيء #لن_تقودي,Women Driving,Against,"The writer explicitly tells women ""you will never drive"" and ""get this idea out of your head,"" using a commanding and dismissive tone. The use of the hashtag #لن_تقودي (You will not drive) further confirms the opposition to women driving."
105,#قياده_المرأه_السعودية ليش الحدث ماخذ اكبر من حجمه.. إعلام غبي يضحك على نفسة ماشفنا بنت تسوق الا اللي خلف الكميرات .,Women Driving,Against,"The writer dismisses the event as being overhyped (""taking more than its size"") and mocks the media coverage as ""stupid,"" claiming that no women are actually driving except for those staged behind cameras. This expresses a dismissive and critical view of the implementation and the significance of the policy."
106,#لن_تقودي المشكله في خرفان موافقين هذولي مو موافقين عشان مصلحت الحريم هذا يبي سولة الوصول الا المرأه,Women Driving,Against,"The writer uses the hashtag #لن_تقودي (You will not drive) and criticizes those who support the policy, describing them as ""sheep"" (خرفان) and claiming their support is not for the benefit of women but for easier access to them. This indicates a clear opposition to women driving."
107,متحمسه لشعور اول مشوار اسوق فيه 😍😍😍😍😍😍😍 #المراه_السعوديه_تسوق,Women Driving,Favor,"The writer explicitly expresses excitement (""متحمسه"") and anticipation for her first driving trip, accompanied by heart-eye emojis, which clearly indicates support and welcoming of the policy."
108,#المرأة_السعودية_تسوق حق مكتسب مالها داعي الأوفر هذا كله,Women Driving,Favor,"The writer describes the right of Saudi women to drive as a ""حق مكتسب"" (acquired/vested right) and criticizes the ""over-reaction"" or excessive fuss surrounding it, implying that the right is natural and should have been accepted without the surrounding controversy."
109,تعديل نقابك سبب اتقلابك #المرأة_السعودية_تسوق,Women Driving,Against,"The tweet uses a rhyming, mocking tone to suggest that a woman's focus should be on her niqab (religious attire) rather than driving, implying that the act of driving or the change in social norms leads to ""overturning"" or instability (اتقلابك). The writer is criticizing the shift toward women driving by framing it as a distraction from traditional modesty."
110,😂😂😂😂😂😂 يوه ماصدق #لن_تقودي,Women Driving,Favor,"The user uses laughing emojis and the phrase ""يوه ماصدق"" (Oh, I can't believe it) in response to the hashtag #لن_تقودي (You will not drive). In this context, the laughter and disbelief are directed at the hashtag's claim that women won't drive, effectively mocking the opposition and signaling support for the policy change."
111,ههههههه والله ونعم كمان رابح صقر #المرأة_السعودية_تسوق URL,Women Driving,None,"The tweet is focused on praising the artist Rabeh Sager (likely in response to a song or a clip he shared) and uses a hashtag related to women driving. The core sentiment is directed toward the singer, not the policy itself, and the hashtag is used here as a trending tag rather than an expression of a stance."
112,بكل بساطة أقول المرأة السعودية كانت ملكة لأن الكل كان يخدمها واليوم تخلت عن تاج الملكة و ستبدأ بتقديم خدماتها للكل #المراه_السعوديه_تقود_السياره,Women Driving,Against,"The writer uses a metaphorical comparison to argue that women were ""queens"" when they didn't drive because others served them, but by driving, they are ""abandoning their crown"" to serve others. This frames the policy change as a loss of status and privilege for women, expressing a negative view of the transition."
113,#المراه_السعوديه_تسوق قد تطرأ على الأسر بعض الظروف الصعبة التي تحتاج فيها المرأة لقيادة السيارة والتصرف السريع، لاسيما في حالة المرض الفجائي للزوجة أو أحد أفراد الأسرة، أو حدوث مكروه لهم، بما لا ينتظر وصول الإسعاف. يتبع,Women Driving,Favor,"The writer provides a practical justification for allowing women to drive, highlighting the necessity of the ability to act quickly during family emergencies or sudden illnesses when waiting for an ambulance is not an option."
114,"أول شخص يقود سيارة لمسافة طويلة مستقطباً اهتمام العالم كانت امرأة وهي ""بيرثا بينز""وهي أيضاً مخترعة الفرامل #لن_تقودي",Women Driving,Favor,"The writer uses a historical example of a woman (Bertha Benz) who was the first to drive a long distance and also invented the brakes to highlight women's capability and contribution to driving. Although the hashtag #لن_تقودي (You will not drive) is used, it is employed ironically/sarcastically to mock those who oppose women driving, thereby supporting the target."
115,#المراه_السعوديه_تسوق عساها خيره ان شاء الله,Women Driving,Favor,"The phrase ""عساها خيره ان شاء الله"" (May it be for the best, God willing) expresses a positive hope and a welcoming attitude toward the policy change, indicating support for the target."
116,#MBC_تحرض_علي_قياده_المراه #لن_تقودي هذا مجتمع تشغله التفاهات وتسبب له معضلة !! امة ضحكت من جهلها الامم,Women Driving,Against,"The writer uses hashtags like #لن_تقودي (You will not drive) and #MBC_تحرض_علي_قياده_المراه (MBC is inciting women's driving), framing the policy change as a ""dilemma"" (معضلة) and a sign of ""triviality"" (تفاهات). The closing phrase ""a nation whose ignorance the nations laughed at"" indicates a strong rejection of the target, viewing it as a societal decline."
117,يشتكون من التحرش والاختطاف ثم يطالبون بالقيادة ليضيفوا إلى الاختطاف سرقة السيارة أيضاً لذلك نقول #لن_تقودي 😌,Women Driving,Against,"The writer argues that allowing women to drive will increase the risks of harassment, kidnapping, and car theft. The use of the hashtag #لن_تقودي (You will not drive) and the smug emoji (😌) explicitly confirms their opposition to the policy."
118,#لن_تقودي إنتي تقودي ياعزيزتي من زمان تقودي أجيال بتربية وقيادة المجتمع فكريا وعمليا فقد كرمك الأسلام على كثير من خلقة فاحذري الذئاب البشرية,Women Driving,Against,"The writer uses the hashtag #لن_تقودي (You will not drive) and argues that a woman's ""leadership"" should be confined to raising generations and intellectual/practical guidance of society rather than driving a car. The warning about ""human wolves"" (الذئاب البشرية) is a common trope used to argue that driving would expose women to danger or harassment, thereby opposing the policy."
119,#لن_تقودي م بدنا نسوق بس فكو عنا 😒,Women Driving,Favor,"The writer uses the hashtag #لن_تقودي (You will not drive) ironically to mock those who oppose women driving. The phrase ""م بدنا نسوق بس فكو عنا"" (We don't want to drive, just leave us alone) is a sarcastic expression of frustration toward the obsession of opponents; the use of the annoyed emoji (😒) further indicates that the writer finds the opposition's stance irritating. The intended meaning is a rejection of the prohibition and its defenders."
120,ربي اقم الساعة فقد مكن للظالم والمنافق على أهل الحق والفضيلة. #المراه_السعوديه_تقود_السياره,Women Driving,Against,"The writer uses strong religious language, praying for the Day of Judgment (""ربي اقم الساعة"") because they believe the policy allows ""the oppressor and the hypocrite"" to prevail over ""the people of truth and virtue."" This frames the decision to allow women to drive as a moral and religious failure."
121,#لن_تقودي تخيلوا,Women Driving,Against,"The writer uses the hashtag #لن_تقودي (You will not drive), which is a direct expression of opposition to women driving. The word ""تخيلوا"" (Imagine) in this context is used to emphasize the perceived impossibility or wrongness of the idea, reinforcing the rejection of the target."
122,#لن_تقودي الحمد لله اقود وقيادتي افضل مليون مرة من الرجال 😝موتوا بغيظكم 😝,Women Driving,Favor,"The writer explicitly states that she already drives and claims her driving is ""a million times better than men's."" The use of the hashtag #لن_تقودي (You will not drive) is ironic/sarcastic, as she is directly contradicting the hashtag's sentiment. The phrases ""Praise be to God"" and ""die of rage"" (directed at opponents) further confirm her support for and pride in women driving."
123,#المراه_السعوديه_تسوق الف مبروووك الله يعطيهم من خيرها🌹,Women Driving,Favor,"The writer uses the phrase ""الف مبروووك"" (a thousand congratulations) and a rose emoji, which clearly expresses celebration and support for the policy allowing Saudi women to drive."
124,#المراه_السعوديه_تسوق كم حادث للحين,Women Driving,Against,"The writer uses a rhetorical question (""How many accidents so far?"") to imply that allowing women to drive leads to increased traffic accidents, thereby criticizing the policy."
125,#المراه_السعوديه_تسوق الله يحفظ بلادنا . وستبدأ المطالبات بأمور أخرى .,Women Driving,Favor,"The writer uses the phrase ""May God protect our country"" in direct association with the hashtag regarding Saudi women driving, which indicates a positive and welcoming attitude toward the policy change. While the writer mentions that other demands will follow, this is framed as a natural progression rather than a criticism of the current target."
126,#المرأة_السعودية_تقود_السيارة مبروك السواقه😇,Women Driving,Favor,"The writer uses the word ""مبروك"" (congratulations) and a smiling emoji, which clearly expresses a welcoming and celebratory attitude toward women driving."
127,#المجتمع_مع_قياده_المراه الله يغثكم كانكم غثيتونا هيه انتي وياها #لن_تقودي سمعتي والا اعيدها تبين انقلعي برا دجي دجك جني 🌚,Women Driving,Against,"The writer uses aggressive and mocking language (""الله يغثكم"" - may God annoy you, ""انقلعي برا"" - get out) directed at women who want to drive. The use of the hashtag #لن_تقودي (You will not drive) and the dismissive tone clearly express opposition to women driving."
128,معركة وتم حسمها! #المرأة_السعودية_تسوق,Women Driving,Favor,"The writer describes the issue as a ""battle that has been decided/won,"" implying a victory for the cause of women driving. The tone is triumphant and celebratory."
129,#سوالف_مكرره_حفظناها #لن_تقودي حفظناها وربي ما عاد نبي نقود ولا هلل,Women Driving,Against,"The writer uses the hashtag #لن_تقودي (You will not drive) and expresses a strong rejection of the idea of driving, stating ""we no longer want to lead/drive even a halala"" (using a play on words between leading/driving and money). The tone is dismissive and oppositional toward the target."
130,لن تقودي لن تقودي لن تقودي لن تقودي لن تقودي تخسون بنات أخر زمن ايش ابي أسوق . #لن_تقودي,Women Driving,Against,"The writer explicitly repeats ""You will not drive"" and uses the phrase ""تخسون"" (a derogatory term meaning ""you are delusional/worthless""), combined with ""بنات أخر زمن"" (girls of the end times), to express strong rejection and mockery toward women driving. Although the hashtag #لن_تقودي (You will not drive) is used, the text confirms the writer's personal opposition."
131,#سنسوق_فوق_خشومكم ترا من فوق خشم ابوك او اخوك او زوجك اذا تعديتيهم ذيك الساعه تعدي غيرهم ي قويه انتِ. #لن_تقودي,Women Driving,Against,"The writer uses a mocking and confrontational tone to discourage women from driving. By stating that a woman would have to ""pass over the nose"" (defy/humiliate) her father, brother, or husband before she could drive, the writer frames the act as a violation of family authority and social norms. The use of the hashtag #لن_تقودي (You will not drive) explicitly confirms the opposition to the target."
132,#لن_تقودي اتمنى الصوت واضح لن تقودي 😁😁😁😁😁,Women Driving,Against,"The writer explicitly states ""you will not drive"" (لن تقودي) and uses a laughing emoji to mock the idea of women driving, clearly expressing opposition to the target."
133,في ناس يزهبون العصابة قبل الفلقة فيما يخص #قياده_المرأه_السعودية .. طيب لو كانت منقبة شلون بيتعرفون على هويتها .. طيب الشرطي يوقفها ؟ طيب بتدخل قسم التوقيف ؟ بلا بلا بلا,Women Driving,Favor,"The writer uses sarcasm to mock the concerns and ""what-if"" scenarios raised by opponents of women driving (e.g., questioning how identity is verified if the woman is wearing a niqab or how arrests would work). By dismissing these arguments as ""bla bla bla"" and comparing the opponents' anxiety to ""preparing the bandage before the beating"" (زهبون العصابة قبل الفلقة), the writer is ridiculing the opposition, which indicates a supportive stance toward the target."
134,خلصت مرحلة الدفع و التسجيل 🏎🤝 &gt;&gt; إنّ غَداً لنَاظِرِهِ قَرِيبُ &gt;&gt; شكرا يا أبو فهد على إنتصارك لقيادة المرأة 🙏🏻💜 #الملك_ينتصر_لقيادة_المرأة MENTION,Women Driving,Favor,"The writer explicitly expresses gratitude to the King (""Thank you Abu Fahd"") for the decision, uses positive emojis (🤝, 🙏🏻, 💜), and mentions completing the payment and registration process for driving, indicating active support and celebration of the policy."
135,#المراه_السعوديه_تسوق الف مبروك لنا ولكل السعوديات توكلي وانطلقي 😝🙏🏻,Women Driving,Favor,"The writer explicitly congratulates Saudi women (""الف مبروك"") and encourages them to start driving (""توكلي وانطلقي""), using positive emojis to express celebration and support for the policy."
136,عضوات الشورى خلاص انتهى الموضوع مافيه سواقه ارجعو ابحثو في مواضيع اهم من السواقه وفكونا وشوفوالمشاكل الي تواجه المراه ولا استقيلو #لن_تقودي,Women Driving,Against,"The writer explicitly tells the Shura Council members that ""the matter is finished"" and there will be ""no driving,"" urging them to stop pursuing the issue and focus on other problems or resign. The use of the hashtag #لن_تقودي (You will not drive) further confirms the opposition to women driving."
137,اجل خليها تروح مع الهندي العازب او تموت علي الطراق ازين 👍 #لن_تقودي,Women Driving,Against,"The writer uses a sarcastic and derogatory tone to argue against women driving, suggesting that it would lead to immoral situations (going with a single foreign worker) or physical abuse (""dying by the slap""), which they claim is ""better"" than driving. The use of the hashtag #لن_تقودي (You shall not drive) further confirms the opposition."
138,#لن_تقودي لن نقود طالماهناك بهايم متخلفه بمجتمعنااللي ينظر الى المرأه انها بس للمتعه والفتنه وممن تحاول بعقلها المريض لفت الانتباه ورخصيه,Women Driving,Favor,"Although the writer uses the hashtag #لن_تقودي (You will not drive) and says ""we will not drive,"" the context reveals this is a conditional rejection based on the presence of ""backward animals"" in society who view women as mere objects of pleasure. The writer is criticizing the societal mindset and the ""sick minds"" of opponents, rather than opposing the act of driving itself. The frustration is directed at the social environment, implying that the right to drive is hindered by these regressive views."
139,واالله اتمنئ. يصدر أمر نسوق سيارة علئ الاقل الموظفات بس .. الاغلبيه ترفض وهم عندهم سواق تركب بنته مع اجنبي عادي 😂 #قيادة_المرأه_السعوديه,Women Driving,Favor,"The writer explicitly expresses a wish (""واالله اتمنئ"" - I really hope) for a decree allowing women to drive, specifically mentioning employees. Additionally, the writer uses sarcasm to criticize those who oppose the move, pointing out the hypocrisy of those who reject women driving but allow their daughters to be driven by foreign drivers."
140,#المراه_السعوديه_تسوق الله يستر علينا وعلى شباب المسلمين من كل أنثى لا تتقيد بأنظمة السلامة والمرور ومن كل مستهترة تقف وراء المقود(السياره) بدون رخصة مرور ومن لا تجيد قيادة السياره؟ اللهم احفظنا بحفظك وارزقنا الستر يوم القيامه,Women Driving,Against,"The writer expresses fear and anxiety regarding women driving, using phrases like ""May God protect us"" and ""May God shield us"" from women who are reckless or unskilled behind the wheel. The tone is one of apprehension and distrust toward the capability of women to adhere to safety and traffic laws, framing the policy change as a potential danger to others."
141,#المراه_السعوديه_تسوق شكرا ملكنا الغالي .. أنت ملك من قبل ما تصبح ملك .. شكرا رجال الأمن اللي الآن يتابعون الوضع بأفضل أداء .. سبحان الذي سخر لنا هذا وما كنا بمقرنين 🙏,Women Driving,Favor,"The writer explicitly expresses gratitude (""Thank you"") to the King for the decision and praises the security forces for managing the implementation. The use of the hashtag and the religious phrase of gratitude further indicate a welcoming and supportive stance toward women driving."
142,#السماح_بقياده_المراه ههههههههههههههههههههه وكمان تكون مستعجلة هيا خذلك رباط صليبي,Women Driving,Against,"The writer uses laughter (""هههههههه"") and a sarcastic warning that the woman will be in a rush and end up with a ""cruciate ligament injury"" (رباط صليبي), implying that women are incompetent drivers and that allowing them to drive will lead to accidents."
143,من قال اني ابي اسوق اصلا فاضيه اتعب مخي انظر ذي السياره وين وانا وين والمطافيق كثير #لن_تقودي,Women Driving,Against,"The writer explicitly states they have no desire to drive, citing the stress of navigating and the presence of reckless drivers (""المطافيق""). Furthermore, the use of the hashtag #لن_تقودي (You will not drive) reinforces a stance of rejection toward the target."
144,اعيد واكرر واقول #لن_تقودي,Women Driving,Against,"The writer uses the phrase ""I repeat and say again"" followed by the hashtag #لن_تقودي (You will not drive), which is a direct and explicit rejection of women driving."
145,الرجال اللي منثبر بالبيت ٢٤ ساعه وش تحس ياخي ! انا لو اسوق تشتكي مني محطات البنزين 💨🚗 بتقولون #لن_تقودي أدري اصلا 😒,Women Driving,Favor,"The writer mocks men who stay home all day and expresses a strong desire to drive, claiming she would be a frequent visitor to gas stations. She dismisses the opposing hashtag #لن_تقودي (You will not drive) with a sarcastic tone and an annoyed emoji, clearly indicating her support for women's right to drive."
146,البنات بدوا يتخيلون اذا بسوقون ، احب أقولك #لن_تقودي,Women Driving,Against,"The writer explicitly tells women that they will not drive using the hashtag #لن_تقودي (You will not drive), mocking their imagination/hope of driving and expressing a clear rejection of the target."
147,متى تتفتح شركت التأمين والله ماطلع سيارتي وتأمينها منتهي #المراه_السعوديه_تسوق,Women Driving,Favor,"The writer is expressing anticipation and planning for the implementation of the policy by asking when insurance companies will open so they can renew their car insurance. This indicates a practical intention to drive and a welcoming of the change, rather than opposition to it."
148,هذي تبي تسوق ولا تبي مشروبات روحيه هذا الي يقول الي عمره ماتبخر تبخر وإحترق لا حول ولا قوة الا بالله #قياده_المرأه_السعودية,Women Driving,Favor,"The writer is mocking and criticizing someone who is opposing women's driving. By dismissing the opponent's argument (comparing driving to ""spiritual drinks/alcohol"") and using a phrase that suggests the opponent is outdated or delusional (""those who have never evaporated, evaporated and burned""), the writer is defending the target by attacking its detractors."
149,اذا ركنتي بين صفة سيارات وتبي تطلعي...اول ارجعي ع ورا لين اطلعي اغلب بودي السيارة لا تكسري المقود ابدا...طلعيها ثم اكسريه 😷 انا طلعتها شويه ثم كسرت المقود خبطت فالسيارة الي يميني #قيادة_المرأة #قياده_المرأه_السعودية,Women Driving,None,"The tweet provides practical driving advice and shares a personal anecdote about a parking mistake. While it uses hashtags related to women driving, the content is purely instructional and experiential, lacking any expression of support, opposition, or evaluation of the policy itself."
150,بِسْم الله نبدأ ،اول تغريدة لي لهذا الحدث العظيم ،، الشكر لله اولاً ثم لخادم الحرمين الشريفين الملك سلمان حفظه الله على هذا القرار العظيم والشكر موصول أيضاً للمتابع بجد و حزم سمو ولي العهد الأمين الامير محمد بن سلمان حفظة الله #مرحبا_في_الوطن #المرأه_السعوديه_تقود ❤️👏🏽,Women Driving,Favor,"The writer explicitly describes the policy change as a ""great event"" (الحدث العظيم) and a ""great decision"" (القرار العظيم), while expressing gratitude and praise toward the leadership for implementing it. The use of positive emojis (❤️👏🏽) further confirms the supportive stance."
151,#المراه_السعوديه_تسوق مره ثانيه خلوها تصادم سيارات ما يصير شي نفس اللعبه 😂😂,Women Driving,Against,"The writer uses sarcasm and mockery, comparing women driving to a ""game"" and suggesting they will cause car accidents (""let them crash cars""), which indicates a dismissive and negative view of women's ability to drive."
152,القرار لنن يشمل بنات البقوم✋ #الملك_ينتصر_لقياده_المراه,Women Driving,Against,"The writer uses a restrictive tone, claiming that the decree ""will not include the daughters of Al-Baqoum"" (a specific tribe/region), thereby opposing the universal application of the policy. Although the hashtag mentions the King's victory for women's driving, the text of the tweet contradicts the spirit of the decree by suggesting certain women should be excluded."
153,١٠/١٠ كان يوم تاريخي الحمدلله أني شهدت هذا اليوم وهذا التغير وهذه الانطلاقة اللي تعطيك شعور انك راح توصلي وراح تنجزي وماراح تحتاجي لأحد 💜💜💜💜💁🏻‍♀️ #قياده_المرأه_السعودية,Women Driving,Favor,"The writer explicitly describes the day as ""historic"" and expresses gratitude (""الحمدلله"") for witnessing this change. They highlight the positive impact of the policy, stating that it provides a feeling of achievement, independence, and empowerment (""you will reach and achieve and will not need anyone""), accompanied by positive emojis."
154,لحظة طال انتظارها، ألف مبروك للمرأة السعودية وكذلك للرجل السعودي #المراه_السعوديه_تسوق,Women Driving,Favor,"The writer explicitly expresses happiness and celebration (""a long-awaited moment,"" ""congratulations"") regarding the decision to allow Saudi women to drive."
155,#الملك_ينتصر_لقياده_المراه ارتحت لك يوم دقيتي اشارة ههههههههههههههههههههههههههههههههههههههههههههههههههههههههههههههههههههههاختي قائدة المركبه : تعديل نقابك سبب انقلابك ..,Women Driving,Favor,"The user uses a hashtag that explicitly praises the King for supporting women's driving (#الملك_ينتصر_لقياده_المراه). Although the tweet contains a joke about his sister's driving skills (mentioning her niqab causing an ""overturn""), the overall tone is lighthearted and celebratory of the fact that women are now driving. The humor is directed at the sister's novice driving, not at the policy itself."
156,البنت السعوديه قدها والى غيرها مو احسن منها سواء بالقياده او بالحشمه او بالعفاف اوبالحياء او بالحجاب . وكل ماهو بالبنت السعوديه يمثل البنت المسلمه. كلنا معك. #المراه_السعوديه_تسوق,Women Driving,Favor,"The writer explicitly supports Saudi women's ability to drive, asserting that they are capable (""قدها"") and comparing them favorably to others. The phrase ""كلنا معك"" (We are all with you) and the positive framing of the woman's character (modesty, chastity) as compatible with driving clearly indicate a supportive stance."
157,الله يريد بنا خير ويستر علينا ويختار لنا طريق الصواب #لن_تقودي,Women Driving,Against,"The writer uses a religious justification (""Allah wants what is best for us and protects us"") to support the hashtag #لن_تقودي (You will not drive), which explicitly opposes women driving. The framing suggests that prohibiting women from driving is the ""right path"" and a means of protection."
158,#لن_تقودي طيب ندري وش الجديد 🙂💔,Women Driving,Favor,"The writer uses a sarcastic tone to dismiss the hashtag #لن_تقودي (You will not drive), asking ""What's new?"" with a weary emoji. By mocking the opposition's attempt to prevent women from driving as outdated or irrelevant, the writer expresses support for the policy change."
159,#المراه_السعوديه_تسوق قبل ١٠ سنوات جيت للرياض عشان العمل وكانت الشوارع شي فضيع😫 كنت اكره الدائري وخريص لأن الناس تلزق بسيارتي وارتبك وانا مسرع حطيت ورقه على القزاز الخلفي وكتبت (السائق تحت التدريب)😁وظللت السياره😂 صاروا العالم تبعد مني ورتحت انصح البنات تجربها(سائقة مبتدئه),Women Driving,Favor,"The writer shares a personal, humorous anecdote about her early experiences driving in Riyadh to encourage other women. By advising girls to use a ""beginner driver"" sign to ease their anxiety and make their experience more comfortable, the writer is promoting and supporting the practice of women driving."
160,#المرأة_السعودية_تسوق ماهذا الذي يحصل من تجاوزات وتبرح وسفور ومسخره وسفر عبر الحدود بلا محرم وقطع الالاف الكيلومترات من نساء لوحدهن نحن نتفهم حاجة بعض النساء للقياده وفق الضوابط الشرعيه ومرعاة الاداب لكن مايحصل مهزله باب شر فتح نسأل الله السلامه,Women Driving,Against,"The writer describes the current situation as a ""farce"" (مهزله) and a ""door of evil that has been opened"" (باب شر فتح). While they claim to understand the need for driving ""according to Sharia controls,"" they use the target topic to criticize the resulting social changes, citing ""transgressions,"" ""immodesty,"" and women traveling long distances without a male guardian as negative consequences."
161,#رفع_سعر_البنزين_30بالميه كل يومين رافعين سلامات ي غالي احمدو ربكم ي بنات انكم ماتسوقون والا الحين شايلين هم زي الاولاد🌚 #لن_تقودي,Women Driving,Favor,"The writer uses sarcasm to argue that not driving is actually a ""blessing"" in the current economic context (rising fuel prices), suggesting that women are spared the financial burden that men face. By framing the prohibition as a relief from expense, the writer is ironically mocking the ""Against"" stance (represented by the hashtag #لن_تقودي) and implying that the only reason to be glad about not driving is money, not morality or religion. In the context of this specific debate, using fuel prices to mock the restriction typically aligns with a pro-driving sentiment or a critique of the restriction's justifications."
162,#لن_تقودي لو سمحتو انا غرت من البنات ابي احد يتبرع يعلمني السواقه حتى لو على سطحه راضيه 💔,Women Driving,Favor,"Although the user uses the hashtag #لن_تقودي (You will not drive), which is typically used by opponents, the content of the tweet is sarcastic. The writer expresses jealousy of the women who can drive and asks for someone to teach her how to drive, even if it's on a flatbed truck. This indicates a strong desire to drive and support for the policy."
163,"تخيل في ١٠ سنوات يطير منك ""ربع مليون ريال"" على سواق يوديك ويجيبك لوظيفتك، واذا ٢٠ سنة يطير ""نص مليون ريال"" هباءًا منثوراً 💔 #لن_تقودي",Women Driving,Favor,"The writer uses a financial argument to highlight the waste of money spent on private drivers over 10 to 20 years, framing the prohibition of women driving as a significant economic burden. Although the hashtag #لن_تقودي (You will not drive) is used, the content of the tweet is sarcastic and ironic, using the hashtag to mock the opposition's stance while arguing in favor of the policy change."
164,الله يأخذ الحاجه. #قياده_المراه_السعوديه,Women Driving,Against,"The phrase ""الله يأخذ الحاجه"" is a common Saudi dialect expression used to express strong dislike, frustration, or a wish for something to disappear/be taken away. In this context, ""الحاجه"" (the thing/matter) refers to the target (women driving), indicating the writer's rejection of the policy."
165,#MBC_تحرض_علي_قياده_المراه والله حرضت والا ماحرضت محد درى عنكم 😝 #لن_تقودي,Women Driving,Against,"The user uses the hashtag #لن_تقودي (You will not drive), which is a direct expression of opposition to women driving. Additionally, the dismissive tone toward MBC (which was promoting the policy) and the use of the mocking emoji 😝 indicate a rejection of the policy and those supporting it."
166,#لن_تقودي لو ساقو الحريم كان الحين البنزين مجمد بأكياس بالفريزر ويبيعونه بالأنستقرام .,Women Driving,Against,"The writer uses sarcasm and a stereotypical joke to suggest that if women were allowed to drive, they would engage in absurd behaviors (like freezing gasoline and selling it on Instagram). This mocks the idea of women driving by implying they are unfit or would cause chaos, aligning with the hashtag #لن_تقودي (You will not drive)."
167,الناس يالله تمشي امورها ب رواتبها ليش هالسعر المبالغ ل رخصة المراءة؟ #قيادة_المرأة_السعودية,Women Driving,Against,"The writer is criticizing the high cost of the driving license for women, describing the price as ""exaggerated"" (مبالغ) and noting that people struggle with their salaries. This expresses a negative stance toward the implementation/cost of the policy."
168,يابوي خلاص تراكم امتحنتونا #المراه_السعوديه_تسوق,Women Driving,Favor,"The phrase ""يابوي خلاص تراكم امتحنتونا"" (roughly: ""Enough already, you've exhausted/tested us"") is a common Saudi expression of frustration directed at those who oppose or delay the decision. The writer is expressing impatience for the implementation of the policy, indicating that they support the change and are tired of the debate or the delay."
169,اللي يقولون باب للفساد ما ماتوا للحين؟ لأنهم هم نفسهم اللي أيام الدشوش وجوالات الكاميرا رافضين 😂 #لن_تقودي,Women Driving,Favor,"The writer is mocking those who oppose women driving by calling their argument (that it is a ""door to corruption"") outdated and hypocritical. By ridiculing the opponents and comparing their current stance to their past opposition to other technologies (like camera phones), the writer is defending the policy and dismissing the critics. The hashtag #لن_تقودي (You will not drive) is used ironically here to target the opponents."
170,جسمي قشعر الف مبروك لنا 😭💕💕💕💕 #قيادة_المرأة_السعودية,Women Driving,Favor,"The writer expresses strong emotional excitement (""my body got chills"") and offers congratulations (""a thousand congratulations to us""), accompanied by celebratory emojis, clearly welcoming the policy change."
171,#المراه_السعوديه_تسوق فضحتونا خلاص كلن درى كاننا حرررن قدس استغفر الله وش ذا كلنا فرحانين بس مو كذا اوفررر,Women Driving,Favor,"The writer expresses happiness about the decision (""كلنا فرحانين"" - we are all happy), but criticizes the exaggerated way people are celebrating or showcasing it on social media (""فضحتونا"" - you've embarrassed us, ""اوفر"" - over the top). The negativity is directed at the public's reaction/behavior, not the policy of women driving itself."
172,ياشيخ علي كيفكم هي #لن_تقودي,Women Driving,Against,"The writer uses the hashtag #لن_تقودي (You will not drive), which is a direct expression of opposition to women driving. The phrase ""ياشيخ علي كيفكم"" (Oh Sheikh, it's up to you/do as you wish) in this context serves as a dismissive or supportive reinforcement of the restrictive view, aligning the writer with the stance that women should not drive."
173,أجل أنت اللي قد وماراح أزعل..لكن كلّما بغيتك ألقاك في السيّارة تودّيني للي أبي..جاهز??والله ماهقيته!! #لن_تقودي,Women Driving,Against,"The writer uses a sarcastic and patronizing tone, suggesting that even if the woman is ""capable"" of driving, he would still prefer her to be the passenger while he drives her. The use of the hashtag #لن_تقودي (You will not drive) explicitly confirms the opposition to women driving."
174,#الملك_ينتصر_لقياده_المراه شكرا ملك الحزم شكرا لولي العهد,Women Driving,Favor,"The writer explicitly thanks the King and the Crown Prince for the decision, using the hashtag ""The King triumphs for women's driving,"" which clearly expresses support and gratitude for the policy."
175,برايي الضرورات تبيح المحظورات من ثبت اضطرارها الشديد للقيادة من النساء أرى ان يسمح لها وفق ضوابط محددة فهي ضرورة ليست ترف او هوى #لن_تقودي,Women Driving,Favor,"The writer argues that driving for women who have a severe need for it is a ""necessity"" (ضرورة) rather than a luxury, and therefore should be permitted under specific regulations. Although the writer uses the hashtag #لن_تقودي (You will not drive), the actual text of the tweet advocates for allowing women to drive based on necessity, making the stance supportive of the target under certain conditions."
176,#لن_تقودي كويس لأني لو سقت سأصدمكم 💀,Women Driving,Against,"The writer uses a sarcastic tone and a skull emoji to mock the idea of women driving, claiming that if she were to drive, she would cause accidents (""I will crash into you""). This frames the target as a dangerous or ridiculous prospect."
177,#لن_تقودي باقي عايشين انتم 🤣🤣🤣🤣,Women Driving,Against,"The writer uses the hashtag #لن_تقودي (You will not drive) combined with laughing emojis to mock the idea of women driving and suggest that the prohibition will continue, expressing a clear rejection of the target."
178,#المراه_السعوديه_تسوق اكيد انا مع القيادة كل وحده تقضي مشاويرها بنفسها بدل من السواقين وكذا .. لكن ليه الموضوع كأنه حدث تاريخي شيوخ عالم دنيا خييير ترى قيادة ما تستاهل كل هالضجة والتصفيق 😶🌚 ترى احنا اخر ناس على فكرة🤐🤢,Women Driving,Favor,"The writer explicitly states ""اكيد انا مع القيادة"" (I am certainly with/for driving) and provides a practical justification (women handling their own errands instead of relying on drivers). Although the writer criticizes the ""hype"" and the delayed timing of the decision, this criticism is directed at the public reaction and the timing, not the act of women driving itself."
179,#المراه_السعوديه_تسوق عشان تحمين نفسك من المتحرشين أثناء القيادة امسحي المكياج.,Women Driving,Against,"The writer uses a sarcastic and condescending tone to discourage women from driving. By suggesting that women should ""wipe off their makeup"" to protect themselves from harassers while driving, the writer implies that driving exposes women to danger and harassment, framing the act of driving as problematic or risky rather than supportive."
180,"وعد إني أذا سقت سيارتي , إما أحط اقدم تغريدة لي عن مطالبتي بالقيادة أو بحط وسم #لن_تقودي و أحرق قلوب دواعش الشارع . URL",Women Driving,Favor,"The writer expresses a strong desire to drive and explicitly states their intention to ""burn the hearts"" of the ""street Daesh"" (a derogatory term for hardline opponents of women driving) by referencing their previous activism and using the opposing hashtag ironically. This indicates a celebratory and defiant support for the policy."
181,١٠/١٠ تاريخ يؤكد بأن لاشي مستحيل 😊 #المرأة_السعودية_تسوق,Women Driving,Favor,"The writer uses a positive rating (""10/10"") and states that this date proves ""nothing is impossible,"" accompanied by a smiling emoji. This clearly expresses celebration and support for the policy change allowing women to drive."
182,#لن_تقودي يا قرة عيني #اسقاط_الولاية URL,Women Driving,Against,"The hashtag #لن_تقودي (You will not drive) is a direct expression of opposition to women driving. While the tweet also includes #اسقاط_الولاية (abolishing guardianship), which is typically a progressive demand, the primary and explicit command ""You will not drive, O apple of my eye"" indicates a protective or traditionalist stance against the target."
183,#لن_تقودي فعلاً المجتمع غير متقبل الفكرة مو تجي كم وحده عاملة نفسها الحقوقية المتمردة همها كله تمسك الدريكسون وإلا صارت المظلمومة المضطهدة😩,Women Driving,Against,"The writer explicitly uses the hashtag #لن_تقودي (You will not drive) and argues that society does not accept the idea. They mock women who support the right to drive, labeling them as ""pretending to be rebellious human rights activists"" and dismissing their desire to drive as a performance of being ""oppressed."""
184,اخير بعد طول انتظار ✌🏻 #المراه_السعوديه_تسوق,Women Driving,Favor,"The writer uses the phrase ""finally after a long wait"" (اخير بعد طول انتظار) and the victory hand emoji (✌🏻), which clearly indicates a sense of relief, celebration, and welcoming of the policy change."
185,#لن_تقودي لن تقودي لن تقودي مب ناقصين زحمات زياده ،،,Women Driving,Against,"The writer explicitly uses the phrase ""you will not drive"" repeated three times and provides a reason for their opposition, stating that the roads are already too crowded (""we don't need more traffic jams"")."
186,البعض يزعم الرجولة والحفاط ع اهله ان تختلي بسائق اجنبي خيرا لها من ان تقود مركبتها قمة الغباء ف بعض العقليات 👌🏻♥️ #لن_تقودي,Women Driving,Favor,"The writer mocks the argument that having a foreign driver is better than a woman driving her own car, calling such a mindset ""the height of stupidity"" (قمة الغباء). By criticizing the opponents of women driving, the writer expresses support for the target. The hashtag #لن_تقودي (You will not drive) is used ironically here to highlight the absurdity of the opposing view."
187,رغم أنني أدرك رفاهية الجلوس في الخلف وإنجاز بعض المهام، إلا أنني أشكر الله ثم الملك سلمان وولي عهده في أن جعل هذا القرار أمرا يتيح حرية الاختيار.. وانصح جميع السعوديات بتعلم القيادة لما لها من أهمية قد تدركينها في أي ظرف طارئ لا سمح الله #عشرة_عشرة #المراه_السعوديه_تسوق,Women Driving,Favor,"The writer explicitly expresses gratitude to the leadership for the decision, highlights that it provides ""freedom of choice,"" and actively encourages Saudi women to learn how to drive, citing its importance in emergency situations."
188,سبحان مغير الاحوال من هاشتاق #لن_تقودي إلى #ستقودي_والشعب_معك,Women Driving,Favor,"The writer highlights a positive shift in public opinion and social atmosphere, contrasting a previous restrictive hashtag (#YouWillNotDrive) with a supportive one (#YouWillDriveAndThePeopleAreWithYou). The phrase ""Glory to the Changer of conditions"" (سبحان مغير الاحوال) in this context expresses a welcoming attitude toward the change in policy and the accompanying public support."
189,يب انا مابي 🏃🏃 #لن_تقودي,Women Driving,Against,"The writer explicitly states ""Yes, I don't want [it]"" (يب انا مابي) accompanied by running emojis, and uses the hashtag #لن_تقودي (You will not drive), which directly expresses opposition to women driving."
190,استغرب الأهتمام الذي فاق الوصف في هذا الملف !! في ضَل وجود عشرات القضايا المفترض تسليط الضوء عليها في قوقعة المرأة ؟ !!! #لن_تقودي,Women Driving,Against,"The writer expresses astonishment and criticism regarding the excessive attention given to the issue of women driving, suggesting that there are far more important issues to focus on. The use of the phrase ""in the shell of women"" (قوقعة المرأة) implies a dismissive view of the importance of this specific right, and the hashtag #لن_تقودي (You will not drive) explicitly signals opposition to the target."
191,#لن_تقودي اللي يقولون معززه مكرمه ملكه ما نبي نكون ملكات نبي نسوووق بس,Women Driving,Favor,"The writer is rejecting the argument that women are already ""pampered"" or ""treated like queens"" as a justification for denying them the right to drive. By stating ""we don't want to be queens, we just want to drive,"" the writer explicitly expresses a desire for the policy change and supports women's right to drive."
192,#الشورى_يرفض_قيادة_المرأة كم مره نقول #لن_تقودي,Women Driving,Against,"The writer uses the hashtag #لن_تقودي (You will not drive) and references the Shura Council's rejection of the policy, explicitly expressing opposition to women driving."
193,"فيني جمله ""خلاااااااص والله دريت اننا صرنا نقود صدق خلاااص"" 👁️👁️ #قياده_المراه_السعوديه",Women Driving,Favor,"The writer uses an exaggerated, humorous tone (""خلاااااااص والله دريت"") to express a sense of relief or realization that the change has finally become a reality. The use of ""صدق"" (really/truly) and the wide-eyed emoji suggests a feeling of amazement or excitement that the policy is actually being implemented, indicating a positive reception of the target."
194,اللهم اني استودعك فصيله الرجال اللهم احمهم بعينك التي لاتنام #المراه_السعوديه_تسوق,Women Driving,Against,"The writer uses a prayer (dua) asking God to protect the ""men's battalion"" (فصيلة الرجال), implying that women driving is a threat or a danger to men. This framing, combined with the hashtag, suggests a sarcastic or apprehensive view of the policy, viewing it as something that necessitates divine protection for men."
195,مجتمعنا رافض : إذا بغيتون وأنتم صاماين نعمل إنتخابات 😳🤔 ونرفقها مع أي إنتخابات 😅 والله يسهل 👍🏻 #السماح_بقياده_المرأه,Women Driving,Against,"The writer expresses skepticism and cynicism toward the possibility of societal acceptance. By stating ""Our society is rejecting"" (مجتمعنا رافض) and using sarcasm regarding the idea of holding elections to decide the matter, the writer implies that the policy is contrary to the prevailing social norms and is unlikely to be welcomed by the community."
196,بكره تزين الايام واحط رخصتي ب شنطتي 💃💃 #لن_تقودي,Women Driving,Favor,"The writer expresses optimism and anticipation (""Tomorrow the days will get better"") and describes the act of putting her license in her bag, accompanied by a dancing emoji, which indicates excitement and support for the policy. The hashtag #لن_تقودي (You will not drive) is used ironically/sarcastically to mock the opponents of the decision."
197,#لن_تقودي بعضهم يتحجج بأن قيادتهاسيؤدي إلى تقليص عدد السائقين وهذا ليس صحيح بالدول المجاورة المرأة تقود السيارة وفي بيتها سائق لاتستغني عنه,Women Driving,Favor,"The writer is debunking an argument used by opponents of women driving. By stating that the claim about reducing the number of drivers is ""not true"" and providing a counter-example from neighboring countries where women drive but still employ drivers, the writer is defending the target and opposing the logic of those who are against it."
198,مثل هذا النوع من النسويات المأزومات أخلاقياً، لوتسنى لها ظلم الرجل وظلم المرأة نفسها لفعلت إنتصاراً لمصلحتها. #لن_تقودي 😂 URL,Women Driving,Against,"The writer uses derogatory language (""morally distressed feminists"") to attack those supporting the cause. Furthermore, the use of the hashtag #لن_تقودي (You will not drive) combined with a laughing emoji explicitly mocks the idea of women driving and expresses a desire for the prohibition to remain."
199,#المراه_السعوديه_تسوق وَلَا يُبْدِينَ زِينَتَهُنَّ إِلَّا لِبُعُولَتِهِنَّ أَوْ آبَائِهِنَّ أَوْ آبَاءِ بُعُولَتِهِنَّ أَوْ أَبْنَائِهِنَّ أَوْ أَبْنَاءِ بُعُولَتِهِنَّ أَوْ إِخْوَانِهِنَّ أَوْ بَنِي إِخْوَانِهِنَّ ...... الاية وحاطة المكياج والاصبغ وطالعة تقل مهرج السرك,Women Driving,Against,"The writer uses a religious verse to argue that women should not display their beauty in public, then mocks women who drive by claiming they wear excessive makeup and look like ""circus clowns."" The use of the hashtag is ironic, as the content of the tweet criticizes the behavior and social implications associated with women driving."
200,#اذا_سقنا بدعس كل رجال اشوفه قدامي واقول قدنا غصبن عنكم 😈😂 #لن_تقودي,Women Driving,Favor,"The writer uses a provocative and sarcastic tone to express triumph and defiance against those who oppose women driving. The phrase ""قدنا غصبن عنكم"" (We are [driving] despite you/against your will) and the use of the devil emoji indicate a celebratory, albeit aggressive, stance in favor of the right to drive, specifically mocking the opponents of the policy. The hashtag #لن_تقودي (You will not drive) is used ironically/hijacked to contrast with the writer's intent."
201,قيادة المرأة للسيارة فيها فائدة للمرأة والرجل، فألف مبروك يا صبايا مو ناقصكم شي لتسوقوا، و اللي بسمّعكم كلمة استهزاء، اضربوا سيارته خليه يتربى 😜 #المراه_السعوديه_تسوق,Women Driving,Favor,"The writer explicitly states that women driving benefits both men and women, congratulates women on the change (""ألف مبروك""), and encourages them to ignore and retaliate against those who mock them, showing strong support for the policy."
202,#لن_تقودي ولن تقودي بإذن الله,Women Driving,Against,"The writer uses the hashtag #لن_تقودي (You will not drive) and explicitly states ""you will not drive, by the will of God,"" which is a direct expression of opposition to women driving."
203,حركات لفت النظر والهمز واللمز عشان الناس تتكلم فيني بطلوها ، بس ليتك حددتي من تترحمين عليه عشان نعرف😉 #لن_تقودي URL,Women Driving,Favor,"The writer is mocking someone who is using the hashtag #لن_تقودي (You will not drive) to express opposition. By telling the opponent to stop seeking attention and using a sarcastic tone (""I wish you'd specify who you're praying for""), the writer is ridiculing the anti-driving stance, which indicates a favorable position toward women driving."
204,#هيئة_كبار_العلماء اعلنت أن البعض ايد القرار و البعض أعترض على قرار #قياده_المرأه_السعودية ... هل لنا أن نعرف على ماذا استند كل فريق ..!!؟ و كم عدد المعترضين و المؤيدين...!!؟,Women Driving,None,"The writer is asking for clarification and data regarding the Council of Senior Scholars' announcement. They are requesting the evidence used by both the supporting and opposing sides and the number of people in each camp, without expressing a personal opinion or preference for either side."
205,تركب ف السياره وتخلي اللي يسوق يسوي حادث فما بالكم اذا ساقت😂يا الله سترك وش لكن بالغثى خلكن مرتاحات #لن_تقودي,Women Driving,Against,"The writer uses sarcasm and stereotypes to argue that women are incapable of driving safely, claiming that if a woman causes an accident while being a passenger, she would be even worse as a driver. The phrase ""stay comfortable"" (خلكن مرتاحات) is used dismissively, and the hashtag #لن_تقودي (You shall not drive) explicitly confirms the opposition to the target."
206,اليوم نكتب تاريخاً جديداً تهانينا لأمهاتنا وأخواتنا وزوجاتنا وبناتنا 🚗 #المراه_السعوديه_تقود_السياره,Women Driving,Favor,"The writer uses celebratory language (""writing a new history,"" ""congratulations"") and positive emojis to welcome the policy change, explicitly congratulating the women who will benefit from it."
207,#ستقودي_والشعب_معك ماشاءالله مسوي اخلاق انت واياه وين وسم #لن_تقودي اللي غثيتونا فيه سنين الله يخلي ابو فهد بسسسسس عز يامال العز 😉😂 #شيخة_البنات,Women Driving,Favor,"The writer is mocking those who previously used the hashtag #لن_تقودي (You will not drive) and contrasting it with the current supportive hashtag #ستقودي_والشعب_معك (You will drive and the people are with you). By praising the decision and the leadership (""الله يخلي ابو فهد"" and ""عز يامال العز""), the writer expresses clear support for the policy change."
208,#لن_تقودي:ستقود باذن الله رغم انف التزمت وانوف المتزمتين وستنال حقوقها التي منعتموها وان غداً لناظره لقريب نحن بعهد التحول. ولى زمانكم,Women Driving,Favor,"The writer explicitly supports women driving, stating that it will happen ""by the will of God"" and ""despite the noses of the extremists."" The tweet frames the right to drive as a rightful entitlement and associates it with the ""era of transformation,"" while explicitly rejecting the views of those who oppose it. The use of the hashtag #لن_تقودي (You will not drive) is hijacked ironically to argue the opposite."
209,لن تقوودي #لن_تقودي #بناتك_ياملكنا_طالبينك_يسوقون,Women Driving,Against,"The tweet begins with a direct command ""لن تقوودي"" (You will not drive) and uses the hashtag #لن_تقودي (You will not drive), which explicitly opposes the target. Although the second hashtag mentions daughters asking the King to drive, the primary assertion and the leading hashtag express a clear rejection of women driving."
210,#المرأة_السعودية_تسوق بالتوفيق للجميع ويجب توخي الحذر فالبدايات صعبه للكل ...,Women Driving,Favor,"The writer expresses support by wishing everyone success (""بالتوفيق للجميع"") and provides helpful advice on being cautious during the initial phase, which indicates a welcoming and supportive attitude toward the policy."
211,#المراه_السعوديه_تسوق انا تسووووق 😍,Women Driving,Favor,"The writer explicitly expresses excitement and support for women driving using the phrase ""انا تسووووق"" (I [will] drive/she drives) accompanied by a heart-eyes emoji (😍), indicating a positive and welcoming attitude toward the policy."
212,#تخيل_البنت_بدون_مكياج عدم الالتزام بالمسار الصحيح يعرضك للخطر وللمخالفات المرورية ..#ين_حر #السمينه_ولا_النحيفه #المدرسة_السعودية_للقيادة #قياده_المرأه_السعودية,Women Driving,Favor,"The tweet provides practical advice on road safety and lane discipline specifically directed at women learning to drive (referencing the Saudi Driving School). By offering guidance on how to avoid traffic violations and danger, the writer is supporting the implementation and success of women's driving."
213,الي يقولون وين الي يسوقون اصبرو شهر بس ع ماتطلع الرخص والاغلب ياخذونها بتشووفون الشوراع مليانه 🤩❤️❤️❤️ #المراه_السعوديه_تسوق,Women Driving,Favor,"The writer is defending those who haven't started driving yet by explaining that they are waiting for licenses to be issued. The use of positive emojis (🤩❤️❤️❤️) and the prediction that the streets will soon be ""full"" of women drivers indicates a welcoming and supportive attitude toward the policy."
214,راح وقت بطاقات الشحن وجاء وقت تسديد المخالفات. #المراه_السعوديه_تسوق,Women Driving,Favor,"The writer uses humor and sarcasm to welcome the change. By stating that the time for ""recharge cards"" (referring to paying drivers/taxis) is over and the time for ""paying traffic fines"" has arrived, the writer is jokingly acknowledging that women will now be driving and committing traffic violations, which implies an acceptance and celebration of the new reality."
215,#لن_تقودي انا سائق لأمي وأختي وبنتي وزوجي وأفتخر بشرف رعايتك وحمايتك لا تغرنك هتافاتهم هم يتربصون لا تضعفي أعلنيها #لا_للمتربصين_بالمسلمات,Women Driving,Against,"The writer explicitly uses the hashtag #لن_تقودي (You shall not drive) and encourages women not to be deceived by those supporting the change. By framing the act of driving as a sign of ""weakness"" and claiming that providing transportation is a matter of ""honor"" and ""protection,"" the writer clearly opposes the target policy."
216,من كثر قوة هالحدث نسينا نتحلطم على الدوام #المراه_السعوديه_تسوق,Women Driving,Favor,The writer uses a sarcastic and humorous tone to express that the excitement and significance of the event (women driving) are so great that they have forgotten to complain about their daily work routine. This indicates a very positive reaction to the policy change.
217,ودي اعرف وين الوناسه بالموضوع يوم الخليجيات يتسابقون من اول من يدخل السعوديه ومتحمسات اكثر منا ، الحمدلله والشكر بس !#المرأة_السعودية_تقود_السيارة,Women Driving,Against,"The writer uses a sarcastic and dismissive tone (""I want to know where the fun is in this""), expressing annoyance that women from other Gulf countries are more excited about the decision than the locals. The phrase ""الحمدلله والشكر بس !"" (Thank God and that's it!) in this context serves as a rhetorical expression of dissatisfaction or a feeling that the matter is being overblown, indicating a negative view of the hype and the policy change itself."
218,#المراه_السعوديه_تسوق لا يستطيع محدودو الدخل أن يوفوا برواتب للسائقين الوافدين، وبذلك تزيل قيادة المرأة للسيارة عبئًا كبيرًا من على محدودي الدخل، وتجعلهم يقضون أمورهم بكل سلاسة. يتبع,Women Driving,Favor,"The writer explicitly supports women driving by highlighting the economic benefits, stating that it removes a significant financial burden (the cost of hiring foreign drivers) from low-income families and makes their daily lives smoother."
219,ألف مبروك لبنت وطني الحمد لله ان قدتي مركبتك في وطنك ونلتي حقك الطبيعي #المراه_السعوديه_تسوق,Women Driving,Favor,"The writer explicitly congratulates Saudi women (""ألف مبروك""), expresses gratitude to God (""الحمد لله""), and describes the ability to drive as a ""natural right"" (""حقك الطبيعي""), clearly showing strong support and celebration of the policy."
220,يمكن تقود السياره مع زوجها او ولي أمرها في البر عن النفس فقط #لن_تقودي,Women Driving,Against,"The writer suggests that women should only drive in the desert (off-road) and only in the presence of a husband or guardian, implying they should not drive in general public spaces. Furthermore, the use of the hashtag #لن_تقودي (You will not drive) explicitly expresses opposition to the target."
221,توزيع ورود وانا ماشوف الا مخالفات ورده بالغلط مع مخالفه طيب🙅#المراه_السعوديه_تسوق,Women Driving,Against,"The writer uses sarcasm to criticize the implementation of the policy. By contrasting the ""distribution of flowers"" (the celebratory aspect) with the ""violations/fines"" they are seeing, and using the ""🙅"" emoji, the writer expresses frustration and a negative view of the current situation surrounding women driving."
222,عاشت عاشت بلادي💚10/10🇸🇦💚#المرأة_السعودية_تسوق #قيادة_المراة_السعودية,Women Driving,Favor,"The writer uses celebratory language (""عاشت عاشت بلادي"" - Long live my country), a high rating (""10/10""), and positive emojis (green hearts and the Saudi flag) to express strong approval and pride regarding the policy allowing women to drive."
223,#المراه_السعوديه_تقود_السياره هالله هالله 💃🏻,Women Driving,Favor,"The writer uses the phrase ""هالله هالله"" (an expression of admiration and celebration) combined with the dancing emoji (💃🏻), which clearly indicates excitement and welcoming of the policy allowing Saudi women to drive."
224,#قياده_المرأه_السعودية النظام يعاقب من يتعرض للمرأة ويصوّرها أثناء قيادة السيارة !!! والإعلام الهدام يبالغ في تغطيته الإعلاميه ويثير الفتنه، ومجتمعنا محافظ، والمتبرجات الكاشفات لشعورهن يمثلن أنفسهن ، تحيه للمحجبه المحتشمه التي يفخر بها المجتمع السعودي المحافظ.,Women Driving,Favor,"The writer supports the legal protections provided to women drivers (punishing those who harass or film them) and criticizes the ""destructive media"" for exaggerating and stirring strife regarding the issue. While the writer expresses conservative views on dress codes, the core of the tweet defends the implementation of the law and the dignity of the women driving under it."
225,#المراه_السعوديه_تسوق العالم اللي ماخذ الوضع طقطقه.. لو انت تصاب بإعاقه ولا عندك ماده تقدر تجيب سائق راح تندم انك ماعلمت بنتك او زوجتك ... فلذاك اترك الناس واهتم في نفسك ، ومن يحاول يتعرض اي بنت راح يكون نظام الدوله امامه ✋🏻 الف مبروك لسعوديات 🌺🌹,Women Driving,Favor,"The writer explicitly supports the policy by highlighting the practical necessity of women driving (in cases of disability or financial hardship), defending the right of women to drive against those who mock the situation (""طقطقه""), and concluding with a congratulatory message (""الف مبروك لسعوديات"") accompanied by celebratory emojis."
226,خذو عقلك فيه قضايا اهم منك يالخبلة منهو انتي اللي قضيتك بس الاهم من بين القضايا قلة أدب وحيا خبلة ياالعوجا #لن_تقودي,Women Driving,Against,"The writer uses insulting language (""stupid,"" ""lack of manners,"" ""crooked"") directed at women advocating for the right to drive, arguing that there are more important issues than their ""cause."" The use of the hashtag #لن_تقودي (You will not drive) explicitly confirms the opposition to the target."
227,ابد ولله انزل من السياره وهي شغاله واهج 😂😂😂😂 حياتي اهم شي ✌🏻 #ستقودي_والشعب_معك #قياده_المرأه_السعودية URL,Women Driving,None,"The writer is making a joke about their own poor driving skills (saying they would jump out of a running car to save their life), which is a humorous personal anecdote. While they use hashtags related to the topic, the content of the tweet does not express a supportive or opposing stance toward the policy itself, but rather mocks their own ability to drive."
228,ياربي اني من عقب #السماح_بقيادة_المرأة وانا مو قادره انام بالعاده هالوقت اكون بسابع نومه❤️😩,Women Driving,Favor,"The writer expresses excitement and sleeplessness (indicated by the phrase ""I can't sleep"" and the heart/exhausted emojis) as a reaction to the policy change. This emotional state reflects anticipation and happiness regarding the target."
229,#قيادة_المرأة_السعودية كبداية ،، توقعوا منها كوااااارث👇🏽,Women Driving,Against,"The writer predicts ""disasters"" (كوااااارث) as a result of women driving, which expresses a negative expectation and opposition to the policy."
230,لم أكن من المؤيدين و لستُ من المعارضين ، و لكني سعيدة جداً بهذا التمكين .. ألف مبرووك لـ معشر النساء السعوديات 💜💜 #SaudiWomenDriving #قياده_المرأه_السعودية,Women Driving,Favor,"Although the writer claims to have been neutral in the past (""I was not among the supporters nor the opponents""), they explicitly state they are ""very happy with this empowerment"" and congratulate Saudi women. The expression of happiness and the use of celebratory language and emojis clearly indicate a favorable stance toward the policy."
231,مافي مشكله في السواقه المراه المشكله في المجتمع!🙄 #لن_تقودي,Women Driving,Favor,"The writer explicitly states that there is ""no problem with women driving,"" shifting the blame/problem to society instead. Although the hashtag #لن_تقودي (You will not drive) is used, the text of the tweet contradicts it, indicating the hashtag is being used ironically or to engage with the opposing trend while expressing a supportive view."
232,موتحدي السالفه بس اذا القيادة كانت بشروط وقوانين ليش اغلب الناس رافضه اللي مايبغى اخواته يسوقون خلاص ودهم انت لاتحذفهم مع السواق #لن_تقودي,Women Driving,Favor,"The writer is questioning and criticizing those who oppose women driving, arguing that if driving is governed by laws and conditions, there is no reason for the widespread rejection. By telling opponents that they should simply keep their own sisters from driving without imposing that restriction on others, the writer is defending the right of women to drive. The hashtag #لن_تقودي (You will not drive) is used ironically or as a reference to the opposing camp's slogan, rather than as an expression of the writer's own view."
233,إلى كل واحد ما سافر هذا الصيف: ترا الحريم بيسوقوا في السعودية .. يعني ما سار في فرق بيننا وبين الدول الثانية #قياده_المرأه_السعودية #المرأة_السعودية_تقود_السيارة,Women Driving,Favor,"The writer expresses a positive view by stating that women driving means there is no longer a difference between Saudi Arabia and other countries (""ما سار في فرق بيننا وبين الدول الثانية""), framing the policy change as a step toward modernization and equality with the rest of the world."
234,الشرف غالي #لن_تقودي,Women Driving,Against,"The writer associates women driving with a loss of ""honor"" (الشرف غالي), implying that allowing women to drive is a violation of honor. The hashtag #لن_تقودي (You will not drive) explicitly expresses opposition to the target."
235,#المراه_السعوديه_تسوق مبروك👌🙏🏻,Women Driving,Favor,"The writer uses the word ""مبروك"" (Congratulations) and positive emojis (👌🙏🏻), which explicitly expresses celebration and welcoming of the policy allowing women to drive."
236,اقسم بالله ازعجتونا .. الشعب السعودي ولا حرمه محافظه ساقت ماساق الا نسبه لاتذكر واول مره اشوف قرار حكومي غير مرحب به #المراه_السعوديه_تقود_السياره,Women Driving,Against,"The writer expresses frustration (""you have annoyed us"") and claims that the vast majority of conservative Saudi women do not wish to drive. By stating that this is the first time they have seen a government decision that is ""not welcome,"" the writer explicitly rejects the policy."
237,"#لن_تقودي مشكلة قيادة المرأة ""غباء"" قيادة و تشكيل الرأي العام المجتمع يرفض ""متحررة و متمردة و و"" اللي خلف القيادة اكثر من القيادة نفسها",Women Driving,Against,"The writer uses the hashtag #لن_تقودي (You will not drive) and describes the issue of women driving as ""stupidity"" (غباء). They further claim that society rejects it and associates women who drive with being ""liberal and rebellious"" (متحررة و متمردة), clearly expressing opposition to the target."
238,#سعوديات_ضد_قياده_المراه وصلت لمرحلة عالية من التحدث مع النفس بسبب موضوع قيادة المرأة😊 صرت أسولف مع نفسي بالإنجليزي ..!😂 خلاص #لن_تقودى,Women Driving,Against,"The writer explicitly uses the hashtag #لن_تقودى (You will not drive) and mentions being part of the movement #سعوديات_ضد_قياده_المراه (Saudi women against women driving). The tone, while humorous/sarcastic about their own obsession with the topic, clearly aligns with the opposition to women driving."
239,بالتوفيق لسيدات المملكة 🌹👍🏼 #المراه_السعوديه_تسوق,Women Driving,Favor,"The writer expresses support and well-wishes (""بالتوفيق"" - good luck) for Saudi women regarding the target, accompanied by positive emojis (rose and thumbs up)."
240,لاوظائف ومستقبل ضايع وفالحين يتجمعون بس في تاق #لن_تقودي ومسوين فيهاحميه وهم في اي حق مايساعدون البنات يوصلون له بس فرحانين بالاعتراض وبس💦😪,Women Driving,Favor,"The writer criticizes those who are opposing women's driving (using the hashtag #لن_تقودي - ""You shall not drive""), accusing them of fake protectiveness/zeal while they do nothing to actually help women with transportation. By mocking the opponents and their objections, the writer expresses support for the target."
241,#لن_تقودي بيجي يوم ويسمحون لنا تبين تسوقين سوقي ماتبين كيفك محد يجبرك تسوقين وانت اذا اختك او امك بتسوق كيفهم مايبون برضه بكيفهم وشكرا,Women Driving,Favor,"The writer argues that driving should be a matter of personal choice (""if you want to drive, drive; if you don't, it's up to you""), defending the right of women to drive and the right of those who choose not to, while dismissing the restrictive nature of the hashtag #لن_تقودي (You will not drive)."
242,#لن_تقودي الا انا ساقود 😎💜.,Women Driving,Against,"The writer uses a possessive and restrictive tone (""You will not drive, only I will drive""), combined with a confident emoji, to express a desire to prevent the woman from driving, thereby opposing the target."
243,#المراه_السعوديه_تسوق بقى اول سعوديه تصدم,Women Driving,Against,"The writer uses sarcasm to mock the policy. By stating ""now the first Saudi woman will cause an accident,"" the writer is implying that women are incapable of driving safely, thereby expressing a negative view of the target."
244,#لن_تقودي اوكِ بيبي نوبروبلم,Women Driving,Against,"The tweet uses the hashtag #لن_تقودي (You will not drive), which is a direct expression of opposition to women driving. The addition of ""ok baby no problem"" in English/Arabish is used sarcastically or dismissively to reinforce the rejection of the policy."
245,#المراه_السعوديه_تسوق شكلي وانا فرحانه مع البنات بس اتذكر ان ماعندي سياره ولا رخصه ولا اعرف اسوق URL,Women Driving,Favor,"The writer expresses happiness (""فرحانه"") about the prospect of driving with other girls. Although she mentions her lack of a car, license, or driving skills, this is a humorous personal reflection on her current situation rather than a criticism of the policy itself. The overall tone is celebratory and welcoming of the change."
246,#لن_تقودي مايحتاج انت عندي 😎,Women Driving,Against,"The writer uses the hashtag #لن_تقودي (You will not drive) and adds ""no need, you have me,"" which is a patronizing way of rejecting the idea of women driving by suggesting they should rely on men instead."
247,يوم الاحد مرتبطه بطلعه ولا كان ودي اجلس على الرصيف واصفرر لاي وحده تسوق 👏🏻👏🏻👏🏻👏🏻👏🏻 #قياده_المرأه_السعودية,Women Driving,Favor,"The writer expresses a desire to celebrate and cheer for women driving by ""sitting on the sidewalk and whistling"" for them. The use of the clapping emojis further reinforces this enthusiastic support and welcoming attitude toward the policy."
248,كان هاالتاق ايام المنع يجيبلي المراره بس الحمدالله وشكرا محمد بن سلمان💔 #لن_تقودي,Women Driving,Favor,"The writer explicitly expresses gratitude to Mohammed bin Salman for the change in policy. They mention that the hashtag #لن_تقودي (You will not drive), which was used by opponents during the ban, used to cause them distress (""bring me gallstones""), indicating they strongly disagree with the ban and support the current right for women to drive."
249,يستاهلون 👍👍 #المراه_السعوديه_تسوق,Women Driving,Favor,"The writer uses the phrase ""يستاهلون"" (they deserve it) accompanied by thumbs-up emojis, which explicitly expresses support and approval for Saudi women gaining the right to drive."
250,#المراه_السعوديه_تسوق زانت نفسيات العسكر 🙄.,Women Driving,Against,"The writer uses sarcasm (""زانت نفسيات العسكر"" - the soldiers' moods have improved) and a rolling-eyes emoji (🙄) to mock the policy. The implication is that the change is superficial or serves a purpose other than empowerment, framing the decision in a derisive manner."
251,🚙🚗🚕 #قياده_المراه_للسياره_ضروره 🚗🚙🚕 👆🏻🚗👆🏻🚕👆🏻🚗👆🏻🚕👆🏻🚗👆🏻🚕👆🏻🚗👆🏻🚕👆🏻🚗👆🏻🚕👆🏻🚗 #لن_تقودي قرّي في بيتك أبرك لك ولغيرك #حبيبسي_لن_يتزوجسي,Women Driving,Against,"The tweet contains conflicting hashtags, but the core message is a direct command (""Stay in your home, it is more blessed for you and others"") and a hashtag explicitly stating ""You will not drive"" (#لن_تقودي). The writer is clearly opposing the target by advocating for women to remain at home instead of driving."
252,#المراه_السعوديه_تسوق الله يعين بكره ع الزحمه الصباح 😓😓,Women Driving,None,"The writer is commenting on the practical consequence of the policy (increased morning traffic) rather than expressing support or opposition to the right of women to drive. The use of ""May God help us"" and the tired emoji reflects a concern about traffic congestion, which is a neutral observation regarding the policy itself."
253,اليوم ٢٤/ ٦/ ٢٠١٨م تُمارس المرأة حقها الطبيعي في قيادة السيارة MENTION #شكراً_ملكنا_سلمان #شكرا_محمد_بن_سلمان #المراة_السعوديه_تسوق #مها_الوابل,Women Driving,Favor,"The writer describes driving as a ""natural right"" for women and uses hashtags expressing gratitude to King Salman and Crown Prince Mohammed bin Salman for the decision, clearly welcoming and supporting the policy."
254,#لن_تقودي الشعب السعودي شعب جميل وغيور .. فنحن نفرض ع ذاتنا .. ماذا اسمي قيادتكم ،، تديث ؟ ام تحرر ؟ ام عدم سيطره ؟ ❤️✋🏻,Women Driving,Against,"The writer uses the hashtag #لن_تقودي (You will not drive), which explicitly opposes the target. The text describes the Saudi people as ""protective"" (غيور) and frames the policy change as a loss of control or a misguided attempt at ""modernization"" or ""liberation,"" using rhetorical questions to mock the decision."
255,#لن_تقودي في مجتمع يقوده الجهل,Women Driving,Against,"The writer uses the hashtag #لن_تقودي (You will not drive) and links the act of women driving to a society ""led by ignorance,"" implying that allowing women to drive is a result of or associated with ignorance, thereby opposing the target."
256,مو معناته انك يافولاذيه تنشرين الفساد تقولين الحرية! مهما نبحتي لن تقومي الدوله على حاكمها فرقي يا جاهله بين الحرية والفساد.! و #لن_تقودي,Women Driving,Against,"The writer explicitly equates the demand for driving (referred to as ""freedom"" by the opponent) with ""spreading corruption"" (نشر الفساد). The use of the hashtag #لن_تقودي (You will not drive) and the insulting tone toward the advocate (""ignorant,"" ""barking"") clearly demonstrate a rejection of women's right to drive."
257,#لن_تقودي اذا جيت للأعلام تلقى المطلقات مذيعات مجتمعات في اغلب البرامج كلامهم عن ظلم المرأه ومسكينه المرأه وهم مقهورين من طلاقهم وجلستهم 1-,Women Driving,Against,"The writer uses the hashtag #لن_تقودي (You will not drive), which is a direct expression of opposition to women driving. The accompanying text attempts to discredit women's advocates (specifically divorced women in media) by claiming their arguments about women's rights are merely based on personal bitterness rather than legitimate reasons, thereby reinforcing the writer's opposition to the policy."
258,#المراه_السعوديه_تسوق ماشاءالله ، الف الف الف مبروووووك ، بناتنا وخوانتا وامهاتنا بمناسبة قيادة المرآه السيارة ، الله يوفقهم ويحفظهم يارب,Women Driving,Favor,"The writer uses celebratory language (""الف الف الف مبروووووك"" - a thousand congratulations) and prayers for success and protection (""الله يوفقهم ويحفظهم"") to welcome the policy allowing women to drive."
259,الى كل من يعترض على قيادة المرأه .. اليس الاجدر بها ان تقود سيارتها وتقضي حاجتها دون الركوب مع سائق هو بالاصل ليس محرم لها . #المراه_السعوديه_تسوق,Women Driving,Favor,"The writer uses a rhetorical question to challenge those who oppose women driving, arguing that it is more appropriate and modest for a woman to drive herself than to rely on a male driver who is not her mahram (legal guardian). By framing the target as a solution to a social/religious concern, the writer is defending and promoting the policy."
260,#المراه_السعوديه_تسوق المقصات هو الراديتر معلومه مهمه ياشباب اوكي ..!؟؟😂,Women Driving,Against,"The writer is using sarcasm and mockery to imply that Saudi women lack basic knowledge of car mechanics (mentioning ""scissors"" instead of ""radiators""). By framing the target through a joke that portrays women as incompetent drivers/car owners, the writer is expressing a dismissive and opposing stance toward the policy."
261,#لن_تقودي طيب سواقة الدراجة وش صار عليها 🙊😜😎..,Women Driving,Favor,"The writer is using sarcasm to mock the hashtag #لن_تقودي (You will not drive), which was used by opponents of the policy. By jokingly asking about the status of riding bicycles while using playful emojis (🙊😜😎), the writer is ridiculing the restriction on women's mobility and implicitly supporting the right to drive."
262,وين شلة لن تقودي ؟ 😱😂🤣 #الملك_ينتصر_لقياده_المراه,Women Driving,Favor,"The writer is mocking the ""You shall not drive"" group (opponents of the policy) using sarcastic questions and laughing emojis. By ridiculing those who opposed women driving and using a hashtag that celebrates the King's decision, the writer expresses clear support for the target."
263,شوفو الأسلوب كيف مو #لن_تقودي 😑💔 خلاص بنات كنسلو موضوع السياقة 😍💘 حنا أميرات 😌💅🏼😂 MENTION عشانه 🙈💗,Women Driving,Favor,"The writer is using heavy sarcasm to mock those who oppose women driving (referencing the hashtag #لن_تقودي - ""You will not drive""). By jokingly suggesting that girls should ""cancel"" driving because they are ""princesses"" and should be driven by someone else, the writer is ridiculing the traditionalist mindset and the opposition's arguments, thereby signaling support for the right to drive."
264,#لن_تقودي ماعاد فيه بسير على فلانه حامل . الحين بقهوي فلانه صادمه .,Women Driving,Against,"The writer uses the hashtag #لن_تقودي (You will not drive), which is a known slogan used by opponents of women driving. The tweet employs sarcasm to mock the social changes that would result from women driving, suggesting that the traditional social dynamics (like visiting a pregnant woman or hosting coffee) would be disrupted or changed in a way the author finds undesirable."
265,تقود الغنيه. وتنقهر. الفقيره. وليته متحشمات. انواع. التبرج #لن_تقودي,Women Driving,Against,The writer expresses disapproval of women driving by highlighting perceived negative social consequences (class disparity/envy) and moral concerns (lack of modesty/tabarruj). The use of the hashtag #لن_تقودي (You will not drive) explicitly confirms the opposition to the target.
266,الفتاة المحتشمه : مفخره لوالديها ، كرامه لزوجها ، مثال لبناتها ، قدوه للمجتمع♥ #لن_تقودي,Women Driving,Against,"The writer associates the ""modest girl"" (who is presented as a source of pride and a role model) with the hashtag #لن_تقودي (You will not drive), explicitly linking the ideal of female modesty and virtue with the rejection of women driving."
267,#لن_تقودي جالس بمغسلة سيارات اغسل سيارتي واللي معاي كلهم حريم كل وحده بسيارتها 😂😂😂😂😂,Women Driving,Favor,"The writer uses irony and sarcasm to mock the hashtag #لن_تقودي (You will not drive). By describing a scene where he is at a car wash surrounded by women each driving their own car, he is highlighting the reality of women driving to prove that the opposition's stance (represented by the hashtag) is obsolete and unrealistic. The use of laughing emojis further emphasizes the mockery of the ""Against"" position, thereby signaling his support for the target."
268,#لن_تقودي حماية لك وهو مطلقها مع السواويق 🌚.. عندما تتفلسف الحمير!,Women Driving,Favor,"The writer is mocking the argument used by opponents of women driving. By using the hashtag #لن_تقودي (You will not drive) and calling those who claim it is ""for her protection"" (while they themselves employ female drivers) ""donkeys"" (الحمير), the writer is ridiculing the hypocrisy of the opposition, thereby supporting the target."
269,#المراه_السعوديه_تسوق كلي فخر بهذا الوطن الي قاعدة اشوفه شي جميل الرجال و النساء يد وحده الف مبروك لنا على بدء القيادة في السعودية واتمنى نكون عند حسن ظن الملك سلمان و ولي العهد محمد بن سلمان ونحن باذن الله سنكون عند حسن الظن ❤️,Women Driving,Favor,"The writer explicitly expresses pride (""كلي فخر"") and celebrates the start of women driving in Saudi Arabia (""الف مبروك لنا على بدء القيادة""), while praising the leadership for the decision."
270,حريمهم يسقن😂 #المراه_السعوديه_تسوق,Women Driving,Favor,"The use of the laughing emoji (😂) combined with the statement ""their women are driving"" in the context of the hashtag indicates a sense of amusement and celebration/welcome toward the change. In the social media discourse of this period, such expressions were typically used to mock the previous restrictions or the shock of opponents, thereby signaling support for the policy."
271,قيادة السيارة لاتعني التبرج والسفور والاختلاط تذكري امر الخالق سبحانه وتعالى وَقَرْنَ فِي بُيُوتِكُنَّ وَلَا تَبَرَّجْنَ تَبَرُّجَ الْجَاهِلِيَّةِ الْأُولَىٰ.... #المراه_السعوديه_تسوق,Women Driving,Against,"The writer uses a religious warning and a Quranic verse (""And stay in your houses"") to caution women against the potential negative consequences of driving, such as ""tabarruj"" (displaying beauty) and ""ikhtilat"" (mixing of genders). By framing the act of driving as a gateway to these forbidden behaviors, the writer expresses opposition to the policy based on traditional and religious grounds."
272,شيء غريب من اللي ينتقد المرأة على السواقة وهي لسه توها بادية، فيه شباب سنوات يسوقون وما كأنه تعلم شيء #المرأة_السعودية_تسوق,Women Driving,Favor,"The writer is defending women's driving by criticizing those who criticize them. By arguing that some men who have driven for years are still unskilled, the writer is mocking the critics and implying that women's initial lack of experience is not a valid reason for opposition."
273,#المراه_السعوديه_تقود_السياره وهذا أمر رائع جداً وبناء والاهم ان قيادة المرأة باتت ضرورة وليست ترفيه كما يضن محدودي الافق، وفوائدها كثيرة اجتماعيه واقتصاديه واخلاقيه. علينا ان ندع الموروث الموبوء والعادات البالية التي ما انزل الله بها من سلطان. وعلينا ان نعاصر الزمن والمتغيرات.,Women Driving,Favor,"The writer explicitly describes the policy as ""very wonderful and constructive"" (أمر رائع جداً وبناء) and argues that it is a ""necessity"" (ضرورة) with numerous social, economic, and moral benefits. Furthermore, the writer dismisses opposing views as ""narrow-minded"" (محدودي الافق) and calls for abandoning ""poisoned heritage and obsolete customs"" (الموروث الموبوء والعادات البالية) in favor of modernization."
274,#لن_تقودي الله سبحانة وتعالى أسقط عن المراة فرض صلاة الجماعة حتى تستتر ببيتها وهن يطالبن للخروج للقيادة,Women Driving,Against,"The writer uses a religious argument to oppose women driving, suggesting that since women are exempt from congregational prayers to remain in their homes, they should not be seeking the right to drive and leave the house. The hashtag #لن_تقودي (You will not drive) explicitly expresses opposition."
275,#المراه_السعوديه_تسوق اليوم الحلقه الاخيره لكلمة ياليتني ولد 😂😂😂😂😂😂,Women Driving,Favor,"The writer uses humor and sarcasm to celebrate the policy change. The phrase ""the final episode for the word 'I wish I were a boy'"" implies that women no longer need to wish for male privileges (like driving) because they now have this right. The laughing emojis further indicate a celebratory and positive tone toward the target."
276,اجمل مافي الموضوع لجين مامداه تسوق وتقهركم شباب 😂😂😂😂😂 #قياده_المرأه_السعودية,Women Driving,Favor,"The writer expresses joy (""اجمل مافي الموضوع"" - the most beautiful thing about the matter) that Loujain (a prominent activist) is now driving to spite the opponents (""تقهركم شباب"" - to annoy/provoke you guys). By celebrating the act of driving and mocking those who oppose it, the writer clearly supports the target."
277,كيف يمكن التعرف على هوية السائقه اذا كانت منقبه 👍 لا حاجه للكشف بالبصمه 👏 #قياده_المرأه_السعودية URL,Women Driving,Against,"The writer is using sarcasm to mock the implementation of women driving. By questioning how a woman's identity can be verified if she is wearing a niqab and sarcastically suggesting that fingerprinting is unnecessary, the author is highlighting a perceived absurdity or flaw in the policy to express opposition."
278,الله يستر ،، من نزلة ( القديّة ) ( هذا بلا ابوك يا عقاب ) 😀🙈 #المراه_السعوديه_تسوق,Women Driving,Against,"The writer uses the phrase ""الله يستر"" (May God protect us/God help us) and the proverb ""هذا بلا ابوك يا عقاب"" (which implies a situation that will lead to disaster or unforeseen trouble), combined with emojis that suggest nervousness or mockery. This indicates apprehension and a negative outlook on the consequences of women driving."
279,#المراه_السعوديه_تسوق الله يستر عليك من بنت جارنا 😂✋,Women Driving,Against,"The writer uses a prayer for protection (""الله يستر عليك"" - May God protect you/us) combined with a laughing emoji and a reference to the neighbor's daughter to imply that women are incompetent or dangerous drivers. This is a sarcastic expression of fear/mockery regarding the outcome of women driving."
280,هاشتاقات #قياده_المراه_للسياره هاشتاقات مشبوهة تصدر من مجاهيل في أوقات الأزمات لتصادر رأي المجتمع .. ونقول لها بملء فينا : #لن_تقودي ..,Women Driving,Against,"The writer explicitly describes the hashtags supporting women's driving as ""suspicious"" and originating from ""unknown sources"" to manipulate society. Furthermore, the writer uses the definitive phrase ""#لن_تقودي"" (You shall not drive), which is a direct and clear rejection of the target."
281,#المراه_السعوديه_تسوق اكثر شي ندمانه عليه حاليا انو سنوات البعثة مرت و ما أخذت الرخصة الأمريكيه 🙃,Women Driving,Favor,"The writer expresses regret for not obtaining a driver's license while studying abroad, implying that she wishes she had the qualification to drive now that it is permitted. This indicates a positive desire to drive."
282,#قياده_المرأه_السعودية #قيادة_المرأة_للسيارة وين سويتي الحادث ؟ -لو يهمك كان عرفت. قريبا هههههههههههههههههههههههههههههههههههههههههههههههههههههههههههههههههههههههههههههههههههههههههههههههههههه,Women Driving,Against,"The tweet uses a sarcastic dialogue to mock the idea of women driving by immediately associating it with causing car accidents (""Where did you have the accident?""). The laughter and the framing suggest that the writer views women driving as a disaster or a joke, reflecting an oppositional stance."
283,لكل الساخرين من الرجال.. الحقيقة تقول: في أمريكا تأمين سيارة المرأة أرخص من الرجل.. لأنها أقل حوادث.. بلغة الأرقام التي لاتكذب.. #قياده_المرأه_السعودية,Women Driving,Favor,"The writer uses statistical evidence (lower insurance costs in the US due to fewer accidents) to defend women's driving ability and counter the arguments of those mocking men or opposing the policy. By arguing that women are safer drivers ""in the language of numbers,"" the writer is promoting and supporting the target."
284,#قياده_المراه_للسياره_ضروره لن تقودي لن ت ق و د ي لن تقووووووودي #لن_تقودي لن تسوقي لن ت س و ق ي لن تسووووووقي #لن_تسوقي,Women Driving,Favor,"The writer begins the tweet by explicitly stating that women driving is a ""necessity"" (#قياده_المراه_للسياره_ضروره). The subsequent repetition of ""you will not drive"" (لن تقودي) is a sarcastic mockery of the opponents of the policy, mimicking their repetitive and stubborn refusal. By ridiculing the opposition, the writer expresses strong support for the target."
285,اذا الوحدة خايفه يتحرش بها سواق وتبي الخروج من السالفة انها تسوق بنفسها كم واحد يتحرش بها اساسا وهي ع الطريق والخط مقفل ؟؟ نكذب؟ #لن_تقودي,Women Driving,Against,"The writer uses a rhetorical question to argue that driving will not solve the problem of harassment, suggesting that women will still face it on the road. The use of the hashtag #لن_تقودي (You will not drive) further confirms the opposition to the policy."
286,#لن_تقودي ومين قال نبي نسوق اللي تبي تسوق تعالي اخليك بدال سواقي راتبك٨٠٠معاد الا بنت ابوها تسوق وين راحواالسواقين وين راحوااللي مسؤلين عني,Women Driving,Against,"The writer uses a dismissive and mocking tone to reject the idea of women driving. By asking ""Who said we want to drive?"" and suggesting that women should rely on drivers or their fathers, the author expresses a preference for the status quo (women not driving) and mocks those who desire the right to drive. The use of the hashtag #لن_تقودي (You shall not drive) further reinforces this opposition."
287,مناشبين السعوديات ع فرحتهم بالسواقه ! شخصكم فيهم خلوهم يعبرون ويستانسون ع كيفهم عافان الله حاشرين خشمهم فكل مكان #المراه_السعوديه_تسوق,Women Driving,Favor,"The writer is defending Saudi women's joy over being allowed to drive and criticizing those who are interfering or trying to dampen their happiness (""حاشرين خشمهم""). By supporting the women's right to express their excitement and enjoy the change, the writer expresses a favorable stance toward the target."
288,مادرينا عنكم ولا عن قيادتكم #لن_تقودي,Women Driving,Against,"The writer expresses indifference and dismissal toward those supporting the policy (""We don't know/care about you or your driving"") and uses the hashtag #لن_تقودي (You will not drive), which is a direct expression of opposition to women driving."
289,#لن_تقودي بل هي من تقود المجتمع وهي من تربي الأجيال وهي الام والأخت والزوجة لاتجعلوها في دائرة ضيقة ،اللهم احفظها بحفظك وجعلها عزيزة دائما,Women Driving,Against,"The writer uses the hashtag #لن_تقودي (You shall not drive) and argues that a woman's role is to lead society through motherhood and raising generations rather than driving. The text frames the act of driving as placing women in a ""narrow circle,"" suggesting that their true value and dignity lie in traditional domestic and societal roles instead of behind the wheel."
290,اقول اسكتو ي سواقين العائله 😂 حنا ي البناات مثل الأميرات ف قصرناا قصدي بيتنا🌚💔 اصلن السواقه مو حلوى🙃☹✋ #لن_تقودي,Women Driving,Against,"The writer explicitly states that driving is ""not good"" (السواقه مو حلوى) and uses a hashtag (#لن_تقودي - you will not drive) to express opposition. Although the tone is humorous and sarcastic (comparing being driven to being a princess), the intended meaning is a rejection of women driving."
291,الي عايشات فالعاصمة الله يعينهن لكن عاااااادي كل شي بالتعليم يصبح سهل جدا ...معنا بنات سنة اولى جامعة ويسوقن في العاصمة عادي شارع 4حارات #قيادة_المرأة #قياده_المرأه_السعودية,Women Driving,Favor,"The writer normalizes the act of women driving by mentioning that female university students already drive in the capital, suggesting that it is a manageable skill that becomes easy with practice/education. This framing presents women's driving as a practical reality rather than a problem."
292,يوم جديد يشهد بدايه جديده لنا مبروووك 💜💜💜💜💜 #قياده_المراه_السعوديه,Women Driving,Favor,"The writer uses celebratory language (""مبروووك"" - Congratulations) and describes the event as a ""new beginning"" for them, accompanied by heart emojis, clearly expressing support and welcome for the policy."
293,عندما تتعرى الشجرة من أوراقها يكون مصيرها حطب للنار ، اعتقد واضحة.🍺 #لن_تقودي,Women Driving,Against,"The writer uses a metaphor comparing a tree losing its leaves to becoming firewood, implying that women losing their traditional roles (or ""protection"") will lead to a destructive outcome. This is reinforced by the hashtag #لن_تقودي (You will not drive), which explicitly rejects the target."
294,لماذا يعترض الكثير على #قياده_المرأه_للسيارة بعيدا عن التغريب والدين وصراع التيارات اختصرته هذه المرأه #لن_تقودي URL,Women Driving,Favor,"The writer is questioning and criticizing the reasons why many people oppose women driving (""Why do so many object...""). By dismissing the common arguments of ""Westernization, religion, and conflict of currents"" and framing the opposition as something that can be simplified or debunked, the writer is positioning themselves against the opponents of the policy, which indicates a favorable stance toward women driving."
295,#المراه_السعوديه_تسوق وش هالضجه ترا سواقه اللي يشوفكم يقول كان مننوع علينا الحريم تطلع من البيت 🙄👊🏻 اوفررر,Women Driving,Favor,"The writer is mocking the ""commotion"" and exaggerated reactions of those opposing the policy. By stating that the reaction is ""over"" (over-the-top) and implying that women already had freedom of movement, the writer is dismissing the arguments of the opponents, which indicates support for the normalization of women driving."
296,#حقيقة .. اليوم أدرك كثيراً من شعبنا .. #أن قيادة المرأة لا علاقة له بسوء الأخلاق !! ٰ ٰ #المراه_السعوديه_تسوق,Women Driving,Favor,"The writer is defending women's driving by arguing that it has no connection to ""bad morals,"" thereby countering a common argument used by opponents of the policy. This defense of the practice indicates a supportive stance."
297,#قياده_المراه_للسياره_ضروره موضوع يتكرر كثير ولكن #لن_تقودي حتى لو لحستي كوعك,Women Driving,Against,"The writer uses a sarcastic and mocking expression (""حتى لو لحستي كوعك"" - meaning ""even if you licked your elbow,"" an impossible act) to emphatically state that women will not drive, directly opposing the hashtag that claims women driving is a necessity."
298,ان كانت ام فهي مربيه وان كانت اخت فهي حنونه وان كانت زوجه فهي شريكه باختصار هي قائده لنا بكل الاحول فالسياره ليست بشئ كثير ارتقو #لن_تقودي,Women Driving,Favor,"The writer uses a rhetorical approach to argue that if a woman is capable of leading and managing a family as a mother, sister, and wife, then driving a car is a minor task in comparison. Although the writer uses the hashtag #لن_تقودي (You will not drive), it is used ironically/sarcastically to challenge the opposition, as the body of the text explicitly supports the woman's capability and right to drive."
299,#المراه_السعوديه_تقود_السياره. الـمبادي مـا تـغيّر عـلى النهج السليم و الجدل محسوم و الهرج مافيه ثْمره . الـسـواقه لـلـرجل و الـسـواقه لـلحريم و الـرجل يبقى رجل و المره تبقى مره . #سعد_المخلفي,Women Driving,Against,"The writer explicitly states that ""driving is for men and driving is for women"" in a context that emphasizes maintaining traditional gender roles (""the man remains a man and the woman remains a woman""). By claiming that ""principles do not change"" and that the ""debate is settled,"" the writer is rejecting the policy change and advocating for the preservation of the traditional separation of roles, thereby opposing women's right to drive."
300,#لن_تقودي لا اطالب بها ولكن اتمنى تهيئة وسائل مواصلات اخرى(الباص) وتنظيم عملها واوقاتها والاهتمام بها لتعويض من هي بحاجه لها.,Women Driving,Against,"The writer explicitly uses the hashtag #لن_تقودي (You will not drive) and states ""لا اطالب بها"" (I do not demand it), indicating a rejection of the right for women to drive. Instead, they suggest improving public transportation as an alternative to driving."
301,خلااص انتهى الموضوع مافيه قياده مافيه للللوش💃💃خلص القرار وانقال #لن_تقودي,Women Driving,Against,"The writer uses a definitive and dismissive tone (""It's over,"" ""there is no driving"") and employs the hashtag #لن_تقودي (You will not drive) to express rejection of the policy. The dancing emoji (💃) in this context is used sarcastically to celebrate the perceived failure or cancellation of the right for women to drive."
302,اللي رجال مايخليها تسوق الا لحاجه ماسه ماتطلع تدور في الشوارع واغاني وشيلات وتصوير وتسبب زحمه للناس ترى فيه ناس عندها عمل وناس حالات طارئه بيروحون المستشفيات فكل انسان يكون حريص وبلا غباء #لن_تقودي,Women Driving,Against,"The writer argues that a ""real man"" should not let his wife drive unless it is an absolute necessity. He associates women driving with negative outcomes such as causing traffic congestion, playing loud music, and filming in the streets, which he claims hinders people going to work or hospitals. The use of the hashtag #لن_تقودي (You will not drive) further confirms the opposition."
303,#لن_تقودي ولو بعد 100 سنة 😂😂 #سيلفي,Women Driving,Against,"The writer explicitly states ""You will not drive even after 100 years,"" which is a direct rejection of women driving. The use of laughing emojis reinforces a mocking tone toward the possibility of the policy change."
304,بتسوق غصبا على شنيك 😂 #لن_تقودي,Women Driving,Favor,"The writer uses the phrase ""بتسوق غصبا على شنيك"" (She will drive despite [the opposition's] will/nose), which is a defiant expression of support for women driving. Although the hashtag #لن_تقودي (You will not drive) is used, it is used ironically/sarcastically to mock those who oppose the policy, as indicated by the laughing emoji and the preceding statement."
305,#لن_تقودي خلاص مستحيل يمكن حفيدتي او حفيدتها يسوقون اما جيلنا ف مستحييييل 😊✋,Women Driving,Against,"The writer explicitly states that it is ""impossible"" (مستحيل) for women of their generation to drive, suggesting that this right might only be possible for future generations (granddaughters). The use of the hashtag #لن_تقودي (You will not drive) and the emoji 😊✋ further reinforce a dismissive and opposing stance toward the target."
306,نعيد ونكرر #لن_تقودي,Women Driving,Against,"The writer uses the phrase ""نعيد ونكرر"" (we repeat and reiterate) followed by the hashtag #لن_تقودي (you will not drive), which is a direct and explicit rejection of women driving."
307,لان تقودي يا موردت الخدودي ☺️ #لن_تقودي,Women Driving,Against,"The writer uses a poetic and flirtatious tone (""يا موردت الخدودي"" - O you with the blushing cheeks) to tell the woman ""you shall not drive"" (لان تقودي). The use of the hashtag #لن_تقودي (You shall not drive) confirms the opposition to women driving, framing the prohibition as a form of romanticized protection or traditionalism."
308,اليوم ورد وبكرا التشليح . #المرأة_السعودية_تسوق,Women Driving,Against,"The writer uses a sarcastic comparison, suggesting that while today there are celebrations (flowers), tomorrow there will be ""تشليح"" (a term referring to scrap yards or car dismantling). This implies that allowing women to drive will lead to accidents and the destruction of cars, thereby mocking the policy and expressing a negative view of its outcome."
309,#المجتمع_مع_قياده_المراه سؤال يطرح نفسه انتم مع ولا ضد ..؟ #لن_تقودي 🙄😜,Women Driving,Against,The user uses a rhetorical question to challenge the opposing hashtag (#المجتمع_مع_قياده_المراه - Society is with women driving) and explicitly uses the hashtag #لن_تقودي (You will not drive). The addition of the rolling eyes (🙄) and tongue-out (😜) emojis indicates a mocking and dismissive tone toward the idea of women driving.
310,#الملك_ينتصر_لقياده_المراه الآن دور الشباب ينتقمو من أخواتهم لا أوصيك عزيزي الشاب قفل باب سيارة أختك بقوة خليها تنجلط 😂✋🏻,Women Driving,Favor,"While the writer uses a joking and provocative tone toward sisters (telling brothers to slam car doors), the use of the hashtag ""#الملك_ينتصر_لقياده_المراه"" (The King triumphs for women's driving) and the context of the joke (which assumes women are now driving) indicates an acceptance and welcoming of the policy. The humor is directed at family dynamics, not at the policy itself."
311,بمناسبة قيادة المرأه لسياره في يوم ١٠ /١٠ لوحة سيارتي للبيع ح ل و ١٠١٠ #المرأة_السعوديه_تسوق القيمه لاعلى سعر,Women Driving,Favor,"The writer is celebrating the occasion of women driving by attempting to sell a license plate that matches the date of implementation (10/10). Using the phrase ""on the occasion of"" (بمناسبة) and the hashtag #المرأة_السعوديه_تسوق indicates that the writer views the event as a positive milestone or a celebratory opportunity."
312,#لن_تقودي مين هذا باقي صامد يكتب لن تقودي ماشاء الله ربي يقويك استمر حبيبي😂😂😂😂😂😂😂😂😂😂😂,Women Driving,Favor,"The writer is using heavy sarcasm to mock someone who is still insisting that women should not drive (""Who is still standing firm writing 'you will not drive'?""). The phrases ""Mashallah,"" ""May God strengthen you,"" and ""Continue, my dear,"" combined with the excessive laughter emojis, are intended to ridicule the opponent of women's driving, thereby signaling the writer's support for the policy."
313,#الملك_ينتصر_لقياده_المراه مناضلات سبقوا زمانهم,Women Driving,Favor,"The writer uses the phrase ""مناضلات سبقوا زمانهم"" (strugglers/fighters who were ahead of their time) to describe the women who fought for the right to drive, framing their efforts as a noble struggle. Additionally, the hashtag ""#الملك_ينتصر_لقياده_المراه"" (The King triumphs for women's driving) frames the policy change as a victory."
314,#لن_تقودي تخيلوا ان البنات يسوقون شوفي مين قدامنا ' مين هذيك اللي بالعرس ماسلمت علينا - اصدميها اصدميها,Women Driving,Against,"The writer uses a sarcastic scenario to mock the idea of women driving, suggesting that women would use cars to settle petty social disputes (e.g., hitting someone with a car because they didn't say hello at a wedding). The use of the hashtag #لن_تقودي (You will not drive) further confirms the opposition to the target."
315,يعني عادي عندهم حرمة تمشي برجولها بالشارع معرضه نفسها للخطر ! ولا يشوفونها بسيارتها أكثر آمان عليها ، بكذا وضح إن الهدف ليس خوف عليها ، إنما منعها بأي طريقة من غير مبرر #لن_تقودي,Women Driving,Favor,"The writer uses a rhetorical argument to expose the hypocrisy of those opposing women's driving. By pointing out that opponents allow women to walk in the street (which is dangerous) but forbid them from driving (which is safer), the writer concludes that the ban is ""without justification."" Although the hashtag #لن_تقودي (You will not drive) is used, it is used ironically to mock the opposition's logic. Therefore, the writer supports the target."
316,#المراه_السعوديه_تسوق هاليوم تاريخي في تاريخ السعوديه وتاريخي لما قررت اخذ صيفي بعد معارضاتي الشديده ، واسوني ي جماعه 💔💔💔💔💔💔,Women Driving,None,"The writer mentions that today is a ""historic day"" because of the policy change, but they immediately pivot to a personal complaint about taking summer classes. The mention of the target is used as a temporal marker to contrast a national event with a personal misfortune, without expressing a personal opinion or emotional stance toward the driving policy itself."
317,الف الف الف مبروووك يا بنات 😍😍 ليلة تاريخية كأنها ليلة عيد 😭💓💓 #المراه_السعوديه_تسوق,Women Driving,Favor,"The writer uses celebratory language (""Congratulations,"" ""historic night,"" ""like Eid night"") and positive emojis to express joy and support for the decision allowing women to drive."
318,#لن_تقودي لن تقودي إلا في الشلال وعطالله يافيها سيارات صدام على كيفك 😆😆😆😆,Women Driving,Against,"The writer uses the hashtag #لن_تقودي (You will not drive) and explicitly states ""you will not drive except in the waterfall,"" mocking the idea of women driving by suggesting they only do so in specific, unrealistic, or outdated contexts (referencing ""Saddam's cars""). The use of laughing emojis reinforces the mocking and dismissive tone toward the target."
319,#اليوم_السعودي_عالمي_للسواقه #المرأة_السعودية_تقود_السيارة ستقودها بحشمتها وسترها,Women Driving,Favor,"The writer supports the target by stating that the Saudi woman will drive while maintaining her modesty and dignity (""بحشمتها وسترها""). This framing presents the act of driving as compatible with cultural values, thereby welcoming and endorsing the policy."
320,الحين تجيك الأسر المنتجه تبيع جنوط ههههههههههههههههههههههههههههههههههههههههههههههههههههههههههههههههههههههه 😂😂😂 #المراه_السعوديه_تسوق,Women Driving,Favor,"The writer is using humor and sarcasm to imagine a future where ""productive families"" (small home businesses) start selling car rims/wheels because women are now driving. This lighthearted projection of the societal impact of the decision indicates a welcoming and amused acceptance of the policy change."
321,#الملك_ينتصر_لقياده_المراه احلا قرار😍😍😍 عقبال الأمور الثانيه وتنتهي عرقلة المرأه,Women Driving,Favor,"The writer explicitly describes the decision as ""the most beautiful decision"" (احلا قرار) and uses heart-eyes emojis, expressing strong support and welcoming the policy change."
322,#لن_تقودي يقولك قيادة المرأة يرفضه المجتمع على اساس ان المجتمع عنده برلمان وله حق التصويت على اي قرار ليتك ساكت :),Women Driving,Favor,"The writer is mocking the argument that ""society rejects women driving"" by sarcastically pointing out that society does not have a parliament or a voting system to make such decisions. By dismissing the opposition's reasoning (""I wish you had stayed silent""), the writer expresses support for the target."
323,#سنسوق_فوق_خشومكم لن تقودي لن تقودي الا خارج هالحدودي. #لن_تقودي .,Women Driving,Against,"The writer explicitly states ""You will not drive, you will not drive except outside these borders"" (لن تقودي لن تقودي الا خارج هالحدودي), which is a direct rejection of women driving within the country. Although the tweet includes a hashtag used by activists (#سنسوق_فوق_خشومكم), the text of the tweet is a direct rebuttal to that hashtag, using it ironically to express opposition."
324,#المراه_السعوديه_تقود_السياره الله لنا 😂😂,Women Driving,Favor,"The phrase ""الله لنا"" (God is with us/on our side) combined with the laughing emojis indicates a sense of victory, celebration, and happiness regarding the policy change. The writer is welcoming the decision."
325,يابنات الله يهديكم الي ماتعرف لاتسوق ماهو اجباري ترا #المراه_السعوديه_تسوق,Women Driving,None,"The writer is giving advice to women who do not know how to drive, stating that driving is not mandatory. The tweet does not express support for or opposition to the policy itself, but rather addresses the individual's choice and ability to drive."
326,حدث يخدم كثير من بعض النساء لقضاء مستلزماتهن اللهم اعطنا من خيرها واكفنا شرها ☘️ #المراه_السعوديه_تسوق,Women Driving,Favor,"The writer explicitly states that this event ""serves many women"" in meeting their needs and follows it with a prayer for the goodness of the decision (""اللهم اعطنا من خيرها""), indicating a positive and welcoming view of the policy."
327,#لن_تقودي اصلاً ما نبي نسوق حنا ما سلمنا منكم ياعاهات وحنا نمشي كيف لو سقنا,Women Driving,Against,"The writer explicitly states ""we don't want to drive"" and uses the hashtag #لن_تقودي (You will not drive). They justify this opposition by mocking the driving skills of others (""you idiots/handicaps""), suggesting that if current drivers are already dangerous, allowing women to drive would only worsen the situation."
328,جعلونا نخاف من كل ماهو جديد .. لذلك تخلفنا وتقدموا #قياده_المرأه_السعودية,Women Driving,Favor,"The writer expresses regret over a culture of fear toward new things, stating that this fear is the reason for ""backwardness"" while others ""progressed."" By linking this reflection to the hashtag #Saudi_Women_Driving, the writer frames the policy change as a step toward progress and a correction of past mistakes."
329,#المراه_السعوديه_تسوق وضعي بكرا 😂😂😂🏃🏻‍♀️🏃🏻‍♀️🏃🏻‍♀️,Women Driving,Favor,The user is expressing excitement and anticipation for the next day (the implementation date) using emojis (laughing and running) that suggest eagerness and a positive emotional state regarding the start of women driving.
330,#لن_تقودي والحقيقة اللي معارضين الموضوع هم أول من بينفذه إذا تم مثل مانشوف إذا العائلة نصها مو سعودي اللي برا عادي يسوقون واللي داخل لا,Women Driving,Favor,"The writer is criticizing the opponents of women driving (using the hashtag #لن_تقودي - ""You will not drive"" ironically) by pointing out their hypocrisy. The writer argues that those who oppose the ban in public often allow the non-Saudi women in their own families to drive, thereby mocking the opposition's logic and supporting the idea that the restriction is inconsistent and unnecessary."
331,#قياده_المرأة تتوقعون قريبه ؟ أناأقول فقط مسأل ة وقت واللي يضحكون ب #لن_تقودي راح هم اللي يضحكون ع كلمتهم ذي وراح يقولواتذكرون يوم نقولها🤗,Women Driving,Favor,"The writer expresses confidence that women driving is only a ""matter of time"" and mocks those using the hashtag #لن_تقودي (You will not drive), predicting that those opponents will eventually regret their stance. This clear opposition to the opponents of the policy indicates a supportive stance toward the target."
332,#المرأة_السعودية_تسوق قد أساءو للمرأة وكأنها أتت من كوكب آخر ولا يفهمو إن سواقة المرأة تم بموافقةولي أمرناحفظه الله. اليس ولاة أمرنا يهمهم المواطن ويعملوا ليل نهار على راحته. أتمنى ان نترّفه عن التعليقات الساخرة. مادام الأمر جاء من خادم الحرمين الشريفين فعلينا السمع والطاعة,Women Driving,Favor,"The writer explicitly supports the decision by framing it as a directive from the leadership (""our guardian"") and emphasizing the duty of ""hearing and obedience"" (السمع والطاعة). Furthermore, the writer defends the policy against critics and mocks those who treat the change as something alien, while asserting that the leadership acts in the best interest of the citizens."
333,#لن_تقودي بالرغم أنني ضدها ولكن لكل أب وأخ وزوج امرأه اشبع حاجتها وقم بخدمتها كي تشبع ولا تتجه لها رغبه نحو القياده كن لها عونا لتبقى ملكه👑,Women Driving,Against,"The writer explicitly states ""I am against it"" (ضدها) and encourages men to serve women so that they do not feel the desire or need to drive, framing the avoidance of driving as a way for the woman to remain a ""queen."" The use of the hashtag #لن_تقودي (You will not drive) further reinforces this opposition."
334,هدد كسر حطم دمر والعب على أعصابك ثور وحول نفسك جهنم 😆😆😆😆💃🏾💃🏾💃🏾💃🏾💃🏾💃🏾💃🏾💃🏾💃🏾 #لن_تقودي,Women Driving,Favor,"The writer uses aggressive verbs (""break,"" ""destroy,"" ""shatter"") and mocking language (""bull,"" ""turn yourself into hell"") directed at those opposing women's driving. The use of laughing and dancing emojis indicates that the writer is mocking the frustration of the opponents. Although the hashtag #لن_تقودي (You will not drive) is used, it is clearly hijacked ironically to ridicule the people who believe women will not drive. Therefore, the stance toward the target is supportive."
335,#المراه_السعوديه_تسوق ألف مبروك للمرأة السعودية 👏👏👏🇸🇦,Women Driving,Favor,"The writer explicitly congratulates Saudi women on the right to drive, using positive phrasing (""ألف مبروك"" - a thousand congratulations) and celebratory emojis (clapping hands and the Saudi flag), which clearly indicates support and welcoming of the policy."
336,مبروك للمرأة السعودية السماح لها بقيادة السيارة، وعقبال حريّة لباسها، وعقبال تحرّر المرأة الإيرانية من الحجاب، وفي كل مناسبة، عقبالنا كلبنانيات تحرّرنا من قوانين الأحوال الشخصية المتخلّفة وسطوة رجال الدين #المرأة_السعوديه_تسوق,Women Driving,Favor,"The writer explicitly congratulates Saudi women on being allowed to drive (""مبروك للمرأة السعودية السماح لها بقيادة السيارة""), framing the policy change as a positive step toward freedom and liberation."
337,ضد قيادة المراة لانه بيسبب زحمة فوق الزحمة الحين #لن_تقودي #قياده_المراه_فساد_للمجتمع,Women Driving,Against,"The writer explicitly states they are ""against women driving"" (ضد قيادة المراة) and provides a reason (increasing traffic congestion), while using hashtags that explicitly oppose the policy."
338,#لن_تقودي حسيت اني لازم اتفاعل مع الهشتاق عشان سواقي حيسافر من جد حاسه بضياع #قيادة_المرأة_للسيارة,Women Driving,Favor,"The writer uses sarcasm to mock the hashtag #لن_تقودي (You will not drive). By claiming she ""needs to interact"" with the hashtag because she feels ""lost"" since her driver is traveling, she is ironically highlighting her dependence on a driver to show that the ban is impractical and that she welcomes the change to driving."
339,تقرير احدى القنوات الهندية media one TV لتغطية رويترز معي عن التحديات التي تواجه المرأة السعودية في القيادة و مدى حاجتها بالاضافة الى معايير اختيار المرأة السعودية السيارة . وصلت للتلفزيون الهندي👳🏿‍♀️.. تخيلت كل السواقين اللي سفرتهم يتابعوني 😫💔 #قيادة_المرأة_السعودية,Women Driving,Favor,"The writer is discussing the ""challenges"" and the ""extent of the need"" for Saudi women to drive, framing the topic as a necessity. While the tone is lighthearted and focuses on the media coverage of her interview, the context of discussing the ""need"" for driving and participating in a report about it indicates support for the policy."
340,جعلهم مايسقون المراه بيتها ابرك لها من الاهانه بالشوارع🤔 #لن_تقودي,Women Driving,Against,"The writer explicitly states that it is ""better"" (ابرك) for the woman to stay in her home than to face ""humiliation in the streets"" (الاهانه بالشوارع) if she drives. The use of the hashtag #لن_تقودي (You will not drive) further confirms the opposition to the target."
341,#لن_تقودي فعلا لن اقود تدرون ليش لان محدثتكم ما تعرف تفتح قفل السياره 😂😂😂🙄🙄,Women Driving,None,"The writer uses a hashtag that is typically used by opponents (#YouWillNotDrive), but immediately subverts it with a joke. She states she won't drive not because of a policy or religious belief, but because she personally doesn't know how to unlock a car. The tweet is humorous and self-deprecating, expressing a personal lack of skill rather than a stance for or against the right of women to drive."
342,احتاج للسياقة نعم مع مراعاة حدود ديني وحجابي والوقت الآمن اللي مسموح اني اطلع فيه مافيها شي. لكن اطلع بأنصاف الليالي واسافر من بلد لبلد من غير محرم عفوا لاضرورة شرعية تبيحه ولا عادات وتقاليد اصيلة ولا حتى محارم يرضونها لنا🤚 #المراه_السعوديه_تسوق,Women Driving,Favor,"The writer explicitly states ""I need to drive"" (احتاج للسياقة) and asserts that there is ""nothing wrong with it"" (مافيها شي), provided it aligns with her religious and social boundaries. While she expresses opposition to traveling without a guardian, her stance toward the act of driving itself is supportive."
343,#المراه_السعوديه_تسوق عسي ماهو عفيه,Women Driving,Against,"The phrase ""عسي ماهو عفيه"" is a Saudi dialect expression used to express apprehension, doubt, or a wish that something is not being forced or happening against a natural/correct order. In this context, the writer is questioning the validity or the ""forced"" nature of the decision, indicating a lack of support or a negative view toward the policy."
344,#المراه_السعوديه_تسوق ألف مبروووك حبيباتي السعوديات 💕💕💕,Women Driving,Favor,"The writer uses celebratory language (""ألف مبروووك"" - a thousand congratulations) and affectionate terms (""حبيباتي"" - my dear ones) to welcome the policy change, clearly expressing support and happiness for Saudi women being allowed to drive."
345,#سايق_يعتدي_على_امراه_بالدمام حدوث حالة اعتداء واحدة كفيلة بأن تغير قانون لو كان في بلد غير بلد #لن_تقودي,Women Driving,Against,The writer uses a specific incident of assault to argue that such occurrences should be enough to change the law (implying the law allowing women to drive should be reversed). The use of the hashtag #لن_تقودي (You shall not drive) further confirms the writer's opposition to the target.
346,#لن_تقودي والنهاية يعني من قالكم اكبر همنا السيارات والقيادة .. احنا نحتاج مترو او باصات تساعدنا او تسهل علينا المشاوير من دون سواق وتكاليف,Women Driving,None,"The writer is shifting the focus away from the driving debate, arguing that the primary need is for public transportation (metro or buses) rather than the right to drive. By stating that driving is not their ""biggest concern,"" the writer expresses indifference toward the target itself in favor of a different systemic solution."
347,#المراه_السعوديه_تقود_السياره يامن وحدتن بتعجب فيه 😷😂🏃🏻,Women Driving,Favor,"The writer is mocking those who are surprised or shocked by women driving (using the phrase ""those who are wondering/surprised"" combined with the face-mask and running emojis to signal ridicule). By mocking the opponents or the skeptics of the policy, the writer expresses support for the target."
348,#قياده_المراه_قادمه راح نشوف شروط جديدة في عقود الزواج مثل نوع السيارة وقبله موقف الزوج من سياقة زوجتة 🤔🙄 #السماح_بقيادة_المرأة #السعودي,Women Driving,None,"The writer is speculating about the social consequences of the policy (specifically how it might affect marriage contracts and requirements) rather than expressing a personal opinion for or against the policy itself. The use of emojis (🤔🙄) suggests a reflective or skeptical tone regarding the social shift, but not a rejection or endorsement of the driving ban lift."
349,#المراه_السعوديه_تسوق من اولها تبي تفضي الشارع😕,Women Driving,Against,"The writer uses sarcasm to criticize the policy, suggesting that women wanting to drive is merely a way to ""clear the street"" (implying they are incompetent drivers or that the move is impractical/problematic), accompanied by a confused/dissatisfied emoji (😕)."
350,#لن_تقودي قودي المكنسه في السفارات الغربيه ياحقوقيه 😂😂😂,Women Driving,Against,"The writer uses sarcasm and mockery to oppose women driving. By telling the woman to ""drive the broom"" (a derogatory reference to cleaning/domesticity) instead of a car, and mocking her as a ""human rights activist"" in Western embassies, the writer is explicitly rejecting the target and ridiculing those who support it."
351,#لن_تقودي ياليت ننهض بالعلم والاقتصاد ونترك السواقه والسينما,Women Driving,Against,"The writer uses the hashtag #لن_تقودي (You will not drive) and expresses a wish that the focus remains on science and economy instead of driving and cinema, indicating a rejection of the policy change."
