row_id,stage2_challenge
0,"I agree with the **Favor** classification, but the original justification contains a significant factual and contextual error that weakens its argument.

The annotator claims the writer mocks ""hesitation or skepticism surrounding the policy."" This is incorrect. The hashtag `#قيادة_المرأة_السعودية` refers to the **legalization** of women driving in Saudi Arabia, which was a progressive reform. The tweet is not mocking hesitation about *whether* women should drive (a settled fact), but rather mocking the **conservative opposition** who argue that women driving leads to moral decay or societal issues.

The phrase ""I will shave my mustache with a piece of glass"" is a cultural hyperbole used to assert that the premise (women driving is bad/unnatural) is so absurd that the speaker would do something physically impossible before agreeing with it. By suggesting a Kuwaiti woman (from a country where women have long driven) as a ""test case,"" the speaker is challenging the Saudi conservatives' fears by implying that if they see a woman from a neighboring country drive, they should realize there is no inherent danger.

Therefore, the stance is **Favor** because the author is actively ridiculing the *opposition* to the policy. However, the justification"
1,"The original classification is **correct**.

However, the justification is weak because it relies heavily on interpreting ""excitement"" as political support without explicitly addressing the cultural context. A stronger argument would note that the tweet’s primary function is **humorous participation** in a trending topic. The use of elongated letters (""بصصصصصصيح"", ""خخخخخخخخخخييييييععععععر"") mimics the sound of a car engine revving or screaming with joy, which is a common meme format in Saudi Twitter culture. By actively role-playing the act of driving and expressing desire (""ابغا أسوِّق"") in alignment with the hashtag #المراه_السعوديه_تسوق, the user is performatively endorsing the activity. There is no ambiguity here: the tone is celebratory, not critical or neutral."
2,"The classification is **correct**, but the original argument is weak because it misinterprets the mechanism of the mockery.

The tweet does not argue that women *cannot* drive or that they cause chaos. Rather, it mocks the *spectacle* of women driving by reducing their action to a source of voyeuristic entertainment for others (""people are looking around at every signal""). The laughter (😂) targets the social attention and perceived novelty of women behind the wheel, implying that their presence on the road is a distraction or a joke, rather than a normal civic activity. This reinforces an **Against** stance by framing women's driving as an aberration worthy of ridicule, rather than a right. The original argument's focus on ""chaos"" misses the nuance of ""objectification/distraction."""
3,"The original classification is **correct**, but the justification is **flawed in its interpretation of the sarcasm**.

**Critique of Original Argument:**
The original argument claims the author is ""mocking the previous ban"" by joking that a man is lucky to drive. This is a misreading. The sarcasm is directed at the **absurdity of the previous logic** that only men could drive. By stating ""Only Adel Al-Jubeir is lucky! From tomorrow he can drive,"" the author is using hyperbolic irony to highlight that the *only* change occurring is that men (even specific ones like Al-Jubeir) are now explicitly noted as drivers, while implying that women’s driving was previously treated as an anomaly or non-issue. However, a stronger reading is that the tweet is sarcastically highlighting the **triviality** of the decree for men, while celebrating the victory for women. The key indicator is the hashtag `#المراه_السعوديه_تسوق` (Saudi Woman Drives), which aligns the tweet with the pro-women driving movement.

**Refined Justification:**
The stance is **Favor**. The tweet employs irony to celebrate the lifting of the ban. The phrase ""Only"
4,"The classification is **correct**, but the original justification is weak because it focuses too heavily on the explicit statements while ignoring the potent rhetorical device of **sarcasm** and **wordplay** that defines the tweet's tone.

The hashtag `#لن_تقودي` is a pun: it sounds like ""You will not drive"" (imperative/prohibition) but is spelled with ""لن"" (future tense negation), implying ""You are not going to drive."" This mimics the aggressive, dismissive tone often used by opponents of women driving, likely to mock them or perform radical opposition.

The justification should explicitly note that the author is not just stating a preference, but employing **hyperbolic rejection** (""I will serve them myself,"" ""I will not marry..."") to signal a hardline **Against** stance. The weakness in the original argument is that it treats the text as a straightforward declarative statement rather than recognizing the performative, likely satirical or provocative, nature of the hashtag and the extreme conditions set for marriage. However, despite this nuance, the core sentiment remains firmly **Against**."
5,"The classification is **correct**, but the original argument is weak because it misinterprets the rhetorical strategy.

The original annotator claims the writer argues women *have the right* to drive. This is inaccurate. The tweet employs **sarcasm** and **reductio ad absurdum**. The writer mocks the #لن_تقودي (You will not drive) movement by pointing out the logical inconsistency of their opposition: if the opposition's underlying fear is that women will ""take over"" or assert dominance (hence opposing them driving a mere car), then that logic fails because women like Zenobia already led empires.

The stance is **Favor** not because the tweet explicitly cites legal rights, but because it **ridicules the opponents' logic** as irrational and hypocritical. The tone is mocking (""ماعم افهم"" - I really don't understand), which signals strong disagreement with the anti-driving sentiment. The original justification missed the sarcastic tone and the specific logical trap being set for the opponents."
6,"The original classification is **correct**, but the justification is weak because it overlooks the central rhetorical device of the tweet: **ironic deflection**.

The annotator correctly identifies the hashtag `#لن_تقودي` and the exclusionary tone. However, they fail to explain *why* the author uses phrases like ""God willing we drive our situation like the world's peoples"" and ""there will definitely be conditions."" This is not a sincere endorsement of global equality; it is a sarcastic concession. The author mocks the idea of women driving by suggesting that if it happens, it will be under strict, traditional ""conditions"" (likely implying male guardianship or segregation), contrasting it with the ""world's"" liberal approach.

The phrase ""you are used to the street being yours"" combined with the condescending emojis (`☺️🌹`) reinforces an ""us vs. them"" dynamic, framing female drivers as an unwanted imposition on a male-dominated space. The stance is clearly **Against**, but the reasoning should highlight the **sarcastic irony** and the **conditional acceptance** rather than just the literal surface meaning of ""sharing the road."""
7,"The original classification is **correct** (Favor), but the justification relies heavily on interpreting sarcasm without explicitly linking it to the target's identity.

To strengthen the argument: The hashtag `#لن_تقودي` (You won't drive) is a known slogan used by opponents of women's driving rights. The tweet uses this hashtag ironically, followed by `🙃` (upside-down smiley) and aggressive colloquial insults (`شدخلكم` = shut your mouths/face it, `قاعدين على قلوبكم` = are you sitting on our hearts/are you obsessed with us?). This rhetorical structure mocks the opponents' intrusion into personal freedom. By attacking the *opponents* of the policy with sarcasm and defensiveness, the author aligns themselves with the *supporters* of women's driving. The stance is Favor because the author defends the right to drive by ridiculing the restrictions."
8,"I agree with the **Against** classification, but the original justification is weak because it misses the crucial linguistic device of **sarcastic rhetorical questioning**.

The phrase ""وسقتي وبعدين يعني ؟؟"" (And you drove, and then what???) is not merely condescending; it is dismissive, implying the act is trivial or meaningless in a religious or moral context. The question ""بتدخلين الجنه مثلاً ؟"" (Will you enter paradise for this, for example?) is heavily sarcastic, suggesting that driving holds no spiritual merit or is even a distraction from it.

Furthermore, the justification underplays the severity of the hashtag integration. By pairing the criticism with `#المراه_السعوديه_تسوق` (Saudi women drive), the author is directly attacking the movement itself, not just individual behavior. The invocation of ""chastity"" (`العفيفات`) frames driving as inherently linked to moral corruption or loss of virtue, which is a strong ideological argument **Against** the target, not just personal disapproval. The original argument should emphasize that the tweet attacks the *legitimacy* of the practice, not just the *timing* or *individuals*."
9,"The classification is **correct**, but the original justification is weak because it relies on a literal reading that ignores the grammatical structure and likely sarcastic intent of the tweet.

**Critique:**
The tweet uses the conditional verb ""تمكنها"" (enables her) rather than a direct statement of fact or praise. In the context of Saudi social media discourse regarding this specific hashtag, this phrasing is frequently used ironically to mock the argument that women need driving licenses for basic survival or safety, implying the premise is absurd or that the ""benefits"" are exaggerated.

While a literal reading supports ""Favor,"" a more nuanced critique should acknowledge that the tone is ambiguous between genuine support and sarcasm. However, given the explicit listing of positive outcomes (independence, safety) without overt negation or mocking markers (like ""😂"" or ""ياخي""), ""Favor"" remains the most defensible label, but the justification should note the ambiguity rather than claiming the support is ""clearly demonstrated."""
10,"The classification is **correct**, but the original argument contains a significant logical flaw regarding the hashtag #لن_تقودي.

**Critique of Original Argument:**
The annotator incorrectly interprets #لن_تقودي as an expression of opposition *by the tweet author*. In Arabic social media discourse, this hashtag is a slogan used by **pro-driving rights activists** (meaning ""You will not stop us from driving"" or a defiant ""We will drive""). The author is likely quoting or referencing the debate, but the sentiment of the *text* itself is what matters. The hashtag alone does not prove the author's stance; in fact, pairing it with ""غير صحيح"" (It is not true) suggests the author is rebutting the *necessity* argument, not necessarily the right itself, but the strong ""Against"" label is justified by the text's prioritization of other social issues over driving rights.

**Refined Justification for ""Against"":**
The stance is **Against** (specifically, against the *necessity* and *priority* of the issue) because:
1.  **Explicit Denial of Necessity:** The tweet starts with ""غير صحيح أن... ضروره"" (It"
11,"The original classification is **correct**, but the justification has a significant weakness regarding tone analysis.

**Weakness in Original Argument:**
The original argument treats the tweet as a straightforward statement of opinion. It fails to address the likely **sarcasm** or **irony** inherent in the structure. The phrase ""I will tell you a secret"" (#لن_تقودي) following a promise of ""correct solutions"" suggests the author is mocking the situation or the women involved, rather than merely stating a policy preference. The hashtag implies that despite the ""correct"" administrative solutions promised, the ultimate outcome will be the denial of driving rights, framing the ""solution"" itself as a deception or a futile gesture.

**Refined Justification for ""Against"":**
The stance is **Against**. While the initial sentence appears neutral or supportive of solving local problems, the pivot to the hashtag #لن_تقودي (You will not drive) as a ""secret"" reveals the author's true intent. By framing the denial of driving rights as an inevitable, hidden truth behind the official rhetoric, the author explicitly rejects the target topic. The tone is cynical and dismissive, confirming an oppositional stance toward women driving."
12,"The original classification is **correct**, but the justification is weak because it misinterprets the rhetorical tone.

The phrase ""حنا مانبي نسوق"" (We don't want to drive) is likely **sarcastic** or hyperbolic, used to mock the prioritization of driving rights over more severe structural issues (""حليييتو المشااكل اللي تمر فيها المرأة"" - fix the problems women are going through). The stance is not a literal rejection of driving, but a critique of *activist strategy* or *priorities*.

However, since the tweet actively opposes the *current demand* for driving rights by labeling it misplaced and using the oppositional hashtag #لن_تقودي, the stance remains **Against** the specific target of ""women's right to drive"" (as a current political priority). The justification should have highlighted the **sarcasm** and the argument about **misplaced priorities** rather than treating ""we don't want to drive"" as a literal statement."
13,"The original classification is **correct**, but the justification is superficial and misses the crucial nuance of the tweet's tone.

The original argument focuses solely on positive phrases like ""beginning of goodness"" and ""development."" However, it ignores the significant conditional nature of the stance. The writer does not unequivocally support the policy; rather, they express a *hope* that it will be beneficial (""make it a beginning of goodness... and be more benefit than harm"").

More importantly, the tweet contains a strong prayer against ""fitnah"" (chaos/tribulation) and ""evil"" (""ask God to protect us from the evil of fitnah""). In the context of this specific social debate in Saudi Arabia, invoking protection from ""fitnah"" is often a code for fearing the moral or social consequences of women driving. This suggests an **ambivalent** or **cautious** stance, bordering on **Against** the potential negative outcomes, rather than a clear **Favor**. A ""Favor"" stance would typically celebrate the right itself without praying for protection from the resulting social chaos. Therefore, while ""Favor"" might be the best fit among the three rigid options due to the initial blessing, the justification fails to acknowledge the underlying anxiety and"
14,"The original classification is **correct**.

However, the original justification contains a critical translation error that undermines its linguistic rigor. The justification claims `#سنسوق_فوق_خشومكم` translates to ""we will drive over your noses."" While ""نoses"" (خشوم) is part of the phrase, the full idiom ""سوق فوق خشمك"" is a vulgar Saudi dialect expression meaning roughly ""stick it up your nose"" or ""go screw yourself,"" used here as a defiant retort by proponents of women's driving. The tweet is mocking the *arrogance* or *audacity* of that specific aggressive hashtag, not necessarily the act of driving itself, but the inclusion of `#لن_تقودي` (""You will not drive"") confirms the ultimate stance is **Against**.

The justification should have clarified that the writer is dismissing the *tone* of the pro-driving hashtag as unrealistic (""dreaming""), while the second hashtag explicitly states the opposing position. The conclusion is right, but the linguistic analysis of the first hashtag was imprecise."
15,"The original classification is **correct**, but the justification relies too heavily on the emojis and ignores the historical weight of the hashtag itself.

**Critique of the original argument:**
The justification claims the emojis signal ""mocking and triumphant tone."" While plausible, emojis like 😎 and 😜 can also denote casualness or irony without necessarily implying malicious triumph. A stronger argument rests on the hashtag `#لن_تقودي` (""You will not drive""), which was the central slogan of the conservative opposition to the lifting of the driving ban in Saudi Arabia. Using this specific, loaded political slogan is a definitive signal of stance, regardless of the accompanying emojis. The emojis likely serve to soften the aggression or express schadenfreude, but the hashtag alone is sufficient to classify the stance as **Against**.

**Revised Justification:**
The tweet uses the hashtag `#لن_تقودي` (""You will not drive""), which is a well-known slogan associated with the campaign against allowing women to drive in Saudi Arabia. The inclusion of this specific political marker clearly indicates opposition to the target topic. The emojis likely reinforce a sense of satisfaction or mockery toward the pro-driving movement, but the stance is primarily established by the hashtag's inherent political meaning."
16,"The original classification is **correct**, but the justification contains a significant misinterpretation of the Arabic idiom used in the tweet.

**Critique of Original Argument:**
The annotator incorrectly translates ""لايبدل النعمة اللي احنا فيها"" as ""may God not change the blessing we are in."" In Arabic, the phrase ""لا يبدل الله النعمة التي أنعم بها على قوم"" (God does not change the blessing He has bestowed upon a people until they change what is within themselves) is a Quranic reference. Here, the author is arguing that the *current social order* (where women do not drive and are served by men) is the ""blessing"" that should be preserved, implying that allowing women to drive would be a negative change or a loss of that specific divine/social blessing. The annotator’s phrasing suggests a passive preservation, whereas the tweet is an active ideological stance defending the ban as a protected state.

**Refined Justification for ""Against"":**
1.  **Ideological Defense:** The phrase ""لايبدل النعمة"" is used to frame the prohibition of women driving as a divine or traditional blessing that must not be altered.
2.  **Explicit Rejection of"
17,"I agree with the classification **Favor**, but the original argument is incomplete because it misses the crucial contextual cue in the first half of the tweet.

The justification focuses solely on the defiant ending (""I must drive despite you""), which is correct. However, it ignores the phrase ""م راح نقود 😂"" (won't drive 😂). This is likely **sarcastic compliance** or a mock protest, a common rhetorical device in this debate where users pretend to agree with the ban to highlight its absurdity or to troll opponents. The laughter emoji (😂) signals that the initial refusal is not genuine.

Therefore, the stance is not just ""asserting a right"" but actively **mocking the opposition's ideology** (calling them ""ورع"" - overly pious/hypocritical) while confirming the intent to drive. The stance is Favor, but the reasoning should emphasize the sarcasm and mockery of the ""Against"" faction, rather than just a direct assertion of rights."
18,"I agree with the **Favor** classification, but the original justification is weak and relies on a somewhat tenuous causal jump.

**Critique of the Original Argument:**
The original argument assumes that the desire to travel to Bahrain is *solely* or *primarily* enabled by the right to drive. However, women in Saudi Arabia could already travel to Bahrain via other means (e.g., being driven by male guardians or taking public transport/flying). Therefore, the tweet does not explicitly link the driving ban to the inability to travel.

**Stronger Justification for ""Favor"":**
The stance is best understood through **contextual satire and relief**. During the era of the driving ban, the hashtag `#قيادة_المراة_السعوديه` was often used to highlight the absurdity of the restrictions. Asking ""When are we going to Bahrain?"" is likely a rhetorical expression of **longing for freedom of movement**. While the driving ban was a specific legal barrier, it was a primary symbol of the broader lack of autonomy for women. The tweet expresses enthusiasm for the *change* in status quo implied by the hashtag. The tone is celebratory/anticipatory regarding the topic, marking it as **Favor** because"
19,"The classification of **Favor** is correct, but the original justification is weak because it relies on an assumption of intent rather than textual evidence.

**Critique of Original Justification:**
The annotator assumes that because the *event* is celebratory, the *author* supports it. However, reporting on a celebration does not inherently constitute a stance; a critic could report on the flowers sarcastically or as evidence of superficiality. The justification fails to analyze the author's specific linguistic markers.

**Stronger Argument for ""Favor"":**
The stance is Favor not just because of the event, but due to the **tonal framing**. The use of the hashtag `#المرأة_السعودية_تسوق` (Saudi Women Drive) alongside the description of a positive, humanitarian gesture (giving flowers) by state security (`الامن`) creates a narrative of harmony and state support. There is no sarcasm, irony, or negative adjectives used. The juxtaposition of ""security"" (often associated with restriction) with ""flowers"" (associated with welcome/celebration) actively reframes the policy as a welcomed social milestone, indicating a supportive stance."
20,"The original classification is **incorrect**. The stance should be **Favor**.

**Reasoning:**
1.  **Misinterpretation of Sarcasm:** The annotator misreads the sarcasm. The tweet is not mocking women drivers; it is mocking the *opposition* to women driving. The dialogue highlights the absurdity of the claim that a car becomes ""tainted"" or socially suspicious just because a woman drove it to a wedding.
2.  **Logical Rebuttal:** By stating ""I went in it to my aunt's daughter's wedding two months ago"" and implying the car was fine/recognized, the user is dismantling the argument that women driving causes social issues or ""corrupts"" the vehicle. It suggests that the opposition's concerns are baseless.
3.  **Hashtag Context:** While `#لن_تقودي` (You will not drive) is often used by the opposition, in this specific context, the user is likely quoting the opposition's chant or using it ironically to set up the rebuttal. The core content of the tweet defends the normalcy of women driving by exposing the irrationality of the stigma. The tone is dismissive of the *anti-driving* argument, not the act"
21,"The original classification of **Favor** is correct, but the justification regarding the hashtag is weak and potentially misleading.

The argument that the hashtag `#لن_تقودي` is used ""ironically"" is an over-interpretation. It is far more likely that the user is engaging in a common social media tactic: quoting the opposing slogan (#لن_تقودي) to explicitly refute it in the subsequent text. The stance is driven entirely by the declarative sentences that follow the hashtag:
1.  **""ماكو اي مشكلة""** (There is no problem at all): A direct endorsement.
2.  **""حالة حال اي بشر""** (Same as any human): An appeal to equality.
3.  **""انعدام الوعي حضاري""** (Lack of civilized awareness): An attack on the *opponents'* logic regarding harassment, framing the resistance as ignorance rather than valid concern.

The weakness in the original justification is relying on the theory of ""irony"" for the hashtag. A stronger justification would note that the hashtag serves as a **counter-premise** or a reference to the debate context, while the **stance** is explicitly located in the body of the tweet which unequivocally supports women's right to"
22,"The original classification is **correct**, but the justification contains a significant factual and contextual error regarding the nature of the sarcasm.

**Critique of Justification:**
The original argument claims the writer is using sarcasm to ""mock the perceived vanity... of women who would drive."" This misreads the target of the mockery. The writer is not mocking women for being vain; rather, the writer is expressing relief that women *do not* drive (at the time of the tweet, likely pre-2018 when the ban was lifted) to avoid encountering the *men* who would harass them.

**Correct Analysis:**
1.  **Literal Meaning:** ""Alhamdulillah women don't drive, otherwise men of the type [who ask: 'Where did you buy your car? From America? For a million plus'] would come to you.""
2.  **Target of Mockery:** The bracketed text describes a specific type of man—likely a harasser or someone intrusive—who would judge or pester a female driver about her vehicle's origin and price.
3.  **Stance:** The writer supports the ban (or the status quo of non-driving) because it protects women from this specific type of male harassment/interaction. The"
23,"The original classification of **Against** is correct, but the justification is weak because it misinterprets the primary rhetorical mechanism. The tweet is not merely ""dismissive"" or ""trivializing""; it is explicitly **condescending and restrictive**.

The core argument against the stance is found in the phrase **""ماكو ابيض واسود بس""** (there is no white and black only). This is a sarcastic jab implying that women are immature and obsessed with aesthetics rather than practicality, reinforcing negative stereotypes about women's competence behind the wheel.

Crucially, the command **""لا تشغلين العالم""** (don't occupy/burden the world) is an imperative telling women to stop advocating for their rights or making noise about the issue. It frames the act of seeking or exercising the right to drive as a nuisance to society. This is not just ""trivialization""; it is an active call for women to cease their engagement with the topic, which is a clear **Against** stance toward the normalization or advocacy of women driving. The original argument fails to highlight that this is an imperative suppression of women's voice, not just a mockery of their preferences."
24,"The original classification is **correct**.

However, the justification is slightly weak because it relies too heavily on the hashtag to confirm the stance, whereas the rhetorical structure of the sentence itself is the primary indicator.

A stronger critique would highlight the **reductio ad absurdum** logic used in the tweet. The annotator should have explicitly explained that the tweet accepts the premise that ""women praying at home is superior"" (a specific religious viewpoint) and uses it to argue *a fortiori* that driving (a public, independent act) is logically even more contradictory to that conservative ideal. The tone is not just opposition; it is a **religious-moral condemnation** framed as a logical inquiry (""فكيف"" - then how is it...), implying that driving is not just illegal or inconvenient, but morally/religiously inconsistent with the ""better"" alternative of seclusion. The hashtag #لن_تقودي serves as the punchline, but the argumentative weight lies in the religious comparison."
25,"The original classification is correct. The hashtag `#المراه_السعوديه_تسوق` (Saudi Woman Shopping) is a widely recognized proxy for the celebration of women's driving rights in Saudi Arabia, as the ability to drive was a prerequisite for independent shopping trips for many. The enthusiastic tone (""beautiful feeling,"" heart-eyes emoji) clearly signals support for this newfound freedom. The justification is accurate, though it could be strengthened by explicitly noting the cultural context linking ""shopping"" to the lifting of the driving ban."
26,"The original classification is **correct**. The annotator’s justification is sound and accurately captures the explicit sentiment markers in the tweet.

However, to strengthen the argument, the justification could explicitly mention the use of the hashtag `#قيادة_المرأة_لسيارة` and the emoji `😎` (cool sunglasses), which reinforce not just gratitude, but a sense of pride and empowerment associated with the policy. The phrase ""يوم تاريخي"" (historic day) is the strongest indicator, framing the personal achievement as a significant societal milestone, which eliminates any ambiguity about the stance being merely neutral or informational. There are no weaknesses in the final verdict, though the analysis could be slightly more comprehensive by noting the celebratory tone implied by the multiple positive emojis (`😎`, `🙏🏻`, `😍`)."
27,"The original classification is **correct**.

However, the justification is slightly weak because it treats the religious invocation and the hashtag as separate pieces of evidence rather than showing how they reinforce each other. A stronger justification would emphasize that ""الله يكفينا منك"" (and its variations like ""شركن"") is a culturally specific idiom used to express strong aversion or fear of a person or idea, framing the target not just as policy to be opposed, but as a moral or social evil to be avoided. The hashtag #لن_تقودي serves as a direct imperative prohibition, solidifying the stance as active opposition rather than mere skepticism."
28,"The original classification is **correct**, but the justification is weak because it misidentifies the rhetorical device. The tweet is not primarily sarcastic; it is a direct, rhetorical question addressing the double standards in media coverage.

The author contrasts the excessive media spectacle (""flowers, photography, flashes"") that would accompany a woman driving with the mundane reality of men driving (""just press the flash""). This highlights the absurdity of treating women driving as a monumental event rather than a normal right. By pointing out this disparity, the author implicitly supports the normalization of women driving, arguing it should be treated with the same ordinary respect as men driving. The stance is **Favor**, but the reasoning should focus on the critique of media sensationalism and the call for equal treatment, not just ""playful anticipation."""
29,"The original classification is **correct**, but the justification lacks nuance regarding the rhetorical strategy.

While the stance is indeed **Favor**, the argument weakens itself by ignoring the aggressive, confrontational tone. The repetition of ""سوف تقود"" (she will drive) and the phrase ""غصباً عنكم"" (against your will/in spite of you) indicates not just support, but a defiant reclamation of rights from an opposing group. A stronger justification would highlight that the tweet frames the issue as an inevitable victory over opponents, rather than merely a positive assertion. However, since the core intent is unequivocally supportive, the label stands."
30,"The original classification is **correct** (Favor), but the justification is weak because it misinterprets the primary rhetorical function of the hashtag.

**Critique of Original Argument:**
The original annotator claims the content ""contradicts"" the hashtag. This is inaccurate. The hashtag `#لن_تقودي` (You will not drive) is likely being used as a reference to the opposing movement or a sarcastic retort to those claiming women *will* drive immediately. The tweet does not contradict it; rather, it explains *why* the opposition cited in the hashtag might persist (due to ""backward"" public opinion) while simultaneously defending the government's stance as ""aware"" and correct.

**Refined Justification for ""Favor"":**
1.  **Defense of Pro-Policy Leadership:** The tweet explicitly defends Crown Prince Mohammed bin Salman and the Saudi government (`ال سعود ماعندهم مشكله` - The Sauds have no problem; `واعيين` - They are aware/enlightened). Since the MBS-led government actively pushed for the lifting of the ban, defending them is a proxy for supporting the policy.
2.  **Dismissing Opposition:** By labeling the resistance as stemming from a"
31,"The original classification is **correct** (Favor), but the justification is weak because it misinterprets the direction of the sarcasm.

The justification claims the writer is mocking the hashtag `#لن_تقودي` (You will not drive). This is unlikely; the writer is almost certainly mocking the *pro-driving* narrative or the intensity of the debate itself. The phrase ""As if we are dying to drive"" (`ع اساس ميتين ع سواقه`) is a classic sarcastic dismissal of the *desire* to participate in the controversial activity.

However, the stance is still **Favor** because of the **emoji** (😝) and the rhetorical framing. By trivializing the opposition's threat (""You won't drive"") as irrelevant to their own lack of desire, the writer is asserting autonomy and dismissing the restrictive ideology. It is a ""nonchalant resistance."" If the writer were truly *Against* women driving, they would likely use more serious or moralizing language rather than a playful emoji while engaging with the pro-driving hashtag context. The stance is ""Favor"" not because they love driving, but because they reject the *prohibition* and the seriousness of the anti-driving movement.

A stronger justification would"
32,"The original classification of **Favor** is correct.

However, the original justification is slightly imprecise in its linguistic analysis. The annotator claims the writer mocks the opponents' ""denial and astonishment."" While ""التنكير"" (rejection/denial) and ""التعجب"" (astonishment) are present, the core mechanism of support is the act of **archiving for future ridicule** (""لضحك على تفكير...""). The stance isn't just implicit; it is explicitly pro-women's driving by framing the opposition as historically absurd and worthy of mockery. The hashtags `#سأقود` (I will drive) and `#لن_تقودي` (You won't drive [implying the opposition's claim]) further cement the user's alignment with the pro-driving side. The justification should emphasize that the *act of preservation for mockery* is the primary indicator of favor, rather than just the presence of the words ""denial"" and ""astonishment."""
33,"I argue the correct stance is **None** (or at best, weakly Against, but the original justification is flawed).

**Critique of Original Argument:**
The original annotator misinterprets the core complaint. The tweet does not mock the *policy* of women driving or the *shift in societal roles*. Instead, it mocks the **commercialization** and **consumerism** associated with the change.

*   **Specific Evidence:** The complaint is that ""productive families"" (home businesses, often viewed positively or neutrally) have shifted to selling ""car rims"" (جنوط). This implies the writer is criticizing the superficial materialism or the specific economic behavior (selling car accessories) that has emerged, not the right to drive itself.
*   **Tone Analysis:** The facepalm emoji expresses exasperation at the *trend* or the *absurdity of the market shift*, not necessarily opposition to women behind the wheel. The writer might be a man annoyed that the focus is on car accessories, or a woman annoyed by the materialistic side of the new freedom.
*   **Missing Link:** There is no explicit or implicit statement that women *should not* drive. The critique is directed at the *consumption patterns"
34,"The classification is correct, but the original justification is weak because it over-interprets the phrase ""طموحنا اكبر"" (our ambition is bigger) as a dismissal of driving rather than a redefinition of female agency.

A stronger critique would focus on the explicit negative framing of the act itself. The tweet does not just say driving is ""less than"" ambition; it explicitly characterizes the car as a source of ""problems and exhaustion"" (المشاكل والإرهاq). This is not merely a preference for intellectual pursuits; it is an active discouragement of the activity by associating it with negative outcomes. The hashtag #لن_تقودي (You will not drive) serves as a definitive command or prediction of refusal, cementing the stance as **Against**. The original argument missed the aggressive tone of the hashtag and the specific vilification of the act, focusing too much on the abstract comparison of ambitions."
35,"The classification is **correct** (Against), but the justification contains a significant factual error that undermines its credibility.

**Critique of Original Justification:**
The annotator incorrectly claims that ""الهنودي"" (Al-Hindawi) refers to ""Indians"" or ""Indian drivers."" This is a misinterpretation of local Saudi context. The hashtag **#لن_تقودي** is a direct reference to the controversial political figure **Waleed Al-Hindawi**, who was known for his strong opposition to women driving in Saudi Arabia. The tweet is not suggesting women hire Indian drivers; it is invoking Al-Hindawi’s slogan (""You will not drive"") and urging people to save his contact number or follow his stance.

**Revised Justification for ""Against"":**
The stance is clearly **Against** because the tweet explicitly repeats the slogan ""#لن_تقودي"" (#YouWillNotDrive), which is a well-known anti-women-driving campaign tagline associated with Waleed Al-Hindawi. By invoking this specific figure and slogan, the author aligns themselves with the opposition to women driving, rather than offering sarcastic advice about hiring drivers as the original argument suggested."
36,"The original classification of **Against** is **correct**.

However, the original justification is weak because it treats the text as a straightforward logical argument rather than recognizing its heavy reliance on **irony and sarcasm**. The justification misses the critical nuance that the tweet is not merely stating a preference but is actively mocking the concept of female empowerment through driving by framing traditional subordination as ""royalty.""

A stronger critique would note that the stance is **Against** because the author uses **sarcastic flattery** (""you are a queen"") to ridicule women who drive, characterizing drivers as jealous (""حقدو عليك"") and those who do not drive as morally superior (""محافضه""). The hashtag #لن_تقودي is used not just as a statement of fact, but as a **performative rejection** of the change, reinforcing opposition by celebrating the status quo as a form of divine or social honor. The original argument correctly identifies the stance but fails to account for the rhetorical device (sarcasm) that drives the opposition."
37,"The original classification of **None** is plausible but arguably misses the critical nuance of the word **""تضخيم""** (exaggeration/hype).

While the author is ostensibly comparing two events, labeling the media coverage as ""exaggeration"" is not a neutral descriptor; it is a **critical judgment**. By asserting that the initial phase was ""media hype"" rather than genuine news or debate, the author implicitly delegitimizes the support for the policy as manufactured noise rather than organic progress.

However, the stronger argument for **None** holds: the author does not explicitly state whether they *like* or *dislike* the outcome (women driving), only that the *process* of media handling it was manipulative or exaggerated. In strict stance detection, criticizing the *framing* or *media strategy* around a topic is often distinct from taking a stance on the *topic itself*.

**Verdict:** I lean towards agreeing with **None**, but the original justification is weak because it ignores the negative valence of ""تضخيم."" A better justification would be: ""The author critiques the *media narrative* (calling it exaggeration) rather than the *policy* itself. Without explicit endorsement or rejection of women driving, the"
38,"The original classification is **correct**, but the justification is weak because it misidentifies the rhetorical mechanism.

The argument claims the writer is ""threatening"" the creator, which implies aggression *against* the opposition. While true, the key evidence for **Favor** is not the threat itself, but the **implication of possession**. By stating ""I will run over you with *my car*,"" the author implicitly asserts that they *have* a car and *drive* it. In the context of the hashtag #لن_تقودي (You will not drive), claiming ownership and operational control of a vehicle is a direct contradiction and sarcastic dismissal of the opposing stance. The classification is correct because the tweet celebrates the ability to drive, but the reasoning should focus on the **assertion of driving capability** rather than just the aggressive tone toward the opponent."
39,"The classification is **Correct**.

The original justification is largely sound but lacks linguistic precision regarding the idiom. The phrase ""مجرد صحيانك تعود حليمه لعادتها القديمه"" is a twisted proverb (usually implying a return to nature/habit) used here to reinforce that women are inherently unsuited for driving. The annotator correctly identified the explicit refusal (""لن نرضى"") and the hostile tone. However, the weakness in the original argument is describing it merely as a ""proverb to suggest... it is a dream."" It is more accurately a sarcastic distortion of a saying to imply that the change is unnatural and temporary. The stance is unequivocally **Against** due to the direct prohibition and derogatory framing."
40,"The original classification of **Against** is correct. The justification is also logically sound, but it could be sharper in identifying the specific rhetorical mechanism used.

**Critique of Original Argument:**
The original justification correctly identifies the fear of social consequences (spinsterhood) as the basis for opposition. However, it misses the nuance of the phrase ""والله يرحم الحال"" (God have mercy on the situation/state of affairs). This phrase implies that the current situation is already dire or that the proposed change will worsen an already difficult social fabric, reinforcing the negative stance through emotional appeal rather than just logical prediction.

**Refined Analysis:**
The tweet is explicitly **Against** the target. The author uses the verb ""أخشى"" (I fear) to predict negative societal outcomes (""زيادة نسبة العنوسة"" - increase in spinsterhood) and claims conservative society will not accept it. The stance is not neutral concern; it is a warning against the policy based on perceived social harm. The closing prayer ""يرحم الحال"" serves as a lament for the potential or existing social unrest, cementing the opposition to the change."
41,"The original classification is **correct**, but the justification contains a critical linguistic error that undermines its rigor.

**Weakness in Original Justification:**
The original argument misinterprets the Arabic phrase **""يا ساتر عن آخرتها""**. The annotator claims this means ""God help us with what comes next"" or implies a prayer for the future. This is incorrect.
*   **""يا ساتر""** is an invocation of God’s attribute *Al-Sattar* (The Veiler/Concealer of faults and sins).
*   **""عن آخرتها""** means ""conceal from us the latter part [of this event]"" or ""cover up the consequences.""
*   The phrase is a common idiom expressing dread: ""God, hide the rest from us"" (i.e., ""Let's not see what happens next because it will be bad/embarrassing"").

**Refined Argument for ""Against"":**
The stance is indeed **Against** because the tweet relies on the stereotype of female incompetence behind the wheel.
1.  **Context:** The hashtag #قياده_المرأه_السعودية (Women driving in Saudi Arabia) sets the target.
2.  **Sarcasm & Mock"
42,"The classification is **correct**, but the original justification is superficial and misses a crucial contextual nuance.

While ""great salute"" and ""dreams have come true"" are indeed positive, the justification fails to address the specific framing of **#الملك_ينتصر_لقيادة_المرأة** (The King triumphs for women's driving). This phrasing attributes the change to the King's benevolence rather than framing it as a fundamental right or social justice issue. The reference to **November 6, 1990**, and ""27 years"" specifically highlights the activists arrested that year, implying that the current policy validates their long-standing struggle.

A stronger justification would note that the tweet expresses favor not just for the act of driving, but specifically for the *royal endorsement* of the activists' historical struggle. The stance is Favor, but the *reason* for the favor is gratitude toward the monarch for validating the protesters, which is a distinct political nuance absent in the original argument."
43,"The original classification is **correct**, but the justification contains a significant factual error regarding the hashtag's meaning that weakens the argument.

**Critique of Original Justification:**
The original argument claims the writer is mocking those who use the hashtag `#لن_تقودي` and suggests that the *opponents* are the ones using it. This is historically and linguistically incorrect. `#لن_تقودي` (You will not drive) was the primary hashtag used by **proponents** (Favor) of women's driving rights in Saudi Arabia. The opponents typically used hashtags like `#لا_لن_تقودي` (No, You will not drive) or `#ستقود_فوضى` (She will drive chaos).

**Revised Analysis:**
The tweet is indeed **Favor**. The writer uses the hashtag `#لن_تقودي` (aligning with the pro-driving movement) and mocks the ""taxi driver"" (`صاحب تكسي`) who is ""afraid of staying at zero"" (`خايف يقعد ع الصفر`). This implies that the opposition to women driving stems from economic self-interest rather than legitimate concern. By ridiculing the economic motives of"
44,"The original classification is **correct**, but the justification relies too heavily on the assumption of sarcasm without sufficient textual evidence, which is a weak methodological stance.

**Critique of Original Justification:**
The phrase ""زين الله يبشركم بالخير"" (Zain, God gives you good tidings) is ambiguous. Without clear linguistic markers of irony (e.g., exaggerated praise, contradictory context, or known sarcastic tropes in this specific political/social dialect), interpreting it as sarcasm is speculative. A reviewer should first look for explicit stance indicators before assuming tone.

**Stronger Argument for ""Against"":**
The primary evidence for the ""Against"" stance is not the potentially ambiguous opening phrase, but the explicit hashtag **#لن_تقودي** (You will not drive). This is a direct, prohibitive imperative statement opposing the target topic. Additionally, addressing ""Zain"" (likely referring to Zain al-Abidin or a specific proponent figure/group) with a blessing followed by a prohibition suggests a rhetorical contrast: ""God blesses you [with patience/truth], [but] you will not drive."" The hashtag is the definitive stance marker here, making the classification robust regardless of the tonal interpretation of the first"
45,"The original classification is **correct**, but the justification requires nuance regarding the speaker's explicit emotional stance.

**Critique of Original Argument:**
The original argument correctly identifies the sarcasm directed at opponents, but it glosses over the speaker's explicit expression of confusion and distress (""Mashi wush aqul"" / ""I don't know what to say,"" accompanied by 💔). While mocking the hypocrisy of opponents implies a lack of support for *their* position, it does not automatically equate to active **Favor** for the policy itself. The speaker appears caught in the middle—disapproving of the opponents' bad faith while feeling personally unsettled or overwhelmed by the social shift.

**Refined Analysis:**
However, in the binary context of stance detection (where ""None"" often implies neutrality rather than distress), **Favor** remains the most defensible label among the standard options because the tweet actively dismantles the moral authority of the opposition. By highlighting that opponents are now benefiting from the policy (""first to buy cars""), the speaker validates the practical reality and necessity of the decision, implicitly siding with the outcome despite personal confusion. The eye-roll emoji (🙄) is directed at the hypocrisy, not the policy. Thus,"
46,"The classification is **correct**, but the original justification is superficial.

While ""Against"" is the right label, the justification fails to contextualize the tweet within the specific socio-political history of the hashtag. #لن_تقودي (You will not drive) was a coordinated, state-aligned propaganda campaign in Saudi Arabia prior to 2018, specifically designed to incite hatred against women driving and to frame the ban as a religious and social necessity.

A stronger justification would note that this is not merely a personal opinion or a direct command, but a reference to a notorious hate campaign. The imperative ""افهمي"" (Understand!) serves to shut down dissent and enforce ideological compliance, moving the stance from simple disagreement to active hostility and enforcement of the ban. The original argument misses the collective, mobilized nature of the stance."
47,"The original classification is **correct**, but the justification is weak because it relies on a speculative interpretation of ""hijacking"" the hashtag without sufficient textual evidence of sarcasm.

**Critique & Refinement:**
The argument that the writer is ""hijacking"" the anti-driving hashtag `#لن_تقودي` is risky. A stronger justification should focus on the explicit **intertextual reference** to the famous Saudi song ""Hayati"" (Life), specifically the line ""Leish ma nosouq billah"" (Why don't we drive, by God?).

1.  **Cultural Context is Key:** The phrase ""حرام حرام"" followed by ""ليش ما نسوق"" is a direct quote from the anthem of the women's driving movement. The original annotator missed this crucial link, which is the primary signal of the stance, not just the rhetorical question about the market.
2.  **Ambiguity of ""Halal/Haram"":** In Arabic, ""حرام"" can mean religiously forbidden or simply ""unfair/shameful."" The original argument assumes the ""unfair"" reading but doesn't explain why the religious reading is discarded. The song reference clarifies that it is a"
48,"The classification is **Correct**, but the original argument is weak because it treats the text as a sincere argument rather than recognizing it as **sarcasm**.

The justification fails to identify the mocking tone. The hashtag `#لن_تقودي` (You will not drive) was a specific anti-reform slogan, and the exaggerated claims that women will remain ""mothers of generations"" and be ""honored and respected"" by being served rather than driving are clearly ironic. The writer is ridiculing the traditionalist view by repeating its platitudes in an absurd manner.

While the surface stance appears ""Against,"" the rhetorical intent is likely **satirical criticism of the traditionalists** (which could arguably be a nuanced ""Favor"" or at least ""None"" regarding the specific prohibition, as it mocks the prohibition's logic). However, since sarcasm often aligns with the opposing side of the target, ""Against"" is acceptable only if the annotator notes that the tweet is **mocking the opposition**, not genuinely supporting the ban. The original argument misses this crucial layer of irony entirely."
49,"The original classification is **correct**.

However, the justification could be more precise regarding the specific cultural weight of the proverb. The phrase ""لا حجت البقره علئ قرن واحد"" is not just a general dismissal; it is a specific idiom used to label an argument as absurd, weak, or factually baseless because it relies on a single, insufficient point. This strongly reinforces the stance that the proponent's arguments are invalid, not just that the speaker personally dislikes the style. The dark moon emoji (🌚) further signals sarcasm and mockery, confirming the negative stance."
50,"Classification: **Correct**

Critique: The original justification is sound but lacks linguistic precision. The phrase ""قادوكم لنا الله الموقده"" is a severe religious curse (invoking hellfire) directed at the proponents of the policy, not merely a ""dismissive remark."" The hashtag #لن_تقودي (You will not drive) is a known slogan used by opponents of the lifting of the ban. The combination of the hateful religious invocation and the oppositional hashtag clearly signals an **Against** stance. The justification should emphasize the *hostility* of the tone rather than just labeling it as ""critical."""
51,"The original classification is **incorrect**. The correct stance is **Against**.

**Reasoning:**
The tweet employs sarcasm and counter-arguments to defend the prohibition of women driving. The phrase ""ليش السواقه بتجيب فتنه!!"" (Why does driving bring fitna!!) sets up a premise that the author supports by immediately providing ""evidence"" for it: ""يعني الحين مافيه فتن بالمجمعات والاسواق!"" (Meaning, there is fitna in malls and markets now!). By asserting that fitna already exists in other public spaces, the author is validating the conservative concern that *any* public mixing causes social chaos, thereby reinforcing the argument against women entering the public sphere as drivers.

The hashtag **#لن_تقودي** (You will not drive) is a known slogan used by opponents of women driving to demand a ban. In this context, it is not ironic; it is a literal demand. The author is arguing that if fitna is everywhere, then the specific prohibition on driving is justified or at least consistent with the reality of ""fitna,"" thus supporting the status quo of prohibition. The tone is not mocking the opposition but rather amplifying their concerns to justify the ban"
52,"The original classification of **Favor** is likely **incorrect** or at best, highly ambiguous. A more accurate classification is **None** (or potentially **Against**, depending on interpretation of the tone).

**Critique of Original Argument:**
The original annotator over-relies on the hashtag as a proxy for the author's personal stance. In social media discourse, users often adopt trending hashtags to participate in a conversation without necessarily endorsing the sentiment, or to provide a ""counter-narrative"" within that trend. The presence of the hashtag does not override the substantive content of the tweet, which is an anecdote about privilege rather than a political endorsement.

**Argument for ""None"" (or weaker stance):**
The tweet body (""Dear girl, if you have a driver... you see girls who don't have drivers..."") is primarily **descriptive** and **sociological**, not prescriptive.
1.  **Tone:** The tone is conversational and observational (""ترا"" - look/see). It highlights a disparity in privilege (those with drivers vs. those without) rather than explicitly praising the King's decree.
2.  **Ambiguity:** The statement can be read as pointing out that the policy benefits those *without*"
53,"The original classification is **correct**, but the justification is incomplete and misses crucial contextual irony that strengthens the ""Against"" stance.

The original argument relies solely on the hashtag `#لن_تقودي` (You will not drive). However, it fails to account for the sarcasm in the first clause: `ترا انا قاعد اقود سيارتي` (Look, I am driving my car). In the context of the Saudi lifting of the ban, this is a common rhetorical device where men mock the situation by implying that while they are already driving (as they always could), women are now engaging in a futile or illegal act (from the speaker's perspective) or that the speaker is asserting dominance over the road.

The cigarette emoji 🚬 adds a layer of nonchalance or ""coolness"" to this defiance. The tweet isn't just a statement of fact; it's a performative rejection of the new norm. The juxtaposition of ""I am driving"" (normalcy for men) with ""You will not drive"" (denial of the new right for women) creates a clear adversarial stance.

**Weakness in original justification:** It treats the tweet as a literal command rather than a sarcastic, gendered"
54,"The original classification is **correct** (Against), but the justification provided by the annotator is **factually flawed and misinterprets the tweet’s logic**.

**Critique of Original Justification:**
The annotator claims the grandmother cites ""the high number of accidents caused by **men**"" as a reason to oppose women driving. This is a severe misreading. The Arabic text says: *""جعله يوافقون عيالنا راحوا بالحوادث""* (They approved for our sons/boys who go with accidents). The grandmother is arguing that **men** are already the primary cause of accidents (""they go with accidents""), and implying that adding women to this mix is unnecessary or that the current situation with men is already problematic. However, the core argument against women driving in this narrative is not based on men's accident rates being low, but rather on a traditionalist view summarized by *""وانت وش كثركن""* (and what do you have in abundance/excess?). The tone is dismissive of women's desire to drive, framing it as unnecessary or excessive.

**Why the Stance is Still ""Against"":**
1.  **Hashtag:** `#لن_تقودي` (You will not drive)"
55,"The classification is **correct**, but the original argument is weak because it treats the hashtag as a neutral descriptor rather than a political slogan.

The justification fails to highlight the **imperative and prohibitive nature** of the phrase. ""#لن_تقودي"" (You will not drive) is not merely stating a prediction; it is a collective demand or curse. The repetition reinforces a stance of active resistance and hostility toward the target topic. The original argument should have emphasized that the tweet expresses a desire to *prevent* the action, which is the definition of an ""Against"" stance, rather than just noting the presence of negative words."
56,"The classification of **Favor** is correct. The original justification is sound, but it could be strengthened by explicitly analyzing the rhetorical structure of the tweet, which employs a *reductio ad absurdum* or continuity argument.

The tweet lists traditionally accepted forms of female ""leadership"" or responsibility (mother, wife, doctor) to establish that women are already capable of high-stakes roles. It then frames driving not as a radical new right, but as a mundane, necessary skill (""ضرورة"") comparable to other mastered skills. The sarcastic/hyperbolic closing (""won’t throw themselves to destruction"") mocks the idea that women are inherently incapable or dangerous drivers, thereby reinforcing the pro-driving stance through irony rather than just direct assertion. The justification misses this ironic dismissal of anti-driving arguments."
57,"The classification is **correct**. The original argument is strong, but it could be more precise regarding the rhetorical mechanism.

The tweet doesn't just ""dismiss"" the event; it actively delegitimizes the pro-driving narrative by labeling it a staged ""theater"" (مسرحية) and ""movies"" (أفلام). The phrase ""يبدو والله العالم"" (It seems, God knows) serves as a rhetorical device to cast doubt and imply conspiracy rather than expressing genuine uncertainty. The hashtag #لن_تقودي is not merely a statement of fact but a defiant slogan reinforcing the stance of opposition. The justification correctly identifies these elements, but emphasizing the *conspiratorial framing* (liberals orchestrating a fake event) strengthens the explanation of the ""Against"" stance."
58,"The original classification (**Favor**) is **correct**, but the justification is weak because it mischaracterizes the hashtag's function.

**Critique of Original Argument:**
The annotator claims the hashtag `#لن_تقودي` (""You will not drive"") is used ""ironically."" This is inaccurate. The hashtag is likely used **satirically** or to **mock opponents**. The user is not expressing irony about their own stance; they are acknowledging the existence of the opposing slogan while explicitly rejecting its premise through their personal reaction (""I am happy with the decision"").

**Refined Reasoning:**
1.  **Explicit Sentiment:** The phrase `مبسوطه ع القرار` (happy with the decision) is a direct, unambiguous expression of support for the ban lift.
2.  **Contextual Disambiguation:** The hashtag `#لن_تقودي` was a prominent slogan *against* the ban lift. By pairing this slogan with `مبسوطه` (happy), the user creates a contrast that highlights their disagreement with the hashtag's sentiment. The rolling eyes emoji `🙃` further signals sarcasm directed at the opposition, not at the policy itself.
3. "
59,"The original classification is **correct** (Favor), but the justification is weak and misses the crucial linguistic nuance that confirms the stance.

**Critique of Original Justification:**
1.  **Misinterpretation of Emojis:** The justification claims the crying emojis (😭) are used in a ""humorous context."" While true, it fails to explain *why* they are humorous. In Saudi Twitter slang, these emojis often denote overwhelming excitement or ""happy tears"" rather than sadness. The original argument doesn't clarify this cultural context, leaving the link between ""crying"" and ""favor"" ambiguous to a non-native reader.
2.  **Ignoring the Negation:** The justification glosses over the phrase ""ماضاع"" (didn't lose). The core of the argument is not just that she is excited, but that she is *relieved* and *happy* because the barrier to driving (losing the keys) didn't happen. The stance is derived from the *success* of obtaining the key, not just the general excitement.

**Refined Argument for ""Favor"":**
The tweet expresses clear support for women driving through relief and excitement. The phrase ""ماضاع مفتاح سيارت ابوي"" (I"
60,"The classification is **Correct**, but the original justification is superficial.

While the hashtags explicitly oppose women driving, a critical reviewer must note that this is likely **performative or sarcastic** engagement rather than a sincere policy argument. The repetition of ""lalala"" and the playful, childlike tone (""#لن_تقودي لالالا"") often mimics the style of trolling or ironic mockery common in Arab Twitter discourse during this specific debate. The user may be mocking the rigid anti-driving narrative rather than endorsing it. However, since the literal semantic meaning of the hashtags is opposition, classifying it as ""Against"" is technically defensible, though the *intent* is ambiguous. A more robust justification would acknowledge the tone's potential for irony while accepting the surface-level sentiment."
61,"The classification **Against** is correct.

However, the original justification is slightly reductive. It misses the nuance of the opening clause: ""ليست من اكبر اهتماماتنا"" (It is not one of our main concerns). This framing suggests a prioritization of moral/religious preservation over civic rights or modernization. The annotator should have highlighted that the stance is not just emotional opposition (""evil""), but a deliberate ideological dismissal of the issue's importance in favor of religious caution (""fitna""). The sarcasm in ""فتح ؟؟"" (Opening??) further reinforces the rejection by mocking the liberalizing implication of ""opening"" a door to sin."
62,"The original classification is **correct**, but the justification is weak because it misidentifies the specific mechanism of the sarcasm.

The tweet does not primarily mock the *intelligence* of the driver, but rather uses a **pun on the word ""Haram"" (حريم)** to attack the legitimacy of women driving. In Arabic, ""Haram"" means both ""forbidden/religious prohibition"" and ""women/family"" (as in *Haram* quarters). The joke contrasts a standard traffic sign (""speed bumps ahead"") with a fabricated sign (""praying women ahead""), implying that for women, the road itself is a place of religious transgression or invisibility.

The original argument claims the author mocks driving *abilities*. A more precise critique would be that the author mocks the *social and religious acceptance* of women driving by suggesting their presence on the road is an anomaly or a religious contradiction, rather than focusing on their competence. The stance is clearly **Against** because it reinforces the narrative that women do not belong in the public driving space, using humor to delegitimize their presence."
63,"The original classification of **None** is correct, but the justification is weak because it dismisses the potential ideological subtext too lightly.

While the tweet primarily promotes a restaurant, the phrase ""الشي الوحيد اللي باقي لنا"" (the only thing left for us) combined with the laughing emoji 🤣 suggests a tone of **mockery or resistance** toward the normalization of women driving. It frames the new reality as a loss or a joke for men, which leans slightly toward **Against** (or at least passive opposition/resentment) rather than pure neutrality. However, given the primary intent is advertising/humor, **None** remains the most defensible label, provided the reviewer acknowledges the implicit conservative framing rather than calling it merely ""incidental."""
64,"The original classification is **correct** (Favor), but the justification contains a significant logical gap that needs scrutiny.

**Critique of Justification:**
The original argument fails to explain the causal link between ""trusting Saudi men as drivers"" and ""women driving."" The tweet explicitly argues against the *stigma* placed on Saudi youth (calling them ""herds of beasts"") and asserts their ""chivalry and honor."" It does **not** explicitly mention women, nor does it directly argue for the *right* of women to drive.

**Refined Analysis:**
The stance is **Favor** because the tweet attacks the core justification used by opponents of the ban: the fear that Saudi men would harass women if they drove them (or if women drove). By asserting that Saudi men possess ""chivalry"" and are not ""beasts,"" the author dismantles the safety/behavioral argument against the policy change. The hashtag `#قيادة_المرأة_السعودية` confirms the context. The author supports the *removal of the ban* by refuting the character assassination of the demographic involved in the driving ecosystem.

**Why it's not ""None"":**
While the text focuses on men's character, in the"
65,"The classification is **correct**, but the justification contains a significant linguistic error that undermines its rigor.

The annotator incorrectly translates/interprets the hashtag `#لن_تقودي` as ""You will not drive"" (addressing a specific ""You""). In the context of the 2011 Saudi Twitter campaign, `#لن_تقودي` was a collective slogan meaning ""We will not let you drive"" or ""She will not drive,"" expressing societal opposition. The tweet itself uses first-person singular (`أنا اميره` - I am a princess) to express a personal refusal based on privilege.

While the final label ""Against"" is accurate because the tweet expresses a refusal to drive based on class privilege (reinforcing the ban), the justification should have clarified that the hashtag represents a collective stance against women driving, while the text provides a personal, superior justification for that stance. The annotator’s claim that the hashtag means ""You will not drive"" (direct address) is misleading; it is a declarative slogan of prohibition."
66,"The classification of **Against** is **correct**, but the original justification relies too heavily on assuming the text is purely sarcastic mockery without acknowledging the rhetorical device used.

A more precise critique is that the tweet employs **ironic prayer** (a common form of satire in Arabic social media) rather than direct opposition. The phrase ""ويكفينا شرها"" (protect us from her evil/harm) is the key indicator. In Arabic rhetoric, asking for protection from the ""harm"" of a policy or group is a strong idiom for rejection or fear of negative consequences. The laughing emoji (😂) confirms that the ""prayer"" for goodness is not sincere but rather a setup for the punchline about the ""harm.""

However, the justification should clarify that this is not just ""mocking the target"" but explicitly invoking a stereotype to argue that the target (women driving) is a source of ""sharr"" (evil/harm). The stance is Against because the author frames the target as a threat that requires divine protection, rather than a right to be celebrated."
67,"The original classification of **Against** is correct.

However, the original justification contains a significant interpretive error that weakens its argument. It claims the tweet suggests women should be ""exempt from other religious obligations."" This is a misreading of the Arabic rhetoric. The tweet is not proposing an exemption; rather, it is using *reductio ad absurdum* (or highlighting a perceived inconsistency) by quoting Sheikh Ibn Ghadyan. The logic is: ""If you remove the obligation of congregational prayer (which is traditionally seen as a male duty or specific context) to accommodate driving, you are dismantling religious norms.""

A stronger justification would focus on the **ironic/sarcastic tone** and the **authoritative citation**. The tweet does not explicitly say ""women should not drive"" in a direct command but invokes a respected religious scholar’s view to imply that the push for women driving leads to the erosion of religious duties. The hashtag #لن_تقودي (You will not drive) is the definitive stance marker, framing the opposition as a prophetic or inevitable outcome of challenging religious tradition. The core argument is that facilitating women driving undermines religious structure, which is a clear **Against** stance."
68,"The original classification is correct, but the justification relies too heavily on implicit inference rather than the explicit semantic structure of the tweet.

A stronger argument for ""Favor"" lies in the phrase **""الوضع مره أوفر""** (the situation is much better/cheaper), which explicitly validates the benefits of the policy. The writer contrasts the positive outcome of women driving with the negative behavior of opponents (""اهمج"" - barbarians). By affirming the policy's benefit and attacking the dissenters, the stance is not just implicit but actively pro-policy. The original argument misses this direct positive assertion of the status quo post-policy."
69,"The original classification is **incorrect**. The correct stance is **Favor**.

**Reasoning:**
The tweet utilizes a common Arabic rhetorical device: **sarcastic repetition** (often referred to as ""mocking the opposition"").

1.  **Contextual Irony:** The user starts with the hashtag `#السماح_للمراه_بقياده_الدراجة` (Allowing women to drive the car/bicycle—note: ""دراجة"" usually means bicycle, but in this specific viral context from the 2017 lifting of the ban, it was often used colloquially or mistakenly for ""سيارة"" car, or the user is making a point about mobility). The key is the repetition of `لن تقودي` (You will not drive).
2.  **Tone Analysis:** The extreme elongation of the word `لن تقوووووووووووووووووووووووودي` is not a sincere statement of fact, but a **mocking imitation** of the conservative voices that claimed ""women will not be able to drive"" or ""women are not allowed to drive."" By repeating the phrase so excessively, the author is highlighting the absurdity or stubbornness of"
70,"The original classification is **incorrect**. The correct stance is **Favor**.

**Reasoning:**
The tweet explicitly states: ""إنشاءالله يكون كلامه غلط"" (God willing his words are wrong). Yasser Al-Tuwaijri was a prominent figure who predicted negative consequences (chaos, moral decay) if women were allowed to drive. By expressing a hope that Al-Tuwaijri is *wrong*, the author is implicitly hoping that the negative predictions will *not* come true, thereby supporting the implementation of women's driving.

The original argument correctly identifies this logic in its self-correction but ultimately fails to commit to the **Favor** label, instead lingering on a confused interpretation of ""skepticism."" In stance detection, hoping for the failure of an opponent's argument constitutes support for the opposing side (the target topic). Therefore, the stance is clearly **Favor**, not Against."
71,"The original classification is **correct**, but the justification contains a significant analytical error regarding the hashtag.

**Critique of Original Justification:**
The annotator incorrectly claims that the hashtag `#لن_تقودي` (#You_will_not_drive) confirms opposition. In the context of the 2011 Saudi Twitter protests, this hashtag was primarily used by **pro-reform activists** and satirists to mock the ban or express frustration with the status quo. It is often used ironically or as a rallying cry *against* the restriction. Relying on this hashtag as proof of ""Against"" stance is a misinterpretation of the socio-political context.

**Refined Argument for ""Against"" (the ban/target status quo):**
The correct stance is **Against** the prohibition of women driving (or Against the current state of affairs regarding this topic), but not because of the hashtag. The primary evidence is the semantic framing:
1.  **""تفاهات"" (Trivialities):** The author explicitly dismisses the debate over women's driving as trivial compared to ""important"" Western discussions. This indicates a disdain for the *fact* that society is still debating this issue, implying the ban is an outdated obstacle preventing"
72,"The classification is **correct**, but the original justification contains a significant factual misreading that weakens its argument.

**Critique of Original Justification:**
The original argument claims the writer states that the number of cars in the women's college parking lot *exceeds* those in the men's. This is a misinterpretation of the Arabic phrase: ""انا من شفت المواقف عند كليتنا اكثر من مواقف كلية العيال.""

In this context, ""المواقف"" (statuses/situations/incidents) likely refers to **traffic incidents**, **parking chaos**, or **driving-related events** witnessed, not a count of parked vehicles. The writer is saying, ""I have seen more [driving incidents/situations] at our college than at the men's college.""

**Refined Argument for ""Favor"":**
Despite the misreading of the specific noun, the stance remains **Favor**. The hashtag `#لن_تقودي` (You will not drive) is a slogan used by opponents of women driving. By using this hashtag ironically or in a defiant context, followed by ""صدقوني بنسوق بنسوق"" (Believe me, we will drive, we will drive),"
73,"The classification is **correct**, but the original justification relies on a somewhat weak inference: it assumes that praying for safety implies support for the *policy* itself, rather than just sympathy for the *people* involved.

A stronger argument would highlight that in the context of the 2018 lifting of the ban, the hashtag `#قياده_المرأه_السعودية` was primarily used by proponents celebrating the change. By engaging with this specific celebratory hashtag and offering blessings (`الله يحفظهن`) rather than warnings or criticism, the author aligns themselves with the pro-policy narrative. The tone is affirmative and protective, which functions as social endorsement of the women's new right to drive, rather than a neutral observation or opposition."
74,"The original classification is **correct** in its conclusion (Favor), but the justification is **weak** because it fails to address the aggressive, sarcastic tone which could easily be misinterpreted as ""Against"" by a superficial reader.

**Critique of the Original Argument:**
The original argument correctly identifies that the objection is to *behavior* (removing hijab, showing off) rather than the *act* of driving. However, it misses the crucial linguistic cue: **""فشلتوتا""** (Fashtoota - a dialectal slang roughly meaning ""Oops/You messed up"" or ""What a disaster""). This phrase is sarcastic and mocking. The annotator should have explicitly stated that the sarcasm targets the *execution* of the new freedom by some women, not the freedom itself. Without this distinction, the hostility in the tweet might lead one to believe the author opposes the policy due to its perceived social consequences.

**Refined Justification for ""Favor"":**
The tweet explicitly states **""سمحوا لكم بالقياده""** (They allowed you to drive), accepting the policy as a given fact. The subsequent criticism (""not removing the hijab..."") is a conditional instruction on *how* to exercise that right, implying"
75,"The original classification is **correct**, but the justification is slightly imprecise regarding the target of the mockery.

The tweet explicitly mocks ""her ignorance"" (جهلها) associated with the hashtag `#المراه_السعوديه_تسوق` (Saudi Woman Shops). In the context of the 2018 lifting of the driving ban, ""shopping"" and ""driving"" became conflated in public discourse; opponents often framed the new mobility as frivolous or indicative of a lack of understanding of social roles. By stating that ""nations laughed at her ignorance,"" the author is deriding the Saudi woman (and by extension, the empowerment/driving movement) as foolish and internationally embarrassing. This is a clear **Against** stance toward the normalization of women's driving/mobility.

**Weakness in original argument:** The original argument suggests the writer mocks the *policy change* directly. It is more accurate to say the writer mocks the *agent* (the woman) and her perceived behavior, which serves as a proxy for opposing the broader social shift allowing women to drive. The sarcasm targets the individual's dignity to delegitimize the social change."
76,"The original classification is **correct**, but the justification is weak because it focuses solely on the emotional reaction while ignoring the crucial contextual marker that defines the stance.

**Critique & Strengthening:**
The justification misses the key phrase **""يوم صار""** (the day it happened/was implemented). This explicitly ties the speaker's happiness to the *enactment* of the law, not just the abstract concept. Without this temporal link, the tweet could be misinterpreted as general sentiment. The heartbreak emoji and ""tears"" here signify overwhelming joy/relief, which, combined with ""I was happy,"" confirms a **Favor** stance. The original argument should have explicitly connected the timing (""يوم صار"") to the positive emotion to rule out ambiguity."
77,"The classification is **correct**, but the original justification is weak because it treats the tweet as a logical argument rather than recognizing its rhetorical nature.

The original argument fails to highlight that the stance is driven by **fear-mongering** and **paternalistic protectionism** rather than a direct critique of driving ability. The tweet relies on a hypothetical worst-case scenario (""when the car breaks down"") to imply inherent vulnerability and lack of agency. A stronger justification would note that the author uses the threat of sexual harassment (""التحرشات"") not just as a risk, but as a moral argument against granting women access to public space, framed through the imperative hashtag #لن_تقоди. The stance is ""Against"" because it posits that the risks (danger/harassement) outweigh the right or ability to drive, effectively arguing for prohibition based on safety concerns."
78,"The classification is **correct**, but the original justification contains a factual error regarding the hashtag that undermines its rigor.

**Critique of Original Argument:**
The annotator incorrectly claims that `#لن_تقودي` (""You shall not drive"") was a slogan used by *opponents* of women's driving. In reality, during the Saudi women's driving movement, this hashtag (and similar variations like `#لن_تقودي`) was predominantly used by **pro-drivers** (supporters) as a defiant statement against the ban, meaning ""You [the regime/oppressors] will not stop us from driving"" or ""We will drive despite you."" It was a slogan of resistance, not rejection of the right to drive.

**Corrected Reasoning:**
The stance is **Against** (against the *ban* on women driving, i.e., Favoring the right to drive).
*   **Context:** The tweet uses sarcasm/irony. ""Alhamdulillah that we do not drive"" is likely a sarcastic retort to conservative critics who claim women shouldn't drive. By pairing it with `#لن_تقودي`, the user is likely invoking the pro-driving resistance slogan.
*  "
79,"The original classification is **correct** (Against), but the justification has a significant weakness in its interpretation of the specific wording.

**Critique of Original Argument:**
The original argument states the writer contrasts ""visiting a friend who gave birth"" with ""visiting a friend who had a car accident."" This is a misreading of the Arabic text. The tweet says:
1. ""زمان بروح اقهوي فلانة ولدت"" (In the past, I used to go visit a friend who had given birth).
2. ""الحين بروح اقهوي فلانة صدمت"" (Now, I go visit a friend who had a crash/accident).

The sarcasm lies in the replacement of a joyful occasion (birth) with a traumatic one (accident) as the primary reason for visiting friends. The implication is that women driving causes so many accidents that ""visiting accident victims"" has replaced ""visiting new mothers"" as a common social activity.

**Why ""Against"" is correct:**
The tweet uses hyperbolic sarcasm to suggest that women driving leads to frequent accidents, framing the policy as a source of social disruption and trauma. The tone is mocking and critical of the change, implying negative consequences"
80,"The classification is **correct**, but the original justification is superficial and misses the core rhetorical mechanism.

While the hashtag and Prince Nayef reference do signal opposition, the primary driver of the ""Against"" stance is the **ad hominem attack** on the opposition's motives, not just the invocation of authority. The tweet explicitly claims that proponents of women's driving rights are hypocrites who seek ""access"" (sexual availability) rather than genuine freedom (""لا يريدون حريتها بل يريدون حرية الوصول إليها"").

The original argument focuses heavily on the *symbols* (Prince Nayef, hashtag) but fails to analyze the *substantive argument* used to delegitimize the target topic. A stronger justification would highlight how the author redefines ""women's freedom"" as a pretext for male exploitation, thereby framing the ban on driving as a protective moral necessity rather than just a traditionalist stance. This nuance is critical for distinguishing between simple conservatism and active moral condemnation."
81,"The original classification is **correct**, but the justification is weak because it relies on an inference rather than explicit textual evidence.

The argument that ""active pursuit"" equals ""support"" is a logical leap; one could theoretically take a test under duress or for mere compliance without ideological support. A stronger justification would focus on the **tone of celebration and relief**. The use of ""تجاوزتها"" (I passed/cleared it) combined with multiple prayer hands (🙏🏻) and the hashtag `#قياده_المرأه_السعودية` indicates a positive emotional alignment with the achievement. The writer is celebrating the success of the process, which inherently signals a **Favor** stance toward the right to drive. The weakness in the original argument is that it doesn't explicitly link the *celebratory tone* to the stance, only the *action*."
82,"The original classification is **correct** (Against), but the justification is weak and misses the primary driver of the sentiment.

**Critique of Original Argument:**
The original annotator focuses on the ""lateness"" of the policy as the source of the mockery. However, the hashtag `#المراه_السعوديه_تسوق` (Saudi woman shops) is a deliberate, ironic juxtaposition. By replacing the act of *driving* (the target topic) with *shopping*, the tweet employs sarcasm to reduce women to stereotypes or suggest that their new freedom is trivialized to consumerism. The laughing emojis reinforce this ridicule.

**Refined Justification:**
The stance is **Against** because the tweet uses ironic substitution and mockery. The author replaces the serious topic of driving rights with ""shopping,"" implying that the change is superficial or that women are incapable of serious engagement with the new right, framing it as a joke rather than a legitimate empowerment. The tone is dismissive and ridiculing, which aligns with an **Against** stance."
83,"The classification is **correct**, but the original argument is weak because it relies too heavily on the emoji and the word ""Greetings"" while ignoring the specific hashtag, which is the primary carrier of meaning.

**Critique & Refinement:**
The hashtag `#المرأة_السعودية_تسوق` (#SaudiWomanShops) is key. In this context, ""shopping"" is a metonym for the broader liberation of women's mobility and public presence enabled by the lifting of the driving ban. The tweet places this activity in ""the streets of Jeddah,"" celebrating the tangible reality of women driving and moving freely. The ""Greetings from Mexico"" suggests a global celebration of this progress. Therefore, the stance is **Favor**. The original justification should explicitly link the hashtag to the target topic (driving) rather than just citing general positivity."
84,"The classification is **correct**, but the original justification is **weak** because it fails to identify the primary linguistic marker of opposition.

The hashtag **#لن_تقودي** is the definitive indicator here. It is not merely a descriptive statement; it is an imperative slogan meaning ""You will *not* drive."" In Arabic political discourse, this specific phrasing was the rallying cry of the conservative opposition. The original annotator treats the hashtag as secondary to the temporal argument (""not at this time""), but the hashtag itself is an absolute denial of the right to drive, regardless of timing. The justification should emphasize that the hashtag constitutes a direct prohibition/opposition, while the rest of the tweet serves to soften the blow by framing it as a gradualist stance rather than a permanent ban, but the core stance remains **Against**."
85,"The original classification is **correct**, but the justification contains a significant linguistic error that weakens its credibility.

**Critique of Justification:**
The annotator incorrectly translates ""تعبين فل"" as ""filling up the car with fuel."" In Saudi dialect, ""تعبين"" (tabbe'en) is a verbal noun meaning ""working hard,"" ""struggling,"" or ""exerting effort,"" and ""فل"" is likely a typo for ""فل"" (ful) meaning ""money"" or, more contextually, part of a phrase implying ""preparing financially"" or simply ""busy with preparations."" It does *not* mean putting gas in the car. The correct interpretation is ""five days left and we are working hard/preparing intensely.""

**Revised Argument for Favor:**
The stance is **Favor**. The tweet expresses anticipation (""five days left"") and active, positive engagement (""working hard/preparing"") regarding the implementation of the law. The use of the hashtag and the celebratory tone (""Good evening..."") indicates support and eagerness for the change, rather than opposition or neutrality."
86,"The classification is **correct**, but the original justification is weak because it focuses too heavily on the ""chore"" aspect and misses the primary mechanism of the mockery: the **trivialization of rights through domestic stereotyping**.

A stronger argument would highlight that the tweet reduces a significant legal and social right (driving) to a mundane household duty (washing the car), implying that women’s only contribution or concern should remain within the domestic sphere. The juxtaposition of ""washing dishes"" (a traditional female chore) with ""washing the car"" (linked to the new driving right) suggests that driving is not an empowerment tool, but merely another domestic burden. The emojis (😆😜😅) reinforce that this is not a serious critique of policy logistics, but a sexist joke reinforcing traditional gender roles, thereby opposing the spirit of the reform."
87,"The original classification is **incorrect**. The stance should be **Against**.

The original argument incorrectly dismisses the sarcasm and the core message of the tweet. Here is why the stance is actually ""Against"":

1.  **Sarcastic Hashtag:** The hashtag `#الملك_ينتصر_لقياده_المراه` (The King triumphs for women's driving) is used ironically. In Arabic social media context, this phrasing often mocks the decision rather than celebrating it, especially when paired with negative imagery.
2.  **Negative Imagery & Stereotypes:** The tweet describes a woman (""Fatem"") lying on the sidewalk after an accident (`بعد القشعه` - after the crash) and calls it `بعيد الشر` (a ward against evil/bad omen). This invokes a narrative of women as incompetent drivers who cause accidents and require special (female) paramedics.
3.  **The Laughing Emoji:** The `🤣` emoji at the end confirms the sarcastic/mocking tone regarding the ""need"" for female paramedics due to women's driving ""failures.""
4.  **Core Argument:** The tweet implies that allowing women to drive leads to accidents and social chaos, which"
88,"The original classification is **correct**, but the justification contains a factual error regarding the hashtag context.

The hashtag `#المراه_السعوديه_تسوق` translates to ""The Saudi Woman **Shops**,"" not ""drives."" While this might seem to contradict the target, in the context of Saudi social media circa 2018–2019, this specific hashtag was often used ironically or as a juxtaposition to highlight the restrictions women faced (i.e., they could shop, but not drive). However, the tweet's sentiment is explicitly celebratory of the *current* era (""witnessing moments and years full of glory"") alongside the Saudi flag and green heart (colors of the Saudi flag/Islam). The user is celebrating the broader social progress and the lifting of restrictions, which implicitly includes driving. Therefore, ""Favor"" remains the correct stance, but the justification should clarify that the hashtag likely serves as a nostalgic contrast to the past restrictions rather than a literal description of the current activity being celebrated. The core evidence for ""Favor"" is the explicit happiness (""سعيدة"") and the association with ""glory"" (""أمجاد"") in the context of national progress."
89,"The classification is **correct**, but the original justification is weak because it treats the text as a neutral statement rather than recognizing it as a specific political slogan.

The hashtag `#لن_تقودي` (""You won't drive"") was the central rallying cry of the anti-driving ban protesters in Saudi Arabia. By adding `حتى المستقبل` (""even in the future""), the tweet is not merely stating an opinion; it is a defiant declaration of resistance against the ban. The original argument misses this crucial context, reducing a clear act of protest (Favor/Against the *ban*, which means **Favor** women driving) to a simple linguistic translation.

Wait—let's re-evaluate the stance labels carefully.
*   **Target**: ""Women driving"" (قيادة المرأة للسيارة).
*   **Tweet**: ""You won't drive, even in the future.""

If the target is the *practice* of women driving, the tweet is saying ""Women should not drive"" or ""Women will not be allowed to drive."" This is **Against** the target.

However, context is key. Was this tweet from a protester or a supporter of the ban?
1.  If it is a protester: They are saying ""We"
90,"The original classification is **correct** (Favor), but the justification is weak because it relies too heavily on a charitable interpretation of sarcasm.

The tweet’s core logic is a *reductio ad absurdum* or a playful deflection: by suggesting that if women don't want to drive cars, they can ride bikes, the author implicitly validates the primary premise—that women *are* driving cars (or have the right to). The hashtag `#المراه_السعوديه_تسوق` (Saudi Woman Drives) explicitly anchors the tweet in the pro-driving movement.

However, the original argument fails to note that the ""bicycle"" suggestion is a rhetorical device to mock potential critics or hesitation, rather than a serious alternative. A stronger justification would argue that the author is not just ""welcoming mobility"" generally, but specifically defending the *act of driving* by framing non-drivers as the outlier who have an easy, safe alternative, thereby reinforcing the legitimacy of the car-driving choice. The tone is supportive, but the mechanism is defensive humor, not just general positivity."
91,"The classification is **correct**, but the original justification contains a significant misinterpretation of the sarcasm's direction.

The argument claims the tweet implies men are being *forced* to remain drivers. This is backwards. The sarcasm lies in the absurdity of claiming that highly educated men would *want* to stay drivers if women were allowed to drive. The writer argues that if women are allowed to drive, these men will be *displaced* from their jobs as chauffeurs. Therefore, the opposition to women driving is rooted in the desire to protect the livelihoods of these men, not because they are being forced to drive. The hashtag #لن_تقودي reinforces this opposition, but the mechanism is economic protectionism for male drivers, framed through ironic pity for their ""sentence"" to unemployment if the ban is lifted."
92,"The classification is **correct**, but the original justification is superficial and misses the crucial rhetorical mechanism of the tweet.

**Critique of Original Justification:**
The original argument relies solely on the emoji and the phrase ""show skills,"" ignoring the aggressive, sarcastic tone directed at the opposition. It fails to explain *why* demonstrating skills constitutes support in this context.

**Stronger Argument for ""Favor"":**
The tweet is a direct rebuttal to critics (likely those opposing women's driving or doubting their competence). By stating, ""It’s your bad luck I’m not in Saudi Arabia,"" the author implies that their absence prevents them from physically proving the critics wrong. The phrase ""I would have shown you the skills"" serves as a hypothetical victory over the detractors. The emoji (😎) reinforces confidence and mocks the opponents' insecurity or lack of skill. The stance is **Favor** because the author aligns themselves with the capability and right of women to drive, positioning the opposition as the ones suffering from ""bad luck"" (i.e., missing out on being proven wrong)."
93,"The original classification is **correct**, but the justification is weak because it relies on inferring the target of the mockery rather than analyzing the linguistic markers of the stance itself.

A stronger argument would highlight that the tweet directly quotes the opposition's slogan (""#لن_تقودي"") and immediately commands them to ""shout"" or ""wail"" (صياااحكم) with a laughing emoji (😂). This is not merely mocking opponents; it is actively **ridiculing their resistance** to the policy. The use of the laughing emoji transforms the quote into a derisive echo, signaling that the author views the opposition's stance as laughable or defeated. Therefore, the stance is **Favor** toward women driving because the author is celebrating the irrelevance of the opposition's argument.

**Weakness in original justification:** It fails to explicitly connect the *laughing at the slogan* to the *support of the policy*. It assumes that mocking opponents equals favoring the policy, but doesn't explain *how* the text constructs that mockery (i.e., by treating the opposition's cry as a joke rather than a valid concern)."
94,"The original classification of **None** is incorrect. The correct stance is **Against**.

The hashtag `#لن_تقودي` (""Women will not drive"") was a central component of the conservative opposition campaign against the lifting of the driving ban in Saudi Arabia. By posting this hashtag, the user is explicitly endorsing the narrative that women should not drive.

The subsequent text, ""We already know we aren't driving anyway,"" combined with the emoji `🙂✋🏾` (a dismissive stop gesture), is not neutral indifference. It is a sarcastic or defiant reinforcement of the ban's status quo. The user is aligning themselves with the anti-driving movement, rejecting the normalization of women driving. Therefore, the tweet takes a clear **Against** stance toward the target topic (women driving)."
95,"The original classification is **correct**, but the justification is slightly imprecise regarding the target of the sarcasm.

The annotator correctly identifies the stance as **Against** (specifically, against the *celebration* and *prioritization* of the policy), but the argument that the writer mocks ""those who support it"" is weak. The writer explicitly mocks the ""real Saudi"" brethren (""السعوده الحقيقيه اااااااخ"") for treating the license as a ""miracle cure"" for systemic issues like poverty and corruption.

A stronger justification would note that the tweet employs **false equivalence and minimization**: by listing women's existing successes (mothers, doctors, inventors), the author argues that driving adds no new value, thereby framing the policy's enactment as a trivial distraction from serious national crises. The stance is ""Against"" the *significance* attributed to the policy, not necessarily the right to drive itself, but in the context of stance detection on this specific binary debate, dismissing the policy's importance is functionally **Against**."
96,"The classification is **Correct**.

However, the original justification is weak because it treats the tweet as a straightforward statement of opinion, ignoring the crucial rhetorical device used. The phrase ""إلا كم واحد ..."" (But how many [men]...) is an incomplete sentence that functions as a sarcastic counter-argument, implying that male drivers are also responsible for accidents.

A stronger justification would note that while the primary stance is **Against** (due to the explicit prediction of increased fatalities), the tone is mixed with deflection. The annotator should have acknowledged that the ""God protect everyone"" and the trailing ellipsis suggest the user is aware of the counter-argument (male negligence) but ultimately dismisses it to maintain the opposing stance. The core stance remains Against, but the reasoning is more complex than a simple warning."
97,"The classification is **correct**, but the original justification is **superficial**.

While ""فرحة"" (joy) is indeed a strong positive indicator, the justification fails to account for the **political and symbolic weight of the hashtags**. `#قودي_كزهرة` (""Drive like a flower"") is a specific cultural reference celebrating the milestone with elegance and pride, while `#المرأة_السعوديه_تسوق` serves as a declarative statement of empowerment. A stronger justification would note that the tweet is not just expressing personal emotion but actively participating in a celebratory public narrative, which reinforces the ""Favor"" stance beyond mere sentiment."
98,"The original classification is **correct** (Against), but the justification is weak because it over-intellectualizes the sarcasm and misattributes the primary source of the sentiment.

**Critique of Original Justification:**
The original argument claims the writer mocks ""perceived change in women's attitudes."" This is a misreading. The writer is not attacking women's behavior; he is mocking **men's hypersensitivity** and lack of humor. The phrase ""صايرين حساسين بعد سواقة الحريم"" (Men have become sensitive since women started driving) explicitly links men's fragile egos to the policy, not women's aggression. The joke is about a man taking a harmless comment as an insult, illustrating that the *men* are the ones reacting poorly, not the women.

**Refined Argument for ""Against"":**
The stance is clearly **Against** the normalization or positive reception of women driving, but the mechanism is **misogynistic resentment disguised as humor**.
1.  **Causal Link:** The writer explicitly blames the policy (""since women started driving"") for men becoming ""sensitive"" and losing their chill.
2.  **Tone:** The use of 😳 (shock/discomfort)"
99,"The classification is **correct**, but the justification is weak because it overlooks the critical phrase ""و العُقبى لنا ان شاء الله"" (and the aftermath/consequences are ours, God willing).

While ""historic day"" and ""congratulations"" indicate support for the *event* of women driving, the idiom ""العُقبى"" is often used in a cautious or ominous context, implying that the long-term consequences might be negative or burdensome for society. A robust justification should acknowledge this ambivalence: the tweet celebrates the immediate milestone but hints at skepticism or concern regarding the future societal impact, making the ""Favor"" stance slightly nuanced rather than purely enthusiastic."
100,"I argue the classification should be **Against**.

While the tweet employs humor and self-deprecation (""I don't know how to drive""), the stance is explicitly oppositional to the target topic. The phrase ""اباي المراءه تسوق"" (I don't want women to drive) is a direct statement of preference against the act, regardless of the absurdity of the reason provided. The hashtag #لن_تقودي is a known slogan used by opponents of women driving in Saudi Arabia. In stance detection, the semantic direction of the main clause determines the label; even if motivated by jealousy or humor, the expressed position is negative toward the target. Classifying it as ""None"" ignores the explicit lexical negation of the target action."
101,"I agree with the **Favor** classification, but the original justification is weak because it misidentifies the primary rhetorical mechanism.

The original argument claims the writer mocks the hashtag by calling the *man* a sheep. However, the text ""الله يخلي الخروف يقود"" (God keep the sheep driving) is likely an ironic concession or a sarcastic dismissal of the opposition's power, not a direct attack on a specific person present. The core argument for ""Favor"" lies in the self-identification as **""ملكة"" (Queen)** and the use of the **dancing woman (💃) and smirk (😉)** emojis. These signals a tone of triumph, confidence, and defiance against the restrictive hashtag #لن_تقودي. The stance is pro-driving because it frames the speaker as empowered (""Queen"") despite the opposition, rather than simply mocking a male counterpart. The justification should focus on the **assertion of agency and identity** rather than just sarcasm toward men."
102,"The classification is **correct**, but the original justification is superficial and misses the critical contextual nuance that confirms the stance.

**Critique of Original Justification:**
Relying solely on ""مبروك"" (Congratulations) is risky in Arabic social media, where the word is frequently used sarcastically to denote the opposite (i.e., ""Good luck with the disaster""). The original argument fails to address why this instance is sincere rather than ironic.

**Refined Argument for Correctness:**
The stance is **Favor** because the tweet explicitly frames the policy as a positive benefit to the **Gulf region** (""للخليج كله""), implying regional progress or normalization. Furthermore, the specific statistic (""40% of its population"") highlights the significant demographic impact, framing the change as a major liberation for women. The absence of derogatory adjectives, religious objections, or mocking punctuation (like excessive emojis or quotation marks around ""congratulations"") supports a sincere interpretation of the celebration."
103,"The original classification of **Against** is **correct**, but the justification contains a significant linguistic error that needs correction.

**Critique of Original Argument:**
The original argument incorrectly interprets the phrase ""من فوق خشومكم."" In Saudi colloquial Arabic, this is a common idiom meaning **""in your face""** or **""brazenly/outrageously,""** often used to describe someone acting with arrogance or ignoring social norms. It does not mean ""forcing something"" or ""asserting dominance"" in the physical sense implied by the annotator. The knives (🔪) are used metaphorically to express intense anger, hatred, or a desire to ""cut off"" the behavior, reinforcing the hostile tone.

**Why the Stance is Correctly ""Against"":**
Despite the flawed linguistic explanation, the stance is undoubtedly **Against**.
1.  **Explicit Hashtag:** `#لن_تقودي` (You will not drive) is a direct negation of the target topic.
2.  **Tone:** The repetition of ""سايقين"" (driving) combined with ""من فوق خشومكم"" (brazenly) and knife emojis conveys strong disgust and rejection of women driving"
104,"The original classification is **Correct**, but the justification lacks nuance regarding the rhetorical strategy.

While the stance is indeed **Against**, the argument should highlight that the tweet uses **mockery and gaslighting** rather than just direct command. Phrases like ""فزعتكم لرايد"" (You scared me, really?) and ""ماررررح تسوقي"" (You will *never* shop/drive) employ sarcastic exaggeration to ridicule the very notion of women driving. The justification should specify that the opposition is conveyed through **derision** and the dismissal of the topic as a ""scare tactic"" or fantasy, which reinforces the #لن_تقودي (You will not drive) hashtag as a tool of exclusion rather than just a statement of policy."
105,"The original classification is **correct**. The tweet explicitly opposes the legitimacy and significance of women driving in Saudi Arabia.

However, the original justification contains a slight imprecision regarding the target of the sarcasm. While the author calls the media ""stupid"" (إعلام غبي), the core argument against the *policy* itself is the claim that it is a facade: ""we haven't seen a woman driving except those behind the cameras"" (ماشفنا بنت تسوق الا اللي خلف الكميرات). This implies the phenomenon is staged or negligible, thereby arguing that the ban's lifting is not a genuine social shift but a media spectacle. The stance is clearly **Against** because it delegitimizes the practice as non-existent or performative."
106,"The original classification is **correct**, but the justification is superficial.

The argument correctly identifies the hashtag `#لن_تقودي` (You will not drive) as a direct refusal. However, it misses the nuance of *how* the opposition is framed. The tweet doesn't just say ""no""; it attacks the moral integrity of the proponents by calling them ""sheep"" (`خرفان`) and implying their support is driven by lust (`سولة الوصول`) rather than genuine concern for women's rights. This ad hominem attack reinforces the stance against the policy by delegitimizing its supporters. The justification should explicitly mention this moral condemnation as the mechanism of opposition, not just the hashtag."
107,"The classification **Favor** is correct.

However, the original justification is slightly imprecise in its causal logic. The tweet does not explicitly mention the ""policy"" or express political support for the legislation. Instead, it expresses personal excitement about the *act* of driving. The stance is inferred from the positive sentiment toward the exercise of the right, rather than an explicit endorsement of the regulatory framework. While the inference is valid for stance detection, the justification should clarify that the support is demonstrative through personal enthusiasm for the activity enabled by the target, rather than a direct political statement."
108,"The original classification is **correct**, but the justification contains a significant linguistic error that undermines its accuracy.

**Critique of Original Argument:**
The annotator incorrectly translates ""الأوفر"" as ""over-reaction."" ""الأوفر"" (Al-Awwaf) likely refers to **Al-Awwaf** (a specific person, perhaps a commentator or influencer known for opposing the rights, or a typo for ""الوفر"" meaning abundance/excess in a dialectal sense, but ""over-reaction"" is not a direct translation). More likely, the tweet is using wordplay or referring to a specific critic. Regardless of the exact referent of ""الأوفر,"" the core sentiment relies on ""حق مكتسب"" (acquired right).

**Refined Justification:**
The stance is **Favor**. The phrase ""حق مكتسب"" (acquired/vested right) explicitly legitimizes the action. The second part, ""مالها داعي الأوفر هذا كله"" (there is no need for all this fuss/al-Awwaf), dismisses the opposition or controversy surrounding the right. By framing the driving as a settled right and the opposition as unnecessary noise, the author supports the normalization and acceptance of women driving."
109,"The original classification is **correct**, but the justification requires nuanced refinement regarding the mechanism of the argument.

While the annotator correctly identifies the stance as **Against**, the explanation that the tweet frames driving as a ""distraction from modesty"" is slightly reductive. The tweet employs **sarcasm and ironic causality**. By linking ""adjusting your niqab"" (a traditional religious symbol) with ""your overthrow/instability"" (اتقلابك), the author mocks the logic of opponents who claim that women driving leads to social or moral collapse. 

However, the stance is undeniably **Against** because the tweet ridicules the *act* or the *context* of women driving by associating it with absurdity or negative consequences (""overthrow"") in a mocking tone. It dismisses the legitimacy of women driving by equating it with a chaotic event, thereby reinforcing traditionalist views that such changes are destabilizing or ridiculous. The rhyming structure enhances the mocking tone, making the dismissal of the pro-driving argument more biting. 

**Correction/Refinement:** The tweet doesn't just say driving distracts from modesty; it sarcastically suggests that the *only* reason a woman might be ""overthrown"" or chaotic is due"
110,"The original classification is **correct** (Favor), but the justification is weak because it relies on an assumption of *who* is being mocked without explicitly analyzing the linguistic structure of the phrase ""يوه ماصدق"".

**Critique of Original Justification:**
The original argument assumes the disbelief is directed at the *content* of the hashtag (i.e., ""I can't believe they think women won't drive""). However, it fails to explain why the user isn't expressing disbelief at the *reality* of the situation (e.g., ""I can't believe this is actually happening,"" which could imply reluctance or shock at the speed of change). The justification needs to explicitly connect the laughing emojis to the *invalidation* of the hashtag's premise.

**Stronger Argument for ""Favor"":**
The phrase ""يوه ماصدق"" (Oh, I can't believe it) combined with multiple laughing emojis (😂) is a common Arabic social media trope used to mock a statement that the speaker considers absurd or outdated. By attaching this reaction to the hashtag #لن_تقودي (You will not drive [women]), the user is ridiculing the very idea that women are incapable of or forbidden from driving"
111,"The original classification is **incorrect**. The correct stance is **Favor**.

**Reasoning:**
The hashtag `#المرأة_السعودية_تسوق` (Saudi Woman Shops) is a direct pun/play on words referencing the target topic `#المرأة_السعودية_تقود` (Saudi Woman Drives). By using this specific hashtag in a celebratory tone (""ههههههه"" - laughing/happy, ""ونعم"" - and yes/good), the user is engaging with the discourse surrounding women's rights to drive. In the context of Arabic social media during that period, using puns related to the lifting of the driving ban was a common way to express support or celebrate the change. The phrase ""ونعم"" (and yes/good) affirms the sentiment associated with the hashtag. Therefore, the tweet is not neutral; it actively participates in the pro-driving narrative through wordplay and affirmation."
112,"I agree with the classification (**Against**), but the original justification is superficial and misses the core rhetorical mechanism.

The argument isn't just about ""status""; it is a deliberate **framing of driving as a degradation from royalty to servitude**. By stating women will ""start providing services to everyone"" (تبدأ بتقديم خدماتها للكل) rather than being served, the author equates the act of driving with becoming a servant or laborer. This is a classic *reductive* tactic: it dismisses the legal rights and independence associated with driving by recasting them as a loss of privilege and a descent into menial work. The phrase ""abandoning the crown"" (تخلت عن تاج الملكة) explicitly mourns the loss of the former restrictive status, confirming the stance is not neutral, but actively opposed to the change by portraying it as a negative regression."
113,"The classification of **Favor** is correct, but the original argument is weak because it fails to account for the rhetorical context and the specific framing of the tweet.

The original justification treats the text as a neutral logical argument. However, the tweet begins with the hashtag `#المراه_السعوديه_تسوق` (""The Saudi woman shops""). By juxtaposing the stereotype of women as shoppers with a serious emergency scenario (sudden illness, need for rapid response), the author is employing a **reductio ad absurdum** or a counter-argument strategy against critics who claim driving is unnecessary or culturally inappropriate for women.

The text doesn't just ""highlight necessity""; it aggressively refutes opposition by presenting an extreme case where the ban on driving would be life-threatening. The tone is defensive and urgent (""بما لا ينتظر"" - which does not wait), implying that the current restriction is dangerous or illogical. A stronger justification would note that the tweet is **polemical**, using a high-stakes emergency to dismantle the opposition's stance, rather than merely offering a practical tip. The use of ""يتبع"" (to be continued) suggests this is part of a larger thread arguing *for* the lifting of the ban, further cement"
114,"I agree with the classification **Favor**, but the original argument’s justification for the hashtag’s irony is weak and potentially misleading.

The core strength of the tweet is the factual appeal: citing Bertha Benz as the *first* to drive long distances and the *inventor* of brakes provides irrefutable historical precedence for women’s competency and foundational role in driving. This directly counters arguments against women driving based on competence or novelty.

However, the interpretation of `#لن_تقودي` (#You_will_not_drive) as merely ""ironic/sarcastic"" is an oversimplification. In the context of the Saudi ban (which this hashtag famously mocked), the hashtag is a direct, defiant reference to the specific slogan used by opponents of the reform. The tweet doesn't just ""mock"" them; it juxtaposes their absolute prohibition with historical reality to expose the absurdity of their stance. The justification should emphasize this **contrast** (Historical Fact vs. Arbitrary Ban) rather than just labeling the tone as sarcastic. The stance is Favor because it uses historical evidence to delegitimize the opposition’s claim."
115,"The original classification is **correct**, but the justification is weak because it relies on a generic interpretation of a common Arabic blessing rather than analyzing the specific rhetorical context.

A stronger critique/justification would note that the hashtag `#المراه_السعوديه_تسوق` (Saudi woman shops/drives) itself is a declarative celebration of the act. In Arabic discourse, adding `عساها خيره` (May it be good) to a controversial or newly legalized action is a standard rhetorical device used to **bless and validate** that action, effectively signaling alignment with the pro-change narrative. Without this blessing, the hashtag alone might be seen as neutral observation; the blessing explicitly tips the scale to **Favor**. The original argument missed this nuance of *performative support*."
116,"The original classification is **correct**, but the justification lacks nuance regarding the rhetorical target.

While the stance is indeed **Against**, the argument should clarify that the tweet employs a **whataboutism** strategy. The user isn't just arguing against driving; they are attacking the *media narrative* (MBC) for ""inciting"" (#تحرض) the issue, framing the debate itself as a distraction (""trivialities"" / #تفاهات) from deeper societal issues (""ignorance""). The stance against the target is derived from the premise that the focus on women driving is a symptom of national decline, rather than a direct critique of the act of driving itself. The justification should explicitly note this indirect opposition via shame and deflection."
117,"The classification is **correct**, but the original argument contains a significant analytical error regarding the tweet's rhetoric.

The annotator incorrectly states that the writer argues allowing women to drive *will increase* the risks. In reality, the tweet uses a **false equivalence** and **ad hominem** attack: it claims women *already* commit harassment and kidnapping (a baseless premise) and suggests they would simply add car theft to their ""list"" of crimes if granted driving rights. The stance is indeed **Against**, but the reasoning is not a prediction of increased crime rates per se; it is an assertion of inherent criminality among women to justify the ban. The hashtag #لن_تقودي and the smug emoji confirm the hostile, exclusionary stance."
118,"The original classification of **Against** is correct, but the justification contains a significant interpretive weakness regarding the hashtag.

**Critique of Original Justification:**
The annotator treats `#لن_تقودي` as a declarative statement of opposition (""You will not drive""). However, this is a well-known sarcastic/ironic hashtag used by *pro-driving* activists to mock opponents (""You won't drive? Watch us""). The annotator fails to recognize that the *text following* the hashtag subverts the hashtag's intent. The writer is not using the hashtag to state a fact, but likely to quote or mock the opposition before dismantling it, or simply as a provocative hook.

**Refined Argument for ""Against"":**
Despite the hashtag's subversive nature, the stance is clearly **Against** based on the subsequent text:
1.  **Redirection of Role:** The phrase `إنتي تقودي ياعزيزتي من زمان` (You have been leading for a long time, dear) redefines ""leadership"" (`تقودي`) away from the automobile to traditional domestic/social roles.
2.  **Explicit Exclusion:** `بتربية وقيادة المجتمع فكريا وعمليا`"
119,"The original classification is **correct**, but the justification relies heavily on an interpretation of irony that might be considered a stretch without deeper cultural context.

**Scrutiny of the Justification:**
The core strength of the argument is the hashtag `#لن_تقودي` (""You will not drive""). In the Saudi context, this was a prominent slogan used by *opponents* of women's driving. By adopting this hostile slogan and pairing it with ""م بدنا نسوق بس فكو عنا"" (We don't want to drive, just let us be/leave us alone), the tweet engages in **sarcastic compliance**.

However, the original argument could be stronger by explicitly noting the rhetorical device of **ironic concession**. The writer isn't just ""mocking""; they are feigning agreement with the opponents (""We don't want to drive"") to highlight the absurdity of the opposition's persistent harassment (""just leave us alone""). The emoji 😒 (unamused/annoyed) is crucial here—it signals that the ""concession"" is not genuine but rather an expression of exhaustion with the debate.

**Potential Weakness/Alternative Reading:**
A naive reader might misinterpret the literal text ""We don't want"
120,"The classification is **correct**, but the original justification is weak because it relies on an inference rather than explicit textual evidence.

The justification fails to note that the tweet **explicitly includes the hashtag** `#المراه_السعوديه_تقود_السياره` (Saudi women drive cars), which directly links the complaint to the target topic. Without citing this hashtag, the argument that the tweet is about ""the policy"" is an assumption based on context rather than the text itself.

Furthermore, the justification could be strengthened by highlighting that the author equates the proponents of women driving with ""oppressors"" and ""hypocrites,"" while labeling the opponents as ""people of truth and virtue."" This binary moral framing is the core mechanism of the ""Against"" stance, not just the general prayer for the end of times."
121,"The original classification and argument are **correct**, but the justification is superficial and misses the crucial cultural context.

**Critique of Original Argument:**
The argument fails to identify that `#لن_تقودي` was a specific, organized hashtag used by conservative groups in Saudi Arabia explicitly to oppose the lifting of the ban on women driving. Without this context, the phrase is merely a grammatical statement of future tense negation. The original annotator treats it as a generic opinion rather than a recognized political slogan.

**Refined Justification:**
The stance is **Against**. The hashtag `#لن_تقودي` is a well-known political slogan from the Saudi debate on women's driving rights, explicitly meaning ""You will not drive"" as a demand to maintain the ban. The word `تخيلوا` (Imagine) here serves as a rhetorical device to evoke a sense of shock or absurdity regarding the prospect of women driving, thereby reinforcing the opposition."
122,"The original classification is **correct**, but the justification is superficial and misses key rhetorical nuances.

While the annotator correctly identifies the stance as ""Favor,"" their explanation of the hashtag’s function is weak. It is not merely ""ironic""; it is a direct **reclamation and subversion** of an anti-feminist slogan. The hashtag `#لن_تقودي` (You will not drive) was a popular chant against the lifting of the driving ban. By pairing it with `الحمد لله` (Praise be to God) and `اقود` (I drive), the user transforms a statement of prohibition into a declaration of defiance and victory.

Furthermore, the justification overlooks the **aggressive tone** as evidence of stance. The phrase `موتوا بغيظكم` (Die of your rage) is not just ""confirming support""; it is a hostile dismissal of opponents, which strongly signals an active, partisan stance rather than a neutral or mildly positive one. The comparison to men (`افضل مليون مرة`) is also a specific rhetorical strategy to invalidate anti-driving arguments based on competence, which the original argument glosses over as simple pride."
123,"The classification is **correct**, but the original argument is superficially weak because it relies solely on sentiment indicators (""congratulations,"" emoji) without addressing the specific cultural context of the hashtag.

A stronger justification must note that `#المراه_السعوديه_تسوق` (The Saudi Woman Drives/Shops) is a direct reference to the lifting of the driving ban. In this specific socio-political context, ""congratulations"" is not just generic joy but a political endorsement of the policy change. Without linking the hashtag explicitly to the target topic, the argument fails to prove the tweet is *about* the target, rather than just being positive in tone."
124,"The classification is **correct**, but the original argument is incomplete and misses the primary mechanism of the stance.

While the rhetorical question implies a negative outcome (accidents), the tweet’s stance is driven by **derision** and **stereotyping**, not just a safety argument. The hashtag `#المراه_السعوديه_تسوق` (Saudi woman shops/drives) reduces the act of driving to a trivial or incompetent activity (""shopping""), invoking the stereotype that women are bad drivers. The juxtaposition of this trivialization with ""How many accidents so far?"" serves to mock the policy and express skepticism through humor rather than direct logical rebuttal. A stronger justification would highlight that the stance is **Against** due to the **mocking tone** and reliance on gender stereotypes, not merely the implication of increased accidents."
125,"The original classification is **incorrect**. The stance should be **Against**.

**Reasoning:**
1.  **Sarcastic Use of Blessing:** The phrase ""God protect our country"" (*Allah yihfaz baladna*) is used ironically here. In the context of Saudi social discourse, this blessing is often invoked by conservatives to express fear that a specific change (women driving) will lead to the moral or social ""destruction"" of the nation. It is not a genuine wish for safety, but a rhetorical device implying that the change is dangerous.
2.  **Negative Prediction:** The second sentence, ""And demands for other things will follow,"" frames the allowance of women driving as a slippery slope leading to further, presumably undesirable, social changes. This is a classic argument used by opponents of the reform, suggesting it undermines traditional structures.
3.  **Contextual Tone:** If the author were truly in favor, they would likely celebrate the achievement or focus on rights/equality. Instead, the tone is ominous and cautionary, aligning with the ""Against"" stance."
126,"The classification is **correct**, but the original justification lacks depth by ignoring the critical nuance of the emoji and the political context of the hashtag.

A more robust justification would note that while ""مبروك"" (Congrats) is positive on the surface, the halo emoji (😇) in Saudi Twitter discourse is frequently used ironically to mock perceived naivety or to signal ""innocent"" sarcasm. However, without additional textual cues indicating irony (like ""فقط"" or contradictory statements), the literal reading of ""Congrats"" combined with the celebratory hashtag format strongly leans toward **Favor**. The reviewer should acknowledge that while sarcasm is *possible* in this dialect, the burden of proof for ""Against"" isn't met by the text alone, making ""Favor"" the safer, more direct interpretation of the explicit lexical choice."
127,"The original classification of **Against** is **correct**, but the justification is incomplete and misses a critical linguistic nuance that strengthens the stance.

While the annotator correctly identifies the aggressive tone and the hashtag `#لن_تقودي`, they fail to address the first part of the tweet: `#المجتمع_مع_قياده_المراه الله يغثكم كانكم غثيتونا`.

*   **Irony/Sarcasm:** The phrase `#المجتمع_مع_قياده_المراه` (Society is with women driving) is immediately followed by `الله يغثكم` (May God annoy/distress you). This indicates the author is mocking the pro-driving stance, implying that those claiming ""society supports it"" are the ones being cursed.
*   **Direct Command:** The shift to `هي انتي وياها` (You and her [drive]) followed by `انقلعي برا` (Get out/Leave) is a direct, violent rejection of the act of driving by women.

**Critique of Original Argument:** The original argument focuses heavily on the mockery but ignores the explicit imperative command to leave (`انقلعي برا`), which is a stronger indicator of opposition than mere mockery"
128,"The original classification is **correct**, but the justification is incomplete and misses the crucial contextual nuance that defines the stance.

**Weaknesses in Original Justification:**
The original argument relies solely on the metaphor of a ""battle won,"" assuming this implies support for the target. However, it fails to address the hashtag `#المرأة_السعودية_تسوق` (Saudi Woman Shops), which is the key to interpreting the sarcasm and political subtext. Without analyzing this specific hashtag, the justification is superficial.

**Refined Analysis:**
The tweet uses sarcastic irony to express **Favor** toward women's driving rights. The hashtag `#المرأة_السعودية_تسوق` references the old official justification for the driving ban (that women would drive only to shop). By declaring the ""battle decided"" alongside this hashtag, the author is mocking the previous restriction and celebrating the fact that women can now drive for *any* reason, not just shopping. The ""victory"" is against the ban, implying strong support for the right to drive. The stance is Favor because the author celebrates the overturning of the restriction."
129,"The original classification is **correct** (Against), but the justification contains a significant linguistic error that weakens its credibility.

The annotator incorrectly translates ""نقود"" as ""lead."" In this context, **نقود** is the present tense of the verb *qada* (to drive), not *qaada* (to lead). The phrase ""ما عاد نبي نقود"" clearly means ""we no longer want to drive."" The word **هلل** (halala) refers to the traditional pre-wedding celebration for women, which was often cancelled or disrupted if a woman drove to the event, serving as a cultural symbol of the controversy.

While the conclusion holds, the justification should clarify that the opposition is explicit through the slogan #لن_تقودي (You will not drive) and the personal declaration of refusing to drive, rather than a confusion between ""leading"" and ""driving."" The stance is unequivocally **Against**."
130,"The original classification is **correct**, but the justification is superficial and misses the crucial rhetorical mechanism at play.

**Critique of Justification:**
The original argument treats the text as a sincere declaration of opposition. However, it fails to address the **sarcasm** and **irony** inherent in the repetition and tone. The tweet is likely *mocking* the anti-driving movement by adopting its slogan (""لن تقودي"") in an exaggerated, repetitive, and aggressive manner, coupled with absurd insults (""بنات أخر زمن"", ""تخسون""). The phrase ""ايش ابي أسوق"" (What do I need to drive for?) is likely a sarcastic rhetorical question, implying that the opposition's arguments are so weak that the need to drive is obvious, or mocking the logic of those who oppose it.

**Refined Stance Analysis:**
While the *surface* language appears Against, the **contextual tone** suggests the author is **Favor** (or at least mocking the Against position). The excessive repetition of ""لن تقودي"" combined with the derogatory ""تخسون"" (often used in online trolling to dismiss the other side's sanity) indicates the author is ridiculing the *opponents* of women"
131,"The original classification of **Against** is correct, but the justification lacks sufficient linguistic nuance regarding the specific derogatory framing.

The argument relies heavily on the hashtag `#لن_تقودي` (You will not drive), which is indeed a strong indicator. However, the justification misses the crucial contextual weight of the phrase `#سنسوق_فوق_خشومكم` (We will drive over your noses). This is not merely ""mocking""; it is a violent, dehumanizing idiom implying that women must be physically or socially crushed/humiliated by their male guardians. The tweet doesn't just discourage driving; it frames female drivers as inherently rebellious against patriarchal authority (`abuk, akhuk, zawj`).

A stronger justification would highlight that the tweet characterizes the *act* of driving as an act of defiance against family honor, rather than just stating an opinion against the skill or safety. The stance is not merely ""against driving,"" but ""against women driving because it violates male authority."" The original argument is accurate but could be more precise about the *reason* for the opposition being rooted in patriarchal control rather than just general discouragement."
132,"The original classification is **correct**, but the justification is superficial and misses crucial cultural context.

**Critique of Original Justification:**
The argument relies solely on a literal translation of ""you will not drive"" and the emojis. It fails to explain *why* this phrase constitutes a stance against the policy. A literal reading could be interpreted as a factual prediction or a specific prohibition rather than a general ideological stance against women driving. The justification lacks the necessary cultural decoding to validate the ""Against"" label.

**Improved Analysis:**
The hashtag `#لن_تقودي` (#YouWillNotDrive) was a widely recognized slogan used by opponents of the Saudi ban lift on female driving. The repetition of the phrase and the use of laughing emojis (`😁`) serve to mock the concept of women driving, framing it as absurd or undesirable. The tone is not just prohibitive but ridiculing, which strongly signals an **Against** stance toward the normalization of women driving. The classification is correct, but the reasoning must explicitly link the slogan to the specific political movement opposing the policy change."
133,"The original classification of **Favor** is correct. The annotator’s reasoning is sound and identifies the key rhetorical devices accurately.

However, the justification could be strengthened by explicitly linking the proverb ""زهبون العصابة قبل الفلقة"" (putting on a headband before getting hit) to the concept of **preemptive obstructionism**. The tweet doesn't just mock the *logic* of the opponents (e.g., niqab issues); it attacks their *motivation*, characterizing their concerns as fabricated hurdles created to delay or prevent the policy change entirely. This distinction reinforces why the stance is not just ""None"" (neutral observation) but actively **Favor** (supporting the reform by delegitimizing the opposition's intent).

No change to the label is needed."
134,"The original classification of **Favor** is correct. However, the original justification is weak because it over-relies on emoji interpretation while missing the crucial linguistic evidence.

A stronger argument would highlight the phrase **""على إنتصارك"" (for your victory)**. Using the word ""victory"" ( إنتصار) frames the decision not just as a policy change, but as a triumph in a struggle, which is a strong rhetorical marker of support. Additionally, the mention of **""خلصت مرحلة الدفع و التسجيل"" (Payment and registration phase is done)** provides concrete behavioral evidence of support; the user is not just expressing abstract approval but is actively participating in the new system. The original argument missed this behavioral confirmation, which is often more definitive than emojis."
135,"The classification is **correct**, but the original argument is superficial. It misses the crucial contextual marker: the hashtag `#المراه_السعوديه_تسوق` (Saudi Woman Drives). This hashtag was a specific, organized social media campaign used to demand and celebrate the lifting of the ban on women driving in Saudi Arabia. Without recognizing this hashtag as a political/social movement marker, the justification relies solely on generic positive sentiment (""congratulations""), which could theoretically apply to any event. The stance is ""Favor"" not just because of the emojis, but because the tweet is an explicit participation in a pro-driving-rights movement."
136,"The classification is **Correct**.

However, the original justification is weak because it relies heavily on the hashtag and the phrase ""the matter is finished"" as static indicators, without analyzing the specific rhetorical strategy used to delegitimize the opposing side.

A more robust justification should highlight the **ad hominem** and **dismissive** nature of the tweet. The writer does not just oppose the policy; they actively insult the proponents (Shura Council members) by implying they are incompetent or naive (""search for more important topics,"" ""look at the problems women face""). The command to ""resign"" (#استقيلو) is not just a stance against driving, but an aggressive attempt to silence the debate entirely. The stance is clearly **Against**, but the reasoning should emphasize the *aggressive exclusion* of the topic from public discourse rather than just stating the outcome."
137,"The original classification is **correct**.

However, the original justification is weak because it translates ""الطراق"" literally as ""slap,"" which is inaccurate. ""الطراق"" refers to public streets or roads. The argument relies on a threat of sexual retaliation (implying that if a woman drives, she will be targeted by predatory men, specifically referencing the ""single Indian"" stereotype common in Saudi social discourse) rather than physical beatings.

A stronger justification would note that the tweet employs a **false dilemma** and **fear-mongering**: it presents the only alternatives to female driving as either sexual predation by foreign workers or social ostracization/death on the streets. This rhetoric is designed to portray female driving as a catalyst for moral decay and safety risks, thereby supporting the #لن_تقودي (You shall not drive) movement. The thumbs-up emoji reinforces the endorsement of these misogynistic conditions."
138,"The original classification is **incorrect**. The correct stance is **Against**.

**Reasoning:**
The original argument incorrectly interprets the rhetorical structure of the tweet. The phrase ""#لن_تقودي لن نقود"" (You [women] will not drive, we [men] will not drive) is a statement of **boycott and resistance**, not a conditional argument for rights.

1.  **Solidarity with Ban:** The author explicitly states they will *not* drive. This is an act of solidarity with the ban on women driving, likely to protect women from the harassment (""backward animals"") the author describes. The author is choosing to stop driving rather than allow women to face the described social environment.
2.  **Misinterpretation of ""Why"":** The author explains *why* they are opposing the lifting of the ban (because society is not ready and women will be harassed), not why the ban should be lifted. The criticism of ""backward animals"" is a justification for maintaining the status quo (or protesting via boycott) to avoid the negative consequences of women driving in such a society.
3.  **Tone:** The tone is protective but restrictive. By saying ""we will not drive,"" the author is actively"
139,"The classification is **correct**.

However, the original argument contains a factual error in its linguistic analysis: it claims the writer uses **sarcasm**. The tweet is not sarcastic; it is a direct expression of support (""واالله اتمنئ"" - I swear, I wish/hope) combined with a critical observation of societal hypocrisy. The writer is not being ironic about wanting women to drive; they are earnestly advocating for it while mocking the inconsistency of opponents. The stance is clearly **Favor** due to the explicit wish for the decree and the dismissal of opposing arguments as hypocritical."
140,"The original classification of **Against** is correct, but the original argument is weak because it focuses too narrowly on the author's fear rather than the explicit ideological framing of the tweet.

A stronger justification should highlight that the author doesn't just express anxiety; they explicitly link the act of women driving to a moral and religious crisis (""God protect us... from every woman who does not adhere to safety... and from every reckless [woman]""). By invoking divine protection *from* the women drivers themselves, the author frames women behind the wheel not merely as incompetent, but as a source of communal danger and sin. This goes beyond simple apprehension; it is a religiously grounded objection to the presence of women in public spaces (specifically driving), which aligns with the traditionalist stance against women's driving rights in this context. The mention of ""without a license"" and ""does not know how to drive"" serves as a pretext to reinforce the broader narrative that women are inherently unfit or dangerous drivers, thereby opposing the normalization of the practice."
141,"The classification is **correct**, but the original justification is superficial and misses the nuance of the support.

While the conclusion (Favor) is right, the justification relies too heavily on the literal meaning of ""Thank you"" without acknowledging the **ideological framing**. The tweet supports the policy not necessarily out of feminist conviction or belief in women's rights, but through a lens of **royal loyalty and religious gratitude** (""Sobhan allathee...""). The phrase ""You are a king before you became a king"" frames the support as submission to benevolent leadership rather than independent advocacy for the target topic. A stronger justification would note that the stance is ""Favor"" but is rooted in traditionalist/royalist approval rather than progressive endorsement, which distinguishes it from other types of ""Favor"" stances. However, since the sentiment is undeniably positive toward the implementation, ""Favor"" remains the accurate label."
142,"The original classification is **correct**.

However, the justification can be strengthened by explicitly analyzing the linguistic markers of mockery. The extended laughter (""ههههههههههههههههههههه"") serves as a primary indicator of ridicule rather than mere amusement. The phrase ""هيا خذلك رباط صليبي"" (go on, tear your cruciate ligament) is not a neutral warning but a hostile, sarcastic wish for physical harm resulting from driving. This aligns with a broader sexist trope questioning women's physical or mental capability to handle the stresses of driving (speed/rushing), thereby clearly expressing an **Against** stance toward the target."
143,"The original classification is **incorrect**. The correct stance is **Favor**.

**Reasoning:**
1.  **Sarcasm/Irony:** The tweet is a classic example of sarcastic self-deprecation. The author pretends to be incapable of driving (""I don't want to drive,"" ""I don't want to tire my brain"") to mock the common excuses used by those opposing women's driving. By exaggerating her own incompetence or fear, she is ridiculing the arguments against women's driving rights.
2.  **Hashtag Context:** The hashtag `#لن_تقودي` (You will not drive) was a prominent campaign slogan used by **pro-driving** activists to ironically challenge the ban or oppose the idea that women *cannot* or *should not* drive. In this context, it functions as a defiant, supportive slogan for the right to drive, similar to ""You can't stop us.""
3.  **Tone:** The mention of ""reckless drivers"" (`المطافيق`) is likely a deflection or a humorous exaggeration to fit the sarcastic persona, rather than a genuine argument against women driving. If she were truly against it on safety grounds, the tone would be serious and"
144,"The classification is **correct**, but the original argument lacks nuance regarding the rhetorical device used.

While the hashtag `#لن_تقودي` is indeed a rejection of women driving, the phrase ""I repeat and say again"" (`اعيد واكرر`) indicates this is a reiteration of a persistent, likely controversial stance, rather than just a simple statement. The original justification correctly identifies the semantic meaning of the hashtag but fails to note that the repetitive framing emphasizes the author's stubbornness or defiance in the face of opposing views. A stronger justification would highlight that the tweet is not just a statement of opinion, but a performative act of resistance against the normalization of women driving. However, the final label of **Against** remains accurate."
145,"The classification is **correct**, but the original justification is **superficial and lacks linguistic nuance**.

**Weaknesses in the Original Justification:**
1.  **Misinterpretation of Sarcasm:** The annotator claims the writer ""expresses a strong desire to drive."" While true, the core rhetorical device is **ironic exaggeration** (""I would complain about gas stations""). The writer isn't just stating a desire; she is satirizing the *obstruction* of that right. The justification misses that the anger is directed at the *ban*, not just a neutral statement of preference.
2.  **Incomplete Contextualization:** The justification ignores the first half of the tweet (""men who stay home 24 hours""). This is a crucial **counter-argument** to the moralistic grounds often used against women driving (e.g., that women should stay home). By highlighting men's idleness, the writer undermines the patriarchal logic of the ban. The original argument treats the tweet as a simple pro-driving statement rather than a **polemic** against the double standards enabling the ban.
3.  **Emoji Analysis:** The justification mentions the ""annoyed emoji,"" but fails to note that `😒`"
146,"I agree with the classification **Against**, but the original justification is weak because it dismisses the sarcasm as merely ""mocking imagination"" rather than analyzing the linguistic mechanism of the stance.

The tweet uses **sarcastic negation**. By saying ""Girls start imagining if they drive"" followed by ""I love to tell you #YouWillNotDrive,"" the author is not just rejecting driving; they are framing the very *concept* of women driving as a delusion or fantasy that needs to be corrected by reality (denial). The hashtag #لن_تقودي serves as a rhetorical command to suppress that imagination. The stance is explicitly **Against** because it validates the prohibition and invalidates the women's desire to drive as mere ""imagination."" The original argument is correct but lacks depth in explaining how the sarcasm reinforces the opposition."
147,"I agree with the **Favor** classification, but the original justification is weak because it focuses too heavily on ""anticipation"" and not enough on the explicit expression of frustration with the delay.

A stronger argument would highlight that the user is actively trying to comply with the new regulations (renewing insurance) and is complaining about the logistical hurdles (*""والله ماطلع سيارتي""* - ""I swear my car hasn't come out/been serviced"") rather than opposing the right to drive itself. The complaint is directed at the service provider (insurance companies) and the timeline, not the policy of women driving. Therefore, the stance is pro-policy but annoyed by the implementation speed."
148,"The original classification is **correct**, but the justification is linguistically imprecise and misses the core rhetorical mechanism.

**Critique of Justification:**
The original argument misinterprets the phrase ""تبخر وإحترق"" (evaporate and burn). This is not merely calling someone ""outdated""; it is a direct, aggressive curse wishing harm upon the opponent. The justification fails to highlight that the tweet uses **sarcasm and hostility** toward the *opponents* of women’s driving (specifically those using religious arguments like ""spiritual drinks/alcohol"") to signal support for the target.

**Refined Argument for ""Favor"":**
The stance is **Favor**. The tweet employs aggressive sarcasm and insults directed at individuals who oppose women's driving (referencing their religious objections via ""spiritual drinks""). By wishing that these opponents ""evaporate and burn"" and dismissing their arguments as nonsense, the author clearly aligns themselves with the side *against* the opposition, thereby supporting **women's right to drive**. The hashtag `#قياده_المرأه_السعودية` further contextualizes this as part of the pro-driving movement's rhetoric."
149,"The original classification of **None** is likely incorrect; the correct stance should be **Against**.

**Reasoning:**
The original argument misinterprets the tweet as ""practical advice."" In reality, the tweet is a sarcastic, self-deprecating joke about female incompetence behind the wheel.
1.  **Tone & Sarcasm:** The instruction ""كسري المقود ابدا"" (break the steering wheel at all) is hyperbolic and absurd, not literal advice. The user admits to breaking the steering wheel and hitting another car (""خبطت فالسيارة"").
2.  **Contextual Framing:** By using the hashtags `#قيادة_المرأة` and `#قياده_المرأه_السعودية` alongside a narrative of crashing and vehicle damage, the user reinforces the stereotype that women are dangerous or unskilled drivers.
3.  **Stance Implication:** In stance detection, using a target topic to illustrate failure, danger, or negative consequences constitutes an **Against** stance, even if framed as humor or anecdote. It argues against the capability of women to drive safely, which is the core debate surrounding the topic.

The original annotator failed to recognize the rhetorical"
150,"The original classification is correct. The justification is sound but could be more precise by highlighting the specific hashtag `#المرأه_السعوديه_تقود` (Saudi women drive), which directly links the praise to the target action. The terms ""great event"" and ""great decision"" are unequivocally positive evaluative markers, leaving no room for ambiguity regarding the ""Favor"" stance."
151,"The original classification is **correct**.

However, the justification is slightly imprecise in its interpretation of ""game"" (اللعبه). The tweet explicitly references ""Second chance"" (مره ثانيه), linking the incident to the reality show *Second Chance* (Al-Mar'ah Al-Sa'udiyah Tasawwib), where participants often faced public ridicule or judgment. The phrase ""khulha tasadam"" (let her crash) is not just general mockery but a specific call for punitive consequences or dangerous outcomes, framed as entertainment (""same game""). The use of laughing emojis reinforces the celebratory tone regarding potential harm. Therefore, the stance is clearly **Against**, as it dehumanizes women drivers and advocates for their failure/harm as a form of entertainment."
152,"The original classification is **incorrect**. The correct stance is **Favor**.

**Reasoning:**
1.  **Contextual Misinterpretation:** The phrase ""القرار لنن يشمل بنات البقوم"" (The decree will not include the daughters of Al-Baqoum) is likely a sarcastic or hyperbolic expression of exclusion, but in the context of the 2018 Saudi reforms, ""Al-Baqoum"" refers to a conservative tribe often cited as resistant to change. However, the crucial element is the hashtag: `#الملك_ينتصر_لقياده_المراه` (The King triumphs for women's driving).
2.  **Hashtag Dominance:** In Arabic social media discourse regarding this specific target, this hashtag was overwhelmingly used by supporters of the reform to celebrate the King's decision. The text preceding it is likely a rhetorical device (possibly implying that even the most conservative elements cannot stop it, or ironically stating that the decree applies to everyone including them, depending on the specific dialect nuance of ""لنن"" which might be a typo for ""لن"" or a specific dialectal emphasis).
3.  **Ambiguity vs. Clear Signal:** While the sentence structure"
153,"The classification is correct, but the justification overlooks a critical linguistic nuance that is essential for accurate Arabic stance detection.

The original argument correctly identifies the positive sentiment but fails to address the potential ambiguity of the hashtag `#قياده_المرأه_السعودية`. In this context, the tweet refers to the **legalization** of women driving (a major policy shift in 2018), evidenced by the phrases ""this day,"" ""this change,"" and ""this launch."" The writer is celebrating the *removal* of the ban.

However, a robust justification must explicitly rule out the interpretation that the user is advocating for a *ban* or expressing traditionalist views, which is a common pitfall with this specific hashtag. The justification should clarify that the ""independence"" and ""achievement"" cited are direct results of the *new ability* to drive, not a general statement on gender roles that could be misinterpreted as opposing the activity itself. The emojis (💜💁🏻‍♀️) and the celebratory tone (""10/10"") strongly anchor the stance as **Favor** toward the policy change, but the reasoning needs to be tighter to distinguish between supporting the *act* of driving"
154,"The classification is **Correct**, but the original argument is slightly imprecise in its interpretation of the hashtag.

While the sentiment words (""long-awaited,"" ""congratulations"") clearly indicate a **Favor** stance, the hashtag `#المراه_السعوديه_تسوق` translates to ""The Saudi woman **shops**,"" not ""drives."" This suggests the tweet is likely reacting to a specific policy change regarding women's freedom to shop or move in commercial spaces, or it is a typo/metaphor for general freedom. However, given the context of ""long-awaited"" and ""congratulations"" paired with the target topic of driving, the user is almost certainly celebrating the broader liberation associated with that right. The justification should note that despite the hashtag saying ""shops,"" the celebratory tone toward the woman's status aligns with the pro-driving stance, assuming the hashtag is either a meme, a typo for ""drives"" (تقود), or part of a broader campaign for women's rights."
155,"The original classification is **Correct**, but the justification is weak because it dismisses the textual evidence of mockery too easily.

**Critique of Original Argument:**
The claim that the tone is ""lighthearted and celebratory"" ignores the specific content of the joke, which is derogatory. The user isn't just celebrating; they are mocking a female driver’s competence by attributing her accident to her religious attire (niqab). This suggests a skeptical or hostile view of *who* is driving, even if they support the *policy*.

**Refined Justification for ""Favor"":**
The stance remains **Favor** because the hashtag `#الملك_ينتصر_لقياده_المراه` (The King triumphs/victorious for women's driving) is an explicit, positive endorsement of the policy change and the King's role in it. In Arabic social media discourse, such hashtags are primary indicators of political stance. The subsequent joke about the sister (""Auntie, the driver: Adjust your niqab, it’s the cause of your overturn"") is likely intended as intra-familial banter or cynical humor about the *consequences* of the law (novice drivers), rather than an argument *against"
156,"The original classification is **correct**, but the justification is superficial and misses the core rhetorical strategy.

The annotator focuses on the explicit ""We are with you"" phrase, which is supportive but generic. The true strength of the ""Favor"" stance lies in the **reframing argument**: the tweet explicitly links driving (""القياده"") to Islamic virtues (""الحشمه,"" ""العفاف,"" ""الحياء""). This directly counters the common opposition argument that driving violates modesty or religious principles. By asserting that the Saudi woman represents the ideal Muslim woman *through* these virtues while driving, the author is not just supporting the act, but actively dismantling the moral/religious objections against it. A stronger justification would highlight this ideological alignment rather than just the surface-level agreement."
157,"The original classification is **correct**, but the justification contains a factual error regarding the hashtag that weakens the analysis.

**Critique of Original Argument:**
The annotator incorrectly translates `#لن_تقودي` as ""You will not drive."" In this context, `تقودي` is the imperative verb ""drive"" addressed to a female (feminine singular imperative of *qaada* with the *ta' marboota*). Therefore, the hashtag translates to **""Don't Drive!""** or **""You shall not drive!""** (an imperative prohibition), not a declarative statement of future action. This imperative form is a direct slogan used by opponents of the law, making the stance explicitly **Against**.

**Refined Justification:**
The tweet is **Against** the target. It combines a religious appeal (""Allah chooses the right path"") with the imperative slogan `#لن_تقودي` (""Don't Drive!""). By equating the prohibition of women driving with divine will and ""protection,"" the author explicitly endorses the ban."
158,"The original classification is correct, but the justification lacks linguistic precision.

The key to the stance lies in the phrase **""طيب ندري وش الجديد""** (Fine, we know, what's new?). This is a dismissive rhetorical device used to delegitimize the hashtag `#لن_تقودي` (You will not drive). By treating the opposition's slogan as stale news or a tired talking point, the author invalidates the anti-driving narrative.

However, the justification should explicitly note that the heartbreak emoji (💔) likely expresses sympathy for the women being denied their rights or frustration with the persistent opposition, rather than just ""weariness."" The stance is Favor because the author aligns with the *outcome* of women driving by mocking the *attempt* to stop it. The argument holds, but it should emphasize that dismissing the opposition's slogan equates to supporting the status quo change."
159,"The classification is **correct**, but the original justification is weak because it focuses on the tactical advice (using a sign) rather than the overarching narrative of empowerment and normalization.

A stronger argument would highlight that the tweet is a **testimonial of successful integration**. By sharing a humorous story about overcoming initial fear (""I hated the ring road"") and finding a coping mechanism that led to comfort (""I became relaxed""), the author normalizes the act of driving. The tone is celebratory and supportive, framing driving as an achievable and manageable activity for women, which inherently supports the right and practice of women driving. The ""Favor"" stance is derived from the positive endorsement of the experience, not just the tip."
160,"The classification is **correct**, but the original justification has a significant weakness regarding textual accuracy and nuance.

**Weakness in Original Justification:**
The annotator claims the text describes the situation as a ""door of evil that has been opened"" (*باب شر فتح*). However, the tweet actually says *""باب شر فتح""* (a door of evil has been opened) is **not** explicitly stated as a complete phrase in that exact syntactic structure; it says *""باب شر فتح""* (open evil door / a door of evil has opened). More importantly, the justification misses the crucial rhetorical device of **conditional concession**.

The author explicitly states: *""We understand the need for some women to drive according to Sharia controls and observing morals""* (*نحن نتفهم حاجة بعض النساء للقياده وفق الضوابط الشرعيه ومرعاة الاداب*).

This indicates the stance is not against the *concept* of driving per se, but against the **unregulated implementation** or the resulting social behavior (*تجاوزات*, *سفور*, *سفر بلا محرم*). The stance is **Against** the *current reality* of women driving (as depicted by the author), but the justification should clarify that the opposition is rooted in the perceived lack of adherence"
161,"The original classification is **incorrect**. The stance should be **Against**.

**Reasoning:**
1.  **Direct Affiliation with Anti-Stance Hashtag:** The tweet explicitly uses the hashtag `#لن_تقودي` (""You will not drive""). This was the primary slogan used by opponents of women's driving rights in Saudi Arabia. Using this hashtag signals alignment with the movement seeking to maintain the ban.
2.  **Literal, Not Sarcastic, Support:** While the original annotator argues the tone is sarcastic, the content is a literal justification for the ban. The author states that because fuel prices are rising, women should be ""blessed"" (سلامات) that they do not drive, as they avoid the financial burden men face (`شايلين هم زي الاولاد`). This reinforces the argument that the ban is beneficial/protective for women, which is a core argument **against** allowing them to drive.
3.  **Reinforcement of Gender Roles:** The tweet relies on the stereotype that women are financially dependent or incapable of bearing the ""worry"" (هم) of expenses, suggesting they are better off without the responsibility of driving. This supports the status quo (the ban), making the stance"
162,"The classification is **Correct** (Favor), but the original justification is weak because it relies on a potentially inaccurate linguistic analysis.

**Critique of Original Argument:**
1.  **Misinterpretation of Sarcasm/Hashtag:** The argument claims the use of the anti-driving hashtag `#لن_تقودي` is ""sarcastic."" This is incorrect. In Saudi Twitter culture during this period, users often used popular hashtags (even opposing ones) ironically or to subvert them, but the primary signal here isn't sarcasm directed at the hashtag itself; it's the explicit statement of desire. The user isn't being sarcastic about *not* driving; they are being earnest about *wanting* to drive.
2.  **""Flatbed Truck"" Translation Error:** The justification mentions ""flatbed truck"" (`سطحه`). In this context, `سطحه` refers to an open-top car (convertible) or simply the top of a car, not a commercial flatbed truck. While this doesn't change the stance, it shows a lack of contextual nuance in the original review.
3.  **Stronger Evidence Ignored:** The justification focuses too much on the hashtag. The strongest evidence is the explicit"
163,"The original classification is **correct**, but the justification contains a significant factual and tonal error that needs correction.

The tweet is **not** sarcastic or ironic in its use of the hashtag `#لن_تقودي`. In the Saudi context, this specific hashtag was widely used by **pro-drivers rights activists** as a defiant slogan meaning ""You [the authorities/traditionalists] will not stop us from driving"" or ""We will not remain without driving."" It is a statement of resolve, not mockery.

The author’s argument is direct, not ironic: they calculate the financial loss (""quarter million,"" ""half million"") of relying on drivers to illustrate the economic inefficiency of the ban. The heartbroken emoji (💔) expresses sadness over this wasted money, reinforcing the **Favor** stance toward women driving. The original annotator correctly identified the stance but misinterpreted the rhetorical device, mistakenly labeling a direct economic critique and a defiant slogan as sarcasm."
164,"The classification is **correct**, but the original justification is slightly imprecise in its linguistic analysis.

**Critique:**
The phrase ""الله يأخذ الحاجه"" (May God take the thing/matter) is indeed a colloquial expression of strong rejection or disgust in Saudi dialect. However, it is more accurately described as a wish for the *removal* or *cessation* of the subject rather than just ""frustration."" The use of the definite article in the hashtag (#قياده_المراه_السعوديه) clearly anchors ""الحاجه"" to the target topic. The tone is not merely passive dislike but an active invocation for the policy to be revoked or the phenomenon to disappear, which firmly places it in the **Against** category. The original argument is valid but could be stronger by emphasizing the *prescriptive* nature of the wish (wanting it gone) rather than just the emotional state (frustration)."
165,"The classification is **correct**, but the original justification is weak because it overlooks the crucial role of **sarcasm** and **irony** in the tweet, which is a common rhetorical device in this specific discourse.

The phrase ""والله حرضت والا ماحرضت"" (By God, [you] incited or didn't incite) is not a genuine inquiry but a sarcastic dismissal of MBC's claim that they are merely reporting news rather than inciting. The use of ""محد درى عنكم"" (No one knows/cares about you) combined with the mocking emoji (😝) reinforces this contempt.

A stronger justification would highlight that the user is not just opposing the act of driving, but specifically attacking the media narrative supporting it. The hashtag #لن_تقودي serves as a slogan of resistance, while the body of the tweet mocks the legitimacy of the pro-driving media campaign. Therefore, the stance is **Against** not just because of the hashtag, but because the entire tweet is a sarcastic rebuttal to the pro-driving narrative."
166,"The classification is **correct**, but the original justification is weak because it misinterprets the literal absurdity as the primary mechanism of the argument, rather than the underlying stereotype.

A stronger critique would highlight that the tweet relies on the derogatory stereotype that women are obsessed with social media (Instagram) and are incompetent at basic tasks. By juxtaposing ""women driving"" with ""selling frozen gasoline on Instagram,"" the author implies that women would turn a dangerous, practical necessity (driving/fueling) into a trivial, commercialized social media performance. The hashtag `#لن_تقودي` (You won't drive) explicitly signals opposition. The sarcasm isn't just ""absurdity""; it is a specific gendered mockery suggesting women are unfit for the responsibility because their priorities are misplaced (vanity/social status over safety/functionality). The original argument misses this specific gendered critique of female competence."
167,"The classification is **correct** (Against), but the justification is **weak** because it conflates *economic criticism* with *political opposition*.

The tweet explicitly asks, ""Why is the price exaggerated?"" rather than stating the policy itself is wrong. The user is criticizing the **financial burden** (high cost relative to salaries), not the **right** to drive. A more rigorous justification would argue that opposing the specific implementation details (pricing) counts as ""Against"" the current state of the policy, even if the user supports the general concept of women driving. The stance is against the *cost*, which is a component of the target topic's execution."
168,"The classification is **correct**, but the original justification is linguistically imprecise and misses the nuance of the dialect.

**Critique of Original Justification:**
1.  **Translation Error:** The phrase ""تراكم امتحنتونا"" is a typo for **""ترا كمل امتحنتونا""** (or ""تراكم امتحنتونا"" where ""ترا"" is ""tara"" meaning 'look/see' and ""kamal"" means 'completed/exhausted'). A more accurate translation is: **""Look, you've exhausted your testing of us""** or **""Enough, you've tested us enough.""** The original argument glosses over the specific dialect marker ""ترا"" (Tara), which is crucial for identifying the Saudi colloquial tone.
2.  **Contextual Ambiguity:** While ""Favor"" is the most likely stance given the hashtag #المراه_السعوديه_تسوق (Saudi Woman Drives), the phrase itself is an expression of **frustration with the *process* or *opposition***, not necessarily an explicit endorsement of the policy's merits. However, in the context of the campaign, frustration with the delay/opposition is functionally equivalent to support.

**"
169,"The original classification is **correct**, but the justification contains a critical factual error and under-explains the sarcasm mechanism.

**Correction/Refinement:**
1.  **Hashtag Meaning:** The annotator incorrectly states that `#لن_تقودي` means ""You will not drive."" This is the slogan of the **opponents** of women driving. The tweet uses this hashtag **ironically** to mock those who still chant it. The annotator correctly identifies the irony but fails to define the hashtag's literal meaning, which is essential for understanding the sarcasm.
2.  **Argument Structure:** The tweet does not just call the argument ""outdated""; it accuses opponents of **hypocrisy** (`هم نفسهم`). The core argument is: ""You called camera phones a 'door to corruption' and rejected them; now you reject women driving with the same excuse. Are you still alive from that era?"" The humor relies on the absurdity that these opponents previously resisted technology they now benefit from, implying their current resistance is equally irrational.

**Verdict:** The stance is indeed **Favor** (supporting women's driving rights by ridiculing the opposition). However, the justification should explicitly state that `#لن_"
170,"The classification is correct, but the original argument is superficial. It relies entirely on surface-level sentiment markers (""chills,"" ""congratulations"") without engaging with the specific political or social weight of the target.

A stronger justification should explicitly note that the hashtag **#قيادة_المرأة_السعودية** (Saudi Women Driving) is a pro-reform slogan historically used by activists to demand this specific right. By using this specific hashtag alongside celebratory language, the author is not just expressing generic happiness but is explicitly endorsing the legislative change as a victory for women's rights. The original argument misses this contextual alignment between the hashtag and the target topic."
171,"The original classification is **correct**, but the justification is weak because it fails to adequately address the severe religious and moral condemnation present in the tweet, which could arguably shift the stance to ""Against"" or ""None"" (if interpreted as a rejection of the *social movement* rather than the legal right).

Here is the critique:

1.  **Misinterpretation of ""فضحتونا"" (You embarrassed us):** The annotator interprets this as criticism of ""exaggerated celebration."" However, in this context, combined with ""استغفر الله"" (I seek God's forgiveness), ""فضحتونا"" implies that the *act* of women driving (or the public display of it) is seen as shameful or a moral failing that exposes the community to criticism. It is not just about ""over-the-top"" behavior; it is about the perceived impropriety of the act itself.
2.  **Religious Condemination:** The phrase ""استغفر الله"" is a strong indicator of religious disapproval. It suggests the writer views the situation as a sin or a deviation from religious norms. This is not merely a critique of *how* people are celebrating; it is a critique of the *phenomenon* itself from"
172,"The original classification is **correct**, but the justification contains a significant linguistic error that weakens its credibility.

The phrase ""ياشيخ علي كيفكم"" is likely a colloquial or dialectal variation of ""يا شيخ، عليكم"" or simply an address to a religious figure (Sheikh) implying ""It is up to you"" or ""As you command."" However, the original annotator interprets it as ""Oh Sheikh, it's up to you/do as you wish,"" suggesting the writer is deferring to the Sheikh's authority to enforce the ban. While this aligns with the ""Against"" stance via the hashtag, the translation/interpretation of ""علي كيفكم"" is awkward and potentially inaccurate (it might be a typo for ""عليكم"" or a specific dialectal expression of submission/agreement).

More importantly, the hashtag #لن_تقودي (You [fem.] will not drive) is indeed a clear expression of opposition to women driving, aligning with conservative views against the ban on women driving. The tweet supports the restriction, hence ""Against"" the target ""Women driving cars.""

**Weakness in original justification:** The linguistic analysis of ""ياشيخ علي كيفكم"" is flawed or unclear. It should"
173,"The original classification of **Against** is **incorrect**. The correct stance is **Favor**.

**Reasoning:**
The tweet uses a rhetorical, playful, and sarcastic tone common in social media banter, but the underlying message is supportive of the woman's capability and right to drive.

1.  **""جاهز؟؟والله ماهقيته!!"" (Ready?? God, you didn't find it!!):** This is a direct challenge to the woman to prove her driving skills. The phrase ""mahagit"" (didn't find it) in this context implies she hasn't yet demonstrated her ability to him, not that she shouldn't. It is an invitation to drive, not a prohibition.
2.  **Context of the Hashtag #لن_تقودي (You will not drive):** While the hashtag literally says ""you will not drive,"" in the context of the Saudi women's driving movement, this specific hashtag was often used ironically by supporters to mock the opposition or as a playful dare. It was not a universal slogan of opposition.
3.  **Tone Analysis:** The tone is not patronizing in a way that denies rights; it is teasing. The writer is saying, ""I know you can drive, and"
174,"I agree that the classification is **Correct**, but the original justification is superficial and misses a crucial linguistic nuance that could have strengthened the argument.

**Weaknesses in Original Justification:**
1.  **Misinterpretation of ""Yantasiar"" (ينتصر):** The original argument translates the hashtag as ""The King triumphs for women's driving."" This is slightly misleading. *Yantasiar* implies ""standing in defense of"" or ""protecting/righting a wrong for,"" rather than just ""winning."" This suggests the author views the policy as a correction of a previous injustice, which is a stronger, more ideological form of support than simple gratitude.
2.  **Over-reliance on ""Thanks"":** The justification focuses heavily on the word ""Shukran"" (Thanks). While indicative, the stronger signal is the hashtag itself, which frames the policy as a moral victory or a restoration of rights, not just a favor granted.

**Refined Reasoning:**
The stance is unequivocally **Favor**. The hashtag `#الملك_ينتصر_لقياده_المراه` frames the lifting of the ban as the King ""standing up for"" or ""defending"" the right of women to"
175,"The original classification is **Correct**, but the justification is weak because it dismisses the hashtag too easily.

The hashtag `#لن_تقودي` (You will not drive) was the primary slogan of the *opposition* movement against women's driving rights in Saudi Arabia. By appending it, the author is likely engaging in **irony** or co-opting the opposition's symbol to argue that the ban is unsustainable because necessity (""الضرورات"") overrides prohibition (""المحظورات"").

However, the text explicitly states: ""I see that it should be permitted for her"" (أرى ان يسمح لها). This is a direct endorsement of the target. The stance is **Favor**, but the reasoning should highlight that the author is reframing the debate from ""rights"" to ""necessity,"" rather than just ignoring the contradictory hashtag. The presence of the opposition hashtag suggests the author is countering the ""Never"" slogan with a ""Must"" argument, reinforcing the pro-driving stance through pragmatic necessity."
176,"The classification is **correct**, but the original argument is weak because it misidentifies the rhetorical mechanism.

The tweet is not merely ""sarcastic"" or a direct claim that women are dangerous drivers. Instead, it is a **performative self-deprecation** using irony. The hashtag `#لن_تقودي` (You won't drive / It won't be your turn to drive) is a known slogan used by opponents of women driving. By adding ""لأنني لو سقت سأصدمكم"" (because if I drove, I would crash into you), the author is ironically saying: ""I support the ban on women driving because *I* (as a woman, implied by the context of the debate and the pronoun 'سقت') am too dangerous.""

This is a form of **satirical resistance** or **ironic compliance**. The stance is **Against** (the target of ""women driving""), but the mechanism is not a straightforward assertion of female incompetence. It mocks the *opponents'* logic by taking it to an absurd extreme, or it mocks the *proponents* by ironically claiming the ban is for public safety.

However, in stance detection, **Against** remains the correct label because the tweet"
177,"The original classification is **correct**, but the justification is linguistically weak and misses the nuance of the sarcasm.

**Critique of Original Justification:**
The original argument claims the tweet ""suggests that the prohibition will continue."" This is a literal misreading of the rhetorical device. The phrase ""باقي عايشين"" (as long as we are alive) is not a prediction of policy continuity; it is a hyperbolic vow of resistance. The writer is not stating a fact about the law; they are expressing a personal, emotional refusal to witness the change.

**Refined Analysis:**
The stance is indeed **Against**, but the reasoning should focus on **defiance and mockery** rather than a prediction of status quo.
1.  **Sarcasm & Mockery:** The multiple laughing emojis (🤣🤣🤣🤣) indicate ridicule of the concept of women driving, framing it as absurd or ridiculous to the author.
2.  **Hyperbolic Resistance:** ""لن تقودي باقي عايشين"" is a dramatic declaration of opposition. It translates roughly to ""You will not drive as long as I draw breath,"" signaling an intense, personal opposition to the target"
178,"The original classification is **correct**. The stance is indeed **Favor**.

However, the original justification is weak because it relies heavily on the explicit phrase ""انا مع القيادة"" without adequately addressing the significant sarcasm and negative sentiment markers that could mislead a superficial reader.

**Critique of the Original Argument:**
The justification fails to explain *why* the negative emojis (😶🌚🤐🤢) and the phrase ""احنا اخر ناس على فكرة"" (we are the last people to think of this) do not constitute an ""Against"" stance. A stronger justification would explicitly distinguish between the **policy** (which the author supports) and the **societal reaction/timing** (which the author mocks). The author uses sarcasm to criticize the *excessive celebration* of a basic right, not the right itself. The disgust emojis are directed at the ""noise"" and the late adoption, not the act of driving. Without this nuance, the negative tone might incorrectly suggest opposition to the target."
179,"The classification is **correct**, but the justification is flawed in its interpretation of the mechanism.

The tweet is not merely ""condescending""; it is **ironic satire**. The hashtag `#المراه_السعوديه_تسوق` (Saudi woman shops/drives) combined with the absurd advice to ""wipe off makeup"" to prevent harassment highlights the regression and societal backlash against women's emancipation. The writer is mocking the patriarchal narrative that blames women's appearance for harassment, thereby criticizing the resistance to women driving.

However, the stance is **Against** the *current societal acceptance* or the *safety* of driving for women, or more accurately, it is **Against the patriarchal restrictions** disguised as safety tips. Wait, let's look closer.

If the target is ""Women driving"" (as a right/phenomenon):
The tweet mocks the idea that women should hide their beauty to drive safely. This implies that the *barriers* to driving are ridiculous. Is this **Favor**ing women driving?
Actually, the tweet is likely **Against** the *normalization* or highlighting the *danger*. But usually, in stance detection, if the tweet mocks the *opponents* of a right"
180,"The classification of **Favor** is correct, but the original argument contains a significant semantic error regarding the hashtag that weakens the justification.

The annotator claims the writer uses the hashtag `#لن_تقودي` (You Will Not Drive) ""ironically."" This is inaccurate. The writer states they will either delete their old pro-driving tweets **OR** post the hashtag `#لن_تقودي` and ""burn the hearts"" of their opponents. The context implies that posting this specific hashtag (which is a slogan used by *opponents* of women driving) would be an act of aggression against the ""Daesh of the street"" (the opponents). However, a closer reading suggests the writer is threatening to *inflict pain* on the opponents by forcing them to see the hashtag, or perhaps the annotator confused the hashtag's meaning.

Actually, re-reading the Arabic carefully: ""إما أحط اقدم تغريدة لي عن مطالبتي بالقيادة **أو** بحط وسم #لن_تقودي و أحرق قلوب دواعش الشارع"". This is a conditional threat.
1. If she drives (which she expects/hopes), she will delete her old complaint tweets (signifying"
181,"The classification is **correct**, but the original justification is weak because it relies heavily on the ""10/10"" rating and emoji while ignoring the critical contextual anchor: the hashtag `#المرأة_السعودية_تسوق`.

To fully support the ""Favor"" stance, the argument must explicitly connect the hashtag to the target. The hashtag translates to ""Saudi women drive"" (using the verb *tasaqq* which means to drive). Without this link, ""nothing is impossible"" is vague. The positive stance is derived from the combination of the celebratory rating/emoji and the specific advocacy hashtag celebrating the lifting of the ban. The original argument should have cited the hashtag as the primary evidence of the topic, rather than just the sentiment markers."
182,"The original classification is **correct** (Against), but the justification is flawed and misses the primary rhetorical mechanism of the tweet.

**Critique of Original Argument:**
The original annotator incorrectly labels the phrase ""يا قرة عيني"" (O apple of my eye) as ""protective."" In this context, it is **sarcastic** and derogatory, mocking the subject rather than expressing genuine care. Furthermore, the argument fails to address the hashtag `#اسقاط_الولاية` (Abolish Guardianship). In the Saudi context, the ban on women driving was a direct function of the male guardianship system. Therefore, calling for the abolition of guardianship is inherently a call to **remove the legal barrier** to women driving. The original annotator treats these two hashtags as contradictory or prioritizes the sarcastic insult over the structural political demand, leading to a weak explanation for why the stance is ""Against.""

**Refined Analysis:**
The tweet is likely from a **conservative commentator** using irony. By pairing `#لن_تقودي` (You will not drive) with `#اسقاط_الولاية`, the user is likely mocking progressive demands or asserting that even with the abolition of guardianship, women"
183,"The original classification is **correct**, but the justification is incomplete and misses the rhetorical mechanism that confirms the stance.

The annotator correctly identifies the hashtag and the mockery. However, they fail to highlight the **causal link** in the first clause: ""#لن_تقودي فعلاً المجتمع غير متقبل"" (You won’t drive, truly, society is not accepting). This is not just an observation; it is a prediction used to dismiss the possibility of change.

Furthermore, the justification should note the **dehumanizing slang** used in the second half. The terms ""تمسك الدريكسون"" (holding the dickson/steering wheel, used pejoratively) and ""المظلمومة"" (a derogatory feminization of 'oppressed,' implying they are faking their oppression) are not just ""mockery""; they are active attacks on the credibility and morality of the pro-driving movement. This toxic framing solidifies the **Against** stance more strongly than mere ""dismissing"" suggests. The annotator understates the hostility of the language."
184,"The original classification is **correct**, but the justification lacks nuance regarding the hashtag's role.

While the phrase ""finally after a long wait"" and the peace/victory sign (✌🏻) strongly indicate support, the justification overlooks the hashtag `#المراه_السعوديه_تسوق` (""Saudi Woman Shops""). This hashtag is part of the broader cultural discourse surrounding women's empowerment and mobility. The tweet isn't just welcoming a policy; it is celebrating the *realization* of that policy as a long-awaited right. The tone is one of vindication rather than mere relief.

However, there is a minor weakness: the emoji ✌🏻 is ambiguous (peace, victory, or just a casual sign-off). Without it, the text is still positive, but the emoji cements the ""Favor"" stance by adding celebratory intent. A stronger justification would explicitly link the ""long wait"" to the historical ban, framing the tweet as a celebration of the ban's lifting, not just a neutral observation of a change."
185,"The classification is **correct**, but the original justification is weak because it treats the repetition as a neutral descriptor rather than analyzing its rhetorical function.

The justification should explicitly highlight that tripling the phrase ""لن تقودي"" (You will not drive) is an emphatic, aggressive imperative, not just a statement of fact. Furthermore, the justification should note that the hashtag `#لن_تقودي` aligns with a specific anti-change movement, confirming the stance is active opposition rather than passive observation. The reason (""we don't need more traffic"") is a pragmatic argument against the policy, not a description of current events."
186,"The original classification is **incorrect**. The correct stance is **Against**.

**Reasoning:**
The tweet is a **sarcastic attack** on women drivers, not a defense of them.

1.  **Tone and Vocabulary:** The phrase ""قمة الغباء ف بعض العقليات"" (the height of stupidity in some mindsets) is directed at the women who drive, not at those who oppose it. The emoticons ""👌🏻♥️"" are used ironically to mock the ""stupidity"" of women driving.
2.  **Hashtag Context:** `#لن_تقودي` (You will not drive) was a prominent hashtag used by **opponents** of women driving in Saudi Arabia. By using this hashtag without explicit ironic framing (like quotes or clear counter-statement), and pairing it with insults, the author is aligning themselves with the opposition.
3.  **Logical Structure:** The tweet claims that hiring a foreign driver is ""better for her"" than driving herself. This is a common argument **against** women driving (implying they are unsafe or incapable). The author calls the *women* who choose to drive ""stupid"" for rejecting the ""safer"
187,"The original classification is **correct**.

However, the original justification is weak because it overlooks the nuanced, slightly ambivalent opening of the tweet. The phrase ""رغم أنني أدرك رفاهية الجلوس في الخلف"" (Although I recognize the luxury of sitting in the back) acknowledges a preference for the traditional, protected role, which could theoretically be read as a reluctant acceptance rather than enthusiastic support.

A stronger justification would note that despite this concession, the tweet pivots decisively to **pragmatic necessity** (""freedom of choice,"" ""emergency situations"") and **active endorsement** (""I advise all Saudi women to learn""). The stance is Favor not just because of gratitude, but because the author frames driving as an essential skill for women's safety and autonomy, overriding the acknowledged ""luxury"" of non-participation."
188,"The original classification of **Favor** is correct, but the justification is weak because it overlooks the critical role of religious framing and sarcasm.

A stronger critique would note that the tweet uses the phrase *Subhan Mu'ayyiril Ahwal* (""Glory to the Changer of conditions""), a traditional Islamic invocation. By invoking this, the author frames the policy change not just as a social shift, but as a divinely ordained or inevitable positive progression. The sarcastic juxtaposition of the opposition’s hashtag (#لن_تقودي - You Will Not Drive) with the new reality (#ستقودي_والشعب_معك - You Will Drive and the People Are With You) mocks the futility of the opposition. The stance is not merely ""welcoming""; it is actively celebrating the defeat of the restrictive narrative through a lens of religious inevitability and public solidarity. The original argument misses this layer of rhetorical triumphalism."
189,"The original classification is **correct**, but the justification lacks nuance regarding the colloquial dialect and the performative nature of the hashtag.

**Critique of Justification:**
1.  **Dialect Nuance:** The phrase ""يب انا مابي"" is Gulf Arabic colloquialism. ""يب"" is an interjection of affirmation/acknowledgment (like ""Yeah"" or ""Right""), and ""مابي"" means ""I don't want [it]."" The justification correctly identifies the sentiment but fails to note that this is a direct, personal rejection rather than a general argument.
2.  **Hashtag Context:** The hashtag `#لن_تقودي` was a prominent opposition slogan during the Saudi driving ban protests. While the translation ""You will not drive"" is accurate, the justification should emphasize that this is a known *political slogan* of the opposition, not just a literal prediction of future events.
3.  **Emoji Function:** The running emojis (🏃🏃) suggest avoidance or fleeing the topic, which reinforces the negative stance but is less definitive than the text. The justification could better link the emojis to the emotional tone of refusal rather than just listing them.

**Conclusion:** The"
190,"The original classification is **correct**, but the justification contains a significant factual error regarding the hashtag analysis.

**Critique of Original Argument:**
1.  **Hashtag Misinterpretation:** The original argument claims `#لن_تقودي` explicitly signals opposition. This is linguistically incorrect. `#لن_تقودي` translates to ""**You Will Not Drive**"" and was the primary slogan used by **pro-driving** activists to assert their right and inevitability of the change. The *opposing* camp typically used `#لا_للمرأة_والقود` (No to women and driving) or similar. The presence of this hashtag actually suggests the user might be *mocking* the pro-driving movement's attention, but the tag itself is pro-target.
2.  **Ambiguity of ""Astonishment"":** The user expresses ""astonishment"" (`استغرب`) at the *level* of attention, not necessarily the *right* itself. Dismissing an issue as overhyped compared to other problems (`عشرات القضايا`) is a form of minimization, which aligns with an **Against** stance (undermining the priority of the target), but it is a softer, more"
191,"The original classification is **correct**, but the justification lacks nuance regarding the rhetorical device used.

While the stance is indeed **Favor**, the argument should explicitly highlight the **sarcasm and reductio ad absurdum** employed. The tweet mocks the opposing argument (that women are already privileged enough not to need driving rights) by ironically accepting the ""Queen"" label to expose its irrelevance. The phrase ""ما نبي نكون ملكات نبي نسوووق بس"" (We don't want to be queens, we just want to drive) is not just a rejection of pampering, but a dismissal of the entire premise that status substitutes for legal rights. The original justification is accurate in conclusion but misses the critical role of irony in establishing the stance."
192,"The classification is **correct**, but the original argument is weak because it conflates the tweet's *reporting* of a political stance with the author's *personal* stance.

**Critique:**
The tweet primarily cites the Shura Council's position (""#الشورى_يرفض_قيادة_المرأة""). Merely reporting that a body rejects something is neutrally ""None"" unless the author endorses that rejection. The original argument fails to explain *why* the rhetorical question ""كم مره نقول"" (How many times do we say) implies endorsement.

**Stronger Justification for ""Against"":**
The phrase ""كم مره نقول"" suggests frustration that the opposition to women driving is being ignored or repeated, implying the author aligns with the ""No"" side. Combined with the hashtag #لن_تقودي (You will not drive), which is a declarative slogan of resistance rather than a neutral report, the tone shifts from reporting to advocacy. The author is not just stating the Council's view; they are echoing the refusal as a collective demand, thus taking an **Against** stance."
193,"The original classification is **correct**, but the justification is weak because it misinterprets the core sentiment.

The phrase ""خلاااااااص... دريت اننا صرنا نقود"" (Finally... I realized we are now driving) combined with the eye-rolling/wide-eyed emoji 👁️👁️ is a common Arabic internet meme format expressing **exhaustion, irony, or disbelief** at the sheer volume of news/announcements surrounding the topic, rather than genuine excitement. The user is likely mocking the media hype or the long wait (""Finally, it's real""), not necessarily celebrating the policy itself with genuine joy.

However, labeling it **Favor** is still the most defensible stance among the three options because:
1.  The user accepts the reality (""we are now driving"").
2.  There is no explicit language opposing the policy (like ""danger,"" ""shame,"" or ""no"").
3.  In stance detection, passive acceptance or ironic acknowledgment of a progressive change often defaults to *Favor* or *None* rather than *Against*.

**Critique of Original Argument:**
The original annotator incorrectly reads the sarcasm/irony as ""amazement or"
194,"The original classification is **correct**, but the justification requires refinement to be fully robust.

**Critique of Original Argument:**
While the link between ""protecting men"" and opposing the policy is sound, the justification overlooks the specific cultural mechanism of the hashtag `#المراه_السعوديه_تسوق`. In Saudi social media discourse, this hashtag is often used ironically or humorously to depict women as incompetent or dangerous drivers. The phrase ""Fasilat al-Rijal"" (The Men's Battalion/Unit) frames men as a collective needing defense against this perceived incompetence.

**Why ""Against"" is the correct stance:**
1.  **Victim Framing:** By praying for protection *for men* in the context of women driving, the author implicitly positions women drivers as the source of danger or chaos.
2.  **Irony/Sarcasm:** The tone is not one of genuine religious solemnity but rather sarcastic exaggeration. The ""need"" for divine protection against women driving is a rhetorical device to highlight the author's belief that the situation is hazardous or absurd.
3.  **Implicit Rejection:** You do not pray for protection against a positive or neutral event. The prayer signals fear or disapproval"
195,"The original classification of **Against** is incorrect. The correct stance is **Favor**.

**Reasoning:**
1.  **Irony and Sarcasm:** The tweet uses heavy irony. By stating ""Our society is rejecting"" followed by the suggestion to hold elections *while fasting* and the emoji 😳🤔, the author is mocking the social conservatism that opposes women's driving. The suggestion to ""attach it to any election"" with a laughing emoji (😅) implies that the ban is absurd and should be removed via legitimate democratic means, highlighting the ridiculousness of the opposition.
2.  **Emoji Analysis:** The thumbs-up emoji (👍🏻) at the end is the key indicator. In Arabic social media discourse, especially when paired with ""God make it easy"" (والله يسهل), this signals support for the hashtag topic (#السماح_بقياده_المرأه). If the user were against it, they would likely use a thumbs-down, a sad face, or religious condemnation emojis, not a positive affirmation.
3.  **Contextual Norms:** The phrase ""مجتمعنا رافض"" (Our society is rejecting) is used here rhetorically"
196,"The original classification is **correct**, but the justification is weak because it underestimates the explicit linguistic evidence in favor of the hashtag's irony.

The justification relies heavily on the emojis and the phrase ""Tomorrow the days will get better"" to infer stance, which is valid but indirect. A stronger argument would explicitly deconstruct the hashtag #لن_تقودي. This hashtag was a prominent anti-driving slogan. By pairing it with ""putting my license in my bag"" and dancing emojis, the user creates a stark juxtaposition: the text celebrates the *act* of getting the license, while the hashtag quotes the *opposition*. This is not just ""mockery""; it is a direct reclaiming of the narrative. The user is asserting that despite the slogan ""You will not drive,"" she *is* driving (or about to).

However, the original argument fails to mention that without the context of the emojis and the ""license in bag"" statement, the hashtag alone would signal an **Against** stance. The justification should have clarified that the stance is derived from the *contradiction* between the celebratory action and the quoted opposition slogan, rather than just general ""optimism."""
197,"The original classification is **correct**, but the justification is weak because it focuses too narrowly on the statistical rebuttal and misses the primary rhetorical device: **sarcasm and irony**.

The tweet opens with `#لن_تقودي` (You will not drive), a phrase often used by opponents to express fatalistic resistance or to highlight the perceived absurdity of the law's implementation. By immediately following this with `بعضهم يتحجج` (some make excuses) and dismissing their argument as `ليس صحيح` (not true), the author is indeed taking a **Favor** stance. However, the strength of the argument lies in the final clause: `وفي بيتها سائق لاتستغني عنه` (and in her home she has a driver she cannot do without). This is not just a factual counter-example; it is a sarcastic jab at the hypocrisy or economic reality of the opposition's demographic. The author implies that even if women drive, the social structure (hiring drivers) remains unchanged, rendering the opposition's fear of ""role displacement"" or ""service reduction"" moot. The original justification misses this layer of ironic dismissal, which strengthens the ""Favor"" classification by showing the author is not just debating facts, but"
198,"I agree with the **Against** classification, but the original justification contains a significant linguistic error that undermines its rigor.

The justification claims the hashtag `#لن_تقودي` translates to ""**You** will not drive."" This is incorrect. The verb form *تقودي* is in the third-person feminine singular (imperfective), meaning ""**She** will not drive"" (or ""She does not drive""). The target pronoun is ""she"" (the woman), not ""you"" (the reader).

While this error does not change the final stance (the tweet is clearly hostile to women driving), a precise critique should note that the mockery is directed at the *subject* (women drivers/feminists), not the audience. The stance is driven by the dehumanizing label ""morally distressed"" (*المأزومات أخلاقياً*) and the cynical assertion that these women would only support equality if it benefited them personally, coupled with the mocking laughter emoji."
199,"The original classification is **incorrect**.

**Correct Stance: None**

**Reasoning:**
The target topic is ""Women driving cars"" (قيادة المرأة للسيارة). However, the tweet explicitly uses the hashtag **#المراه_السعوديه_تسوق** (The Saudi woman **shops**). The Arabic word ""تسوق"" (tasaqq) means ""to shop,"" whereas ""تقود"" (taqudd) means ""to drive.""

The tweet criticizes women's appearance and modesty while shopping, citing a Quranic verse about not displaying beauty. It does not mention driving, cars, traffic, or the legal right to drive. The original annotator likely confused the visual context or assumed the hashtag referred to driving, but the text explicitly frames the criticism around shopping and public appearance/modesty, not the act of driving. Therefore, the stance regarding *driving* is neutral/none because the topic is not addressed."
200,"The original classification is **correct** (Favor), but the justification contains a significant factual error regarding the hashtag that needs correction.

**Critique of Original Argument:**
The argument incorrectly states that `#لن_تقودي` (You will not drive) is used ""ironically/hijacked."" In the context of the Saudi driving ban debate, `#لن_تقودي` was the dominant hashtag used by **opponents** of women's driving. The tweet does not ""hijack"" it via irony; rather, the user is likely quoting or referencing the opposition's slogan to dismiss it, or the hashtag is present in the thread/context to show what is being defied. The primary signal of stance here is the aggressive defiance, not the ironic usage of the opposition's hashtag.

**Refined Justification:**
The stance is clearly **Favor**. The text employs aggressive sarcasm and defiance. The phrase ""قدنا غصبن عنكم"" (We drove against your will) explicitly celebrates the act of driving despite opposition. The imagery of ""trampling every man who sees me"" (`بدعس كل رجال`) and the devil emoji (`😈`) signal a rejection of patriarchal restrictions. The user is"
201,"The original classification is **Correct**.

However, the original justification is slightly superficial. It misses the nuance of the aggressive tone used to enforce the stance. The tweet doesn't just ""support"" the policy; it actively attacks opponents (""اضربوا سيارته"" - hit their car) and uses sarcasm/mockery (""مو ناقصكم شي"" - you aren't missing anything) to delegitimize critics. A stronger justification would highlight that the author frames opposition as illegitimate and deserving of physical retaliation, which is a more virulent form of ""Favor"" than simple congratulation. The emoji (😜) also signals a playful but defiant tone against traditionalists."
202,"The classification is **correct**.

The justification is accurate and robust. The tweet employs the imperative/prohibitive structure ""لن تقودي"" (You will not drive) combined with ""بإذن الله"" (God willing), which is a common rhetorical device in this context to assert a religious or moral prohibition. The repetition emphasizes the refusal to accept the change, clearly marking the stance as **Against** the target topic. There is no ambiguity or sarcasm that would suggest a different reading."
203,"The original classification is **correct**, but the justification overlooks a crucial linguistic nuance that strengthens the ""Favor"" stance beyond mere mockery.

The tweet explicitly states ""بطلوها"" (Stop it), directly calling for the cessation of the ""attention-seeking"" and ""gossip"" associated with the hashtag #لن_تقودي. The use of the winking emoji (😉) and the sarcastic request to ""specify who you are mourning for"" (""ليتك حددتي من تترحمين عليه"") frames the opposition as not only outdated but also performative and irrational. By dismissing the anti-driving sentiment as mere noise and ridicule, the author aligns themselves with the progressive view that the debate is settled or that the opposition is invalid. Therefore, the stance is clearly **Favor**."
204,"I agree with the classification of **None**, but the original justification is weak because it focuses solely on the *absence* of opinion rather than analyzing the *intent* of the rhetorical questions.

The tweet uses double question marks (""..!!؟"") and demands transparency (""هل لنا أن نعرف"" - ""Can we know"") regarding the Council's decision. While this indicates skepticism or dissatisfaction with the lack of information, it does not explicitly take a side on the *substance* of women driving. The author is criticizing the *process* or the *opacity* of the ruling body, not necessarily the policy itself. Therefore, ""None"" is correct, but the reasoning should emphasize that demanding data is a procedural critique, not a stance on the target topic."
205,"The original classification of **Against** is correct, but the justification contains a significant semantic error that weakens its analytical rigor.

The original argument claims the tweet states, ""if a woman causes an accident while being a passenger, she would be even worse as a driver."" This is a misreading of the Arabic text *""تركب ف السياره وتخلي اللي يسوق يسوي حادث""* (You ride in the car and make the driver cause an accident). The tweet does not claim women *cause* accidents as passengers; it uses a hyperbolic stereotype that women are such distracting or difficult passengers that they *cause the driver* to crash. This distinction is crucial: it attacks the woman's character/behavior as a passenger to infer incompetence as a driver, rather than citing a track record of passenger-caused crashes.

Furthermore, the justification overlooks the specific rhetorical device of **mockery via laughter** (the 😂 emoji and ""يا الله سترك وش لكن بالغثى"" – ""Oh God, you'll say whatever but with vomiting/nausea""). The tone is not just dismissive; it is actively ridiculing the idea of female drivers by associating them with physical sickness and chaos. The hashtag #لن_تقودي"
206,"The classification is **correct**, but the justification is weak because it relies too heavily on surface-level sentiment without addressing the specific sociopolitical nuance of the hashtag.

The phrase ""نكتب تاريخاً جديداً"" (we are writing new history) is a standard rhetorical device used by reformists in Saudi Arabia to frame the lifting of the driving ban as a progressive, historical milestone. The hashtag #المراه_السعوديه_تقود_السياره is a solidarity tag used by supporters. While the original argument correctly identifies the celebratory tone, it fails to explicitly note that the tweet aligns with the pro-reform narrative, which is the key indicator of the ""Favor"" stance in this specific context. Without acknowledging the hashtag's function as a marker of support for the policy change, the justification is incomplete."
207,"The original classification is **correct**, but the justification requires a crucial nuance regarding the target audience of the praise, which the original argument slightly glosses over.

**Critique of Original Argument:**
The original argument correctly identifies the shift from opposition to support and the positive sentiment toward the leadership. However, it misses the specific rhetorical device used: the author is praising the *endorsement* of the policy by a specific figure (""Abu Fahad,"" likely a tribal leader or influential personality) rather than just the policy itself. The phrase ""الله يخلي ابو فهد"" (May God keep Abu Fahad) and ""عز يامال العز"" (Glory upon glory) are directed at this supporter, not directly at the women drivers or the government decree. The support for the target (women driving) is inferred through the celebration of its *defender* and the ridicule of its previous opponents (""#لن_تقودي اللي غثيتونا فيه"").

**Refined Justification for ""Favor"":**
The stance is clearly **Favor**. The tweet explicitly mocks the previous opposition hashtag (#لن_تقودي) as something that ""suffocated"" them for years, indicating a relief and positive"
208,"The original classification is **correct**, but the justification is superficial and misses crucial linguistic markers that confirm the stance.

The argument relies heavily on the interpretation of the hashtag reversal, which is valid, but it fails to cite the most definitive evidence: the explicit prediction ""ستقود باذن الله"" (She will drive, God willing). This is a direct assertion of inevitability and support, not just an ironic counter-narrative. Furthermore, the justification overlooks the aggressive tone used against opponents (""رغم انف التزمت"" - despite the noses of the extremists) and the temporal dismissal ""ولى زمانكم"" (your time has passed), which are strong indicators of active advocacy rather than passive agreement. A stronger justification would anchor the ""Favor"" label in these active verbs and dismissive phrases, rather than just the ironic subversion of the hashtag."
209,"The original classification is **correct** (Against), but the justification is weak because it treats the hashtags as a simple list rather than a rhetorical structure.

A stronger critique would note that the tweet uses the first hashtag (#لن_تقودي) as the primary stative declaration, while the second hashtag (#بناتك_ياملكنا_طالبينك_يسوقون) serves as an ironic or sarcastic counter-point to highlight the annotator's perceived absurdity or to mock the pro-driving argument. The dominance of the negation ""لن"" (will not) in the opening phrase and the primary hashtag establishes the core stance as opposition. The justification fails to explain *why* the second hashtag doesn't override the first; it should have clarified that the first tag sets the speaker's position, while the second tag likely mocks the opposing viewpoint or addresses the King rhetorically to reinforce the ban. Without this nuance, the justification looks like it simply picked the most negative word without analyzing the rhetorical intent."
210,"The original classification is **correct** in its conclusion, but the justification is weak because it conflates *support for the activity* with *support for the policy*.

The phrase ""بالتوفيق للجميع"" (Good luck to everyone) and the advice to be cautious (""يجب توخي الحذر"") could equally apply to a neutral observer acknowledging a new social reality or a critic wishing the experiment would fail due to danger. However, the tone is **constructive** rather than hostile or dismissive. There is no language indicating opposition (e.g., ""dangerous,"" ""un-Islamic,"" ""stop this""). Therefore, while the support is mild and practical rather than ideological, it leans towards **Favor** by accepting the premise that women are now driving and offering guidance for its success, rather than resisting the change."
211,"The original classification is **correct**, but the justification is linguistically flawed and over-interprets the syntax.

**Critique of Original Justification:**
1.  **Grammar Error:** The justification claims ""انا تسووووق"" means ""I [will] drive/she drives."" This is grammatically incorrect. ""انا"" (I) + ""تسوق"" (she drives) is a mismatch. The correct verb for ""I drive"" is ""أسوق"" (Asuqq).
2.  **Contextual Misreading:** The phrase is likely a play on the hashtag `#المراه_السعوديه_تسوق` (The Saudi woman drives). The user is likely saying ""I [am part of the trend where the] Saudi woman drives"" or simply echoing the hashtag with ""I"" to show personal alignment, or it is a typo for ""أنا أسوق"" (I drive). Regardless, the specific verb form ""تسوق"" does not mean ""I will drive.""

**Refined Argument for Favor:**
The stance is **Favor** because the heart-eyes emoji (😍) expresses strong positive sentiment. The user is aligning themselves with the movement mentioned in the hashtag (`#"
212,"The original classification is **incorrect**. The stance should be **Against**.

**Reasoning:**
The original annotator mistakenly interpreted neutral/practical advice (""lane discipline"") as support for the *policy* of women driving. However, the hashtags reveal a hostile tone and mocking intent:
1.  **#تخيل_البنت_بدون_مكياج** (""Imagine the girl without makeup"") and **#السمينه_ولا_النحيفه** (""The fat or the skinny"") are derogatory, focusing on women's appearance rather than their driving skills.
2.  **#ين_حر** is likely a typo for a derogatory term or slang used to demean.
3.  The structure of the tweet mocks women drivers by implying they are dangerous (""exposes you to danger"") and in need of basic correction, while simultaneously objectifying them. This aligns with the common sarcastic/mocking rhetoric used by opponents of women's driving in Saudi Arabia prior to the ban's lifting, not support for it."
213,"The original classification of **Favor** is correct, but the justification is superficial and misses the crucial contextual nuance of the tweet being a response to critics.

The tweet opens with ""الي يقولون وين..."" (Those who say where are...), which explicitly addresses skeptics or opponents who claim women are not driving. The author is not just ""defending"" women; they are **countering an argument against the policy's success**. By stating that women are simply waiting for licenses (""اصبرو شهر بس"" - just wait a month), the author dismisses the opposition's claims as premature. The prediction that streets will be ""full"" (مليانه) serves as evidence to refute the idea that women are uninterested or incapable, thereby strongly supporting the normalization and success of women's driving. The original argument fails to highlight that the stance is reactive and polemical, aimed at validating the policy against its detractors, rather than just expressing general enthusiasm."
214,"I disagree with the ""Favor"" classification. The correct stance is **None** (or potentially **Against**, depending on interpretation of sarcasm, but definitely not Favor).

**Reasoning:**
The tweet relies entirely on sarcasm and irony. By contrasting the ""past"" (buying recharge cards, likely for taxis or paying drivers) with the ""future"" (paying traffic fines), the author is highlighting a negative consequence: that women will now be drivers who violate traffic laws and incur financial penalties.

Describing the ability to pay traffic fines as a celebrated ""era"" is not an expression of support for women's driving rights; it is a cynical joke about the *costs* or *chaos* associated with the change. It does not express endorsement of the policy itself, but rather mocks the outcome (fines). Therefore, it is not a ""Favor"" stance, which requires positive support. It is more accurately a neutral observation of a consequence delivered with sarcastic tone, or a subtle opposition focusing on the negatives."
215,"The classification is **correct**, but the original justification is superficial and misses the core ideological framing.

The justification relies heavily on the hashtag `#لن_تقودي` (You shall not drive), which is indeed oppositional. However, it fails to analyze the tweet’s primary rhetorical strategy: **reframing the issue from ""rights"" to ""gendered protectionism.""**

The writer does not merely say ""no""; they argue that male provision (driving for women) is an act of **honor** (`شرف`) and **protection** (`حمايتك`). By labeling opponents as ""ambushers"" (`يتربصون`) and warning women not to be ""deceived"" (`لا تغرنك`), the tweet casts the policy change not as progress, but as a malicious plot against Islamic values. The hashtag `#لا_للمتربصين_بالمسلمات` (No to those ambushing Muslim women) explicitly positions the target policy as an attack on religious identity.

A stronger justification would highlight that the opposition is rooted in a **conservative, religiously charged defense of traditional gender roles**, rather than just a simple disagreement with the act of driving. The stance is ""Against"
216,"The original classification is **correct**, but the justification requires nuance regarding the cultural slang.

While the annotator correctly identifies the stance as **Favor**, the explanation of ""forgotten to complain about their daily work routine"" is a slight misreading of the specific Arabic dialect. The phrase ""نتحلطم على الدوام"" (literally ""we break down at work"") in Saudi/Gulf slang typically refers to the habit of making excuses to leave work early or skip duties to attend a major event.

Therefore, the tweet isn't just saying they are ""too excited to complain""; it is saying the event is so significant that it disrupted their normal patterns of avoiding work obligations. This intensifies the **Favor** stance by highlighting the magnitude of the social milestone, but the core sentiment remains overwhelmingly positive. The sarcasm/humor is directed at their own previous neglect of duties, not at the policy itself."
217,"The original classification is **incorrect**. The correct stance is **Favor**.

**Reasoning:**
The annotator misinterprets the tone of dismissal as opposition to the policy itself. However, the tweet explicitly states ""الحمدلله والشكر بس"" (Praise be to God and thanks), which is a standard Islamic expression of gratitude for a positive development. The author is not arguing against women driving; rather, they are commenting on the *social excitement* surrounding the implementation, noting that women from other Gulf countries seem more enthusiastic (""متحمسات اكثر منا"") than locals. The phrase ""ودي اعرف وين الوناسه"" (I want to know where the fun is) reflects a personal observation of the atmosphere or perhaps a sense of local reserve compared to the excitement of neighbors, but it does not constitute an argument against the right to drive. The hashtag `#المرأة_السعودية_تقود_السيارة` is used here as a marker of the event being celebrated, not contested. The core sentiment is one of acknowledgment and gratitude, not opposition."
218,"The classification **Favor** is correct.

However, the original justification is slightly reductive. It frames the argument primarily as an economic benefit to low-income families. A more precise critique would note that the tweet uses a utilitarian argument: it posits that women driving is a *necessary solution* to a specific socioeconomic problem (the inability of low-income households to afford foreign drivers). The tone is pragmatic rather than purely celebratory; it argues for the policy based on its efficiency and necessity (""يزيل عبئًا كبيرًا"" - removes a heavy burden) rather than solely on rights or general economic growth. The stance remains clearly Favorable, but the mechanism of support is framed as alleviating a specific hardship."
219,"The original classification is **correct**, but the justification is weak because it overlooks the significant contextual nuance of the hashtag.

While the text contains explicit supportive markers (""ألف مبروك"", ""حقك الطبيعي""), the hashtag **#المراه_السعوديه_تسوق** translates to ""The Saudi Woman *Shops*"" (or ""is out shopping""). In the context of the driving ban lift, this hashtag was often used ironically or to highlight that women were now driving primarily for consumerism rather than empowerment or professional reasons.

A more rigorous justification should acknowledge this potential irony or narrow framing. However, because the direct address to ""daughter of my nation"" and the theological validation (""الحمد لله"") are overwhelmingly positive and sincere in tone, the overall stance remains **Favor**. The irony in the hashtag modifies the *motivation* attributed to the driver but does not negate the author's support for the act of driving itself."
220,"The original classification is **incorrect**. The stance is **Favor**.

**Reasoning:**
The tweet advocates for a specific, limited form of driving (""in the desert,"" ""with guardian/husband,"" ""for self-defense""). By proposing a conditional allowance rather than a total ban, the author is arguing *for* the right to drive, albeit with restrictions. In stance detection, advocating for *any* form of the target activity (even restricted) generally falls under ""Favor"" regarding the core capability, or at least ""None"" if viewed as a compromise, but definitely not ""Against"" the general concept of women driving.

The hashtag #لن_تقودي (""You will not drive"") is likely used ironically or as a rallying cry against the *current* total ban, signaling that the status quo (total prohibition) is unacceptable. The text itself provides a scenario where driving *is* permitted, which contradicts a pure ""Against"" stance that would seek to maintain or enforce a total ban. The original annotator misinterpreted the conditional permission as a restriction that equates to opposition, ignoring that the author is actively defining *how* women *can* drive."
221,"The original classification is **correct**, but the justification is weak because it misinterprets the source of the negativity.

**Critique:**
The annotator claims the user is criticizing the *policy* via sarcasm. However, the tweet does not attack the right to drive itself; it attacks the *execution* and the *infrastructure/safety* issues resulting from it. The user is not saying ""women shouldn't drive""; they are saying ""I see many violations and errors while driving.""

**Refinement:**
The stance is **Against** (or more precisely, **Skeptical/Critical**), but the argument should focus on the **consequences** rather than the principle. The user cites ""violations"" (مخالفات) and ""wrong turns"" (ورده بالغلط) as evidence of poor readiness or danger, using the 🙅 emoji to reject the *current state* of women driving, not necessarily the legal change itself. The original justification incorrectly implies a fundamental opposition to the policy's existence rather than a critique of its practical outcomes."
222,"The original classification is correct, but the justification is slightly incomplete regarding the cultural context of the hashtags.

While the celebratory language (""عاشت عاشت بلادي"") and emojis clearly indicate a positive sentiment, the justification misses the critical role of the hashtags `#المرأة_السعودية_تسوق` (Saudi woman shops) and `#قيادة_المراة_السعودية` (Saudi women driving). These hashtags were central to the social media campaign advocating for the right to drive prior to its legalization. By combining the patriotic celebration with these specific advocacy tags, the tweet is not just expressing general national pride but is explicitly endorsing the specific policy change and the social movement behind it. The ""10/10"" rating serves as a direct qualitative judgment on the lifting of the ban. Therefore, the stance is unequivocally **Favor**."
223,"The classification is **correct**, but the justification is weak because it overlooks the potential for **irony or mockery**.

""Hallah"" (هالله) is often used sarcastically in Saudi social media discourse to mock events perceived as chaotic, dangerous, or culturally disruptive, rather than to celebrate them. When paired with the dancing emoji, it can imply that the situation is so absurd or calamitous that one should ""celebrate"" the disaster. Without additional context confirming sincerity, the tweet is ambiguous and could easily be interpreted as **Against** (mocking the change) or **None** (ambiguous/sarcastic). The original argument assumes a literal celebratory tone without accounting for this prevalent rhetorical device."
224,"The original classification is **correct**, but the justification is too charitable regarding the tweet's underlying ideology.

**Critique of Original Justification:**
The original argument claims the tweet ""defends the implementation of the law."" This is a misreading. The tweet does not defend the *right* to drive; it defends the *state's punitive measures* against harassers to maintain social order. The author explicitly frames the women drivers as ""mutabarajat"" (immodest/exposed) who ""represent themselves,"" implying that their driving is a deviation from conservative norms that requires state protection to prevent chaos, not a celebrated right.

**Refined Stance Analysis:**
The stance is **Favor** only in a conditional, conservative sense:
1.  **Support for Regulation:** The author supports the system's punishment of harassers (""النظام يعاقب..."").
2.  **Opposition to Liberal Narrative:** The author attacks ""destructive media"" for exaggerating the issue, likely because the media frames it as a victory for women's liberation, whereas the author views it through a lens of conservative modesty.
3.  **Shifting Blame:** By stating ""the immodest represent themselves,"" the author absolves the"
225,"The original classification of **Favor** is **correct**.

However, the original justification is weak because it relies primarily on the celebratory tone (""الف مبروك"") and emojis, while glossing over the aggressive, defensive rhetoric that defines the tweet's core argument. A stronger justification would emphasize the **utilitarian argument** presented: the author explicitly frames women's driving not just as a right, but as a critical safety net for families facing disability or financial constraint (""لو انت تصاب بإعاقه... راح تندم""). The stance is firmly pro-driving because the author argues that opposing it leads to regret and hardship, thereby positioning the policy as a necessary social safeguard rather than merely a celebratory milestone. The dismissal of critics (""طقطقه"") and the warning against harassment (""نظام الدوله امامه"") further reinforce a protective stance toward the policy's implementation."
226,"The original classification is **correct**. The stance is undeniably **Against**.

However, the original justification could be sharper by explicitly linking the derogatory terms to the dismissal of the argument rather than just noting their presence. Specifically:

1.  **Direct Negation:** The hashtag `#لن_تقودي` (""You will not drive"") is a definitive statement of opposition, not just ""confirmation.""
2.  **Ad Hominem as Rejection:** The use of `يالخبلة` (you crazy woman) and `قلة أدب` (lack of manners) serves to invalidate the user's opinion and the cause itself by attacking the person, which is a common rhetorical strategy in ""Against"" stances to dismiss the legitimacy of the movement.
3.  **Hierarchy of Issues:** The phrase `قضايا اهم منك` (issues more important than you) is a direct rhetorical device used to deprioritize the target topic, reinforcing the ""Against"" stance by suggesting the issue is trivial or misplaced.

The classification is solid, but the reasoning should emphasize that the insults are functional tools of rejection, not merely abusive language."
227,"I agree with the classification of **None**, but the original justification is weak because it overlooks the explicit semantic content of the hashtags.

The argument that the tweet is *only* a personal anecdote is insufficient. The hashtags `#ستقودي_والشعب_معك` (Women will drive and the people are with you) and `#قياده_المرأه_السعودية` (Saudi women's driving) are explicit, pro-policy slogans widely used during the campaign to lift the driving ban in Saudi Arabia.

A more robust justification would be: While the main text is a self-deprecating joke about driving skill, the inclusion of specific pro-driving ban hashtags indicates a supportive alignment with the cause. However, because the primary communicative intent of the tweet is humor rather than political advocacy, and the joke does not explicitly argue *for* the policy (only that the user likes life/driving), classifying it as **None** (or potentially weak **Favor** depending on strict annotation guidelines regarding hashtags) is defensible. If the guidelines treat hashtags as strong stance indicators, **Favor** might actually be more accurate. If the guidelines prioritize the main text's sentiment, **None** is correct. The original argument fails"
228,"The original classification is **correct** (Favor), but the justification is weak because it over-interprets the emoji 😩 as ""excitement"" when it more accurately denotes emotional overwhelm or distress from anticipation.

A stronger argument would focus on the religious invocation: ""ياربي اني من عقب"" (Oh God, I am one of those who...). In Arabic social media context, praying for a specific policy change explicitly signals strong support and a desire for its implementation. The inability to sleep (""مو قادره انام"") reinforces the intensity of this positive anticipation, rather than mere general excitement. The heart emoji ❤️ confirms the positive sentiment."
229,"The classification is **correct**, but the original justification is weak because it treats the statement as a sincere prediction rather than recognizing it as **sarcastic rhetoric**.

The use of elongated characters (""كوااااارث"") and the downward emoji (👇🏽) typically signals irony or mockery in Arabic social media context. The author is likely ridiculing opponents who claim women driving causes disasters, or mocking the hyperbolic nature of the debate itself. While the surface text appears Anti, the intent is likely **None** (satirical/critical of the discourse) or even **Favor** (mocking the opposition). However, without external context confirming sarcasm, ""Against"" is the safest *literal* interpretation, so the label stands, but the reasoning should acknowledge the high probability of sarcasm."
230,"The original classification is correct. The justification is robust because it accurately identifies the pivot from past neutrality (""لم أكن من المؤيدين..."") to current approval (""سعيدة جداً""). The key evidence lies in the explicit positive sentiment markers: ""سعيدة جداً"" (very happy), ""تمكين"" (empowerment—used here as a positive framing of the right), and ""ألف مبرووك"" (a thousand congratulations). The celebratory emojis (💜) further reinforce the supportive tone, leaving little room for alternative interpretations of neutrality or opposition."
231,"The original classification is **correct**, but the justification is superficial.

It correctly identifies the stance as **Favor** because the tweet explicitly absolves women (""no problem with women driving"") and places the onus on societal norms. However, the justification fails to adequately explain the **pragmatic function** of the hashtag #لن_تقودي.

In Arabic social media discourse, especially during the 2011 driving ban protests, proponents often used the banned slogan ironically or subversively to highlight the absurdity of the ban while signaling solidarity with the resistance. The justification claims the hashtag is used ""ironically,"" but it doesn't explain *why* a pro-driving activist would use a slogan that literally translates to ""You will not drive."" A stronger justification would note that the user is likely **reclaiming** the slogan to mock the ban's enforcement or using it as a keyword for visibility within the protest movement, while the explicit text clarifies their actual support. The eye-roll emoji (🙄) further signals disdain for the *society's* reaction, not the act of driving. Without this context, one might mistakenly read the hashtag literally as a contradiction."
232,"The original classification of **Favor** is correct. The tweet explicitly challenges the logic of opponents by highlighting the contradiction in their stance: if driving is regulated by laws, there is no rational basis for the blanket rejection. The phrase ""و دههم انت لاتحذفهم مع السواق"" (and you, do not delete them along with the drivers) is a direct defense of women's right to drive against censorship or exclusion. The hashtag #لن_تقودي is indeed cited as the slogan of the opposition, not the author's view, serving as a target for critique rather than an endorsement.

However, the original justification could be stronger by explicitly noting the rhetorical strategy of *tu quoque* or logical inconsistency used by the author. The argument hinges on the premise that opposition is irrational if laws exist, which is a pro-choice argument, but the justification slightly underplays the aggressive tone (""موتحدي السالفه"" - I don't challenge the past/rule, but...) which frames the opposition as hypocritical rather than just ill-informed. A more precise justification would emphasize that the author is dismantling the moral high ground of the opponents by suggesting they are imposing their personal discomfort on society rather than citing legal or safety concerns."
233,"The original classification is **correct** (Favor), but the justification is weak because it overlooks the sarcastic and mocking tone of the tweet.

The phrase ""ترا الحريم بيسوقوا"" (Look, the women are driving) uses colloquial, somewhat dismissive language often used to point out something obvious or trivial. More importantly, the comparison ""no difference between us and other countries"" in this context is likely **ironic**. The annotator interprets this as a positive step toward modernization, but in many conservative or skeptical circles, equating Saudi Arabia with ""other countries"" (often implying Western liberalization) is a criticism, not a praise. However, given the hashtags (#SaudiWomenDriving), the user is likely participating in the discourse.

Actually, re-reading the tone: ""إلى كل واحد ما سافر هذا الصيف"" (To everyone who didn't travel this summer) suggests the user is sharing a ""discovery"" or a ""shock"" with those out of the loop. The statement ""no difference between us and the rest of the world"" is presented as a factual observation of change. While the tone is casual and potentially sarcastic about the *speed* or *nature* of the change, the"
234,"The classification is **correct**.

However, the original justification is slightly incomplete in its rhetorical analysis. It misses the crucial ironic layer of the tweet. The phrase ""الشرف غالي"" (Honor is expensive/precious) is a direct, sarcastic reference to the common pre-2018 argument used by opponents of women driving, who claimed that allowing women to drive would ""devalue"" or ""cheapen"" societal honor.

By juxtaposing this phrase with the hashtag #لن_تقودي (You will not drive), the tweet adopts the *voice* of the opposition. While some might argue this is mockery *of* the opposition, in the context of stance detection during the Saudi lifting of the ban, this specific combination was widely used by hardline conservatives to assert that driving remains a violation of honor. The hashtag is an imperative command of prohibition, not a question or a quote, which solidifies the stance as **Against**. The original argument correctly identifies the opposition but should explicitly note that the ""honor"" argument is being used as the *basis* for the opposition, not just loosely associated."
235,"The classification is **correct**, but the original justification is weak because it relies too heavily on surface-level sentiment markers (""Congratulations"") without addressing the crucial semantic ambiguity of the hashtag.

**Critique & Refinement:**
The hashtag `#المراه_السعوديه_تسوق` contains the verb **تسوق** (tasawwala), which is polysemous in Arabic:
1.  **To shop** (most common meaning).
2.  **To drive** (colloquial/dialectal usage, derived from *sayyara*).

If interpreted as ""shopping,"" the tweet is irrelevant to the target (None). If interpreted as ""driving,"" it is celebratory (Favor).

The original argument fails to acknowledge this ambiguity. A stronger justification would note that in the context of the 2018 policy change, `تسوق` was widely used in pro-driving campaigns as a pun or colloquialism for driving. The combination of ""Congratulations"" and the specific hashtag structure strongly implies the colloquial ""driving"" meaning rather than literal shopping, making **Favor** the correct inference, but the risk of misinterpretation is high."
236,"The original classification is **correct** (Against), but the justification contains a significant factual misinterpretation that weakens its validity.

**Critique of Original Justification:**
The original argument claims the writer states that ""conservative Saudi women do not wish to drive."" This is a misreading of the Arabic text. The tweet actually says: *""The Saudi people and their conservative families drove nothing but a negligible percentage""* (implying that among the conservative majority, the number of drivers is statistically insignificant). The writer is arguing that the *demand* or *base* for driving among the conservative majority is tiny, not necessarily that they explicitly ""do not wish"" to drive, but rather that the policy is irrelevant or unwanted by that dominant demographic. Furthermore, the writer conflates ""people"" and ""families"" rather than specifically isolating ""women,"" though the context implies women.

**Corrected Reasoning for ""Against"":**
The stance is clearly **Against**.
1.  **Explicit Rejection:** The phrase قرار حكومي غير مرحب به (a government decision that is not welcome) is an unambiguous statement of opposition.
2.  **Emotional Tone:** The opening ""اقسم بالله ازعجتونا"" (I"
237,"The original classification is **correct**, but the justification is weak because it misinterprets the rhetorical structure of the tweet.

The annotator claims the writer describes the *issue* as ""stupidity."" In reality, the syntax `#لن_تقودي مشكلة قيادة المرأة ""غباء""` is likely a fragmented sentence meaning: ""[The hashtag #YouWillNotDrive]... the problem of women driving is [considered] 'stupidity' [by us/opponents?]"" OR, more likely, it is a sarcastic rebuttal or a statement of the opposing view that the writer is rejecting.

However, looking closer at the second half: `تشكيل الرأي العام المجتمع يرفض ""متحررة و متمردة...""` (Shaping public opinion: society rejects the labels ""liberated and rebellious""...). The key phrase is `اللي خلف القيادة اكثر من القيادة نفسها` (What is behind driving is worse than driving itself). This implies the *opposition* argues that the *ideology* behind women driving is the real problem.

Actually, re-reading the Arabic carefully: `#لن_تقودي مشكلة قيادة المرأة ""غباء""` is ambiguous. It could mean ""The #YouWillNotDrive"
238,"The original classification is **incorrect**. The correct stance is **None** (or potentially Favor, depending on strictness, but definitely not Against).

**Reasoning:**
The tweet is heavily **sarcastic**. The user mocks the ""Saudi women against women driving"" hashtag (#سعوديات_ضد_قياده_المراه) by describing the opponents' behavior as ""talking to oneself"" and ""soliloquizing in English."" By ridiculing the opposition's logic as delusional or absurd, the author aligns themselves *against* the anti-driving stance, effectively supporting the right to drive. The hashtag #لن_تقودى (You will not drive) is likely used ironically to highlight the futility or absurdity of the protest, or to mock the protesters' denial of reality. The emojis (😊😂) and the self-deprecating humor regarding the intensity of the debate indicate that the author does not genuinely hold the anti-driving view but is instead satirizing those who do. Therefore, classifying this as ""Against"" misses the critical layer of satire."
239,"The original classification is **correct**, but the justification is weak because it fails to explicitly link the hashtag to the target topic.

The phrase ""بالتوفيق"" (Good luck/congratulations) combined with positive emojis does indicate a supportive stance, but without context, ""Sultans of the Kingdom"" could refer to many events. The justification must highlight that the hashtag `#المراه_السعودية_تسوق` (Saudi Woman Shops/Drives) is a known campaign slogan specifically tied to the implementation of women's driving rights. Without acknowledging the hashtag's specific relevance to the target, the link between the support and the *driving* policy is inferred rather than proven."
240,"The original classification is **correct**, but the justification lacks depth in analyzing the specific rhetorical devices used.

The tweet is a clear case of **Against** the *opposition* to women's driving, which equates to **Favor** for the target. The annotator correctly identified the stance but missed the nuance of the sarcasm. The phrase ""مسوين فيها حميه وهم في اي حق"" (mocking their fake zeal/piety) and the complaint that they ""do not help girls get there"" (مايساعدون البنات يوصلون له) attacks the hypocrisy of the protesters. The emojis 💦😪 convey exhaustion and disdain for the protesters' performative activism. While the justification is directionally correct, it should explicitly mention that the author is not just criticizing the opponents, but dismantling their moral authority by highlighting their lack of practical support for women's mobility needs."
241,"The classification is **correct**, but the original justification is slightly imprecise regarding the target.

**Critique:**
The justification claims the writer defends the right of those who choose *not* to drive. However, the target is specifically ""women driving"" (the act/right itself). The tweet does not advocate for the right *not* to drive; rather, it argues for **individual autonomy** and rejects the collective, mandatory narrative of the hashtag #لن_تقودي (We will not drive).

The key phrase ""محد يجبرك"" (no one forces you) indicates that the author views driving as a personal preference rather than a collective political duty or a religious obligation. By dismissing the hashtag, the author opposes the **coercive ideology** behind the ban/protest, not necessarily the act of driving itself. Therefore, the stance is **Favor** because it supports the freedom to drive if one chooses, opposing the restrictive framing that dictates how women *should* behave collectively. A stronger justification would emphasize the rejection of the hashtag's ideological pressure rather than balancing ""rights to not drive."""
242,"The original classification is **incorrect**. The correct stance is **Favor**.

**Reasoning:**
The phrase ""#لن_تقودي الا انا ساقود"" is a popular Arabic linguistic play on words (a meme) where ""تقودي"" (you drive) is replaced with ""تقودي"" (you lead/guide) and ""ساقود"" (I will fall/drop). However, in the context of the hashtag `#لن_تقودي` (You will not drive), it is an ironic reversal of the restriction. The full sentence effectively means: ""You won't [just] drive, [because] I will fall [for you/be captivated by you].""

More accurately, this is a well-known sarcastic/romantic meme used to support women driving by flipping the patriarchal narrative. The structure ""لن [فعل] إلا [فعل آخر]"" often implies ""I won't let you drive unless..."" or is used humorously. But specifically, the hashtag `#لن_تقودي` was widely used as a counter-meme to the ban. The specific phrasing ""الا انا ساقود"" is a pun on ""ساقود"" (I"
243,"The original classification of **Against** is likely incorrect. The correct stance is **None** (or potentially **Favor**, depending on the specific satirical target, but certainly not a straightforward ""Against"").

**Reasoning:**
The original justification misinterprets the sarcasm. While the tweet uses irony (""finally, the first Saudi woman will crash""), this is a common rhetorical device used by **proponents** of women's driving rights to counter the prevalent societal argument that ""women are bad drivers and will cause accidents."" By stating this as a ""news headline"" or a realized event, the author is likely mocking the *fear-mongering* opponents or highlighting the absurdity of the long-delayed ban, rather than endorsing the stereotype that women are incapable drivers.

Alternatively, if the tweet is read as a genuine prediction based on stereotype, it expresses a prejudiced view, but in the context of Arabic social media discourse during the lifting of the ban, such phrasing was often used ironically to celebrate the *act* of driving despite the noise, or to satirize the critics. Labeling it simply as ""Against"" ignores the nuance that the author might be ridiculing the *opposition's* narrative, not the policy itself. Therefore,"
244,"The original classification is **correct**, but the justification regarding the tone is flawed.

**Critique of Original Argument:**
The annotator claims ""ok baby no problem"" is used sarcastically or dismissively. This is a weak reading. In Arabic internet slang, ""ok baby no problem"" is often used ironically to express **resignation, helplessness, or passive-aggressive acceptance** of a situation one dislikes, rather than active dismissal. However, the core stance is driven by the hashtag.

**Refinement:**
The hashtag `#لن_تقودي` (You will not drive / We will not let you drive) is an explicit, imperative refusal of women's driving rights. It directly contradicts the target topic (`قيادة المرأة للسيارة` - Women driving cars). Therefore, the stance is unequivocally **Against**. The English phrase serves as a tonal modifier (likely expressing frustration or feigned indifference to the ban), but it does not negate the explicit opposition in the Arabic hashtag."
245,"I agree with the classification **Favor**, but the original justification is weak and slightly misinterprets the linguistic context.

**Critique of Original Argument:**
The claim that the tone is ""celebratory"" of the policy is an overreach. The tweet is not explicitly praising the legalization of driving; rather, it is a personal lament about exclusion. The phrase ""شكلي وانا فرحانه"" (I look happy) suggests a facade or a momentary mood, immediately undercut by ""بس اتذكر"" (but I remember), which shifts the focus to her personal inconvenience. The original argument incorrectly frames her lack of skills/license as a ""humorous personal reflection"" that implies support for the policy. In reality, she doesn't mention the policy itself; she mentions her personal deficit.

**Refined Justification:**
The stance is **Favor** because the tweet highlights a personal desire to participate in the activity (driving with friends) and frames the current restriction (lack of license/car) as a negative personal circumstance (""ما عندي...""). By expressing that she *wants* to drive with the girls but cannot, she implicitly supports the right/ability to drive. The tone is one of regret regarding her personal inability to exercise that"
246,"The original classification is **correct**, but the justification is weak because it relies on a sociological interpretation (""patronizing"") rather than linguistic evidence of stance.

A stronger argument for **Against** focuses on the explicit negation in the hashtag `#لن_تقودي` (You will not drive). This is a direct refusal of the target topic (women driving). While the phrase ""you have me"" could be flirtatious, in the context of the hashtag, it functions as a rejection of the woman's autonomy to drive, reinforcing the stance against the practice. The emoji `😎` adds a tone of defiance or smugness to this rejection, rather than neutrality."
247,"The classification is incorrect. The stance is **Against**.

The annotator misinterprets the cultural context of ""whistling"" (اصفرر) at women. In this context, whistling is a form of harassment or sexual objectification, not celebration. The writer is expressing a desire to harass female drivers, which indicates a strong disapproval of women driving. The excessive clapping emojis (👏🏻) are used sarcastically to highlight the absurdity or the perceived negative social consequence (harassment) of the policy, rather than genuine support."
248,"The original classification is **correct**, but the justification is weak because it misinterprets the tone and misses the crucial role of sarcasm and irony.

The justification claims the writer ""explicitly expresses gratitude,"" implying a sincere, positive tone. However, the inclusion of the broken heart emoji (💔) alongside the hashtag #لن_تقودي (a slogan historically used by *opponents* of women driving) creates a complex rhetorical layer. The phrase ""thank you Mohammed bin Salman"" is likely ironic or bittersweet, acknowledging the policy change while mourning the loss of the ban or expressing frustration with the societal backlash. The writer is not simply ""favoring"" the right to drive in a straightforward, celebratory manner; they are expressing distress over the controversy or the end of an era, even if they personally accept the change.

A stronger justification would note that while the stance is technically **Favor** (as they acknowledge the lift of the ban and express relief/gratitude, however complex), the sentiment is **mixed** and heavily reliant on **irony**. The use of 💔 suggests pain, not pure joy, and the hashtag #لن_تقودي is used here to highlight the lingering opposition, not necessarily to endorse the old"
249,"The original classification is **correct**, but the justification is slightly imprecise regarding the grammatical subject.

**Critique:**
The justification claims the tweet expresses support for ""Saudi women gaining the right to drive."" However, the word **""يستاهلون""** (they deserve it) uses the third-person plural masculine pronoun. In this context, the author is likely referring to the **supporters** of the ban or the **opponents** of women's driving, stating that *they* deserve the thumbs-up (likely sarcastically or ironically, though the emojis suggest genuine approval of the *status quo* or the *ban*).

Wait, let's look closer. If the hashtag is `#المراه_السعوديه_تسوق` (Saudi woman shops/drives - note: ""تسوق"" usually means shops, but in this specific historical context of 2011-2018, it was often used as a slogan for driving rights or ironically).

Actually, there is a strong case for **Against**.
1.  **""يستاهلون""** (They deserve it): If the target is women driving, and the author says ""They deserve it"" with thumbs up, who is ""they""?
   "
250,"The classification **Against** is **correct**, but the original argument is weak because it misinterprets the core semantic meaning of the tweet.

The original argument claims the writer mocks the policy as ""superficial,"" but misses the explicit causal link in the text. The phrase ""زانت نفسيات العسكر"" (soldiers' moods improved/brightened) combined with ""زانت نفسيات"" implies that the policy was enacted specifically to satisfy or appease the military/security apparatus, rather than for women's rights.

The rolling eyes emoji (🙄) and the hashtag frame the policy not just as superficial, but as a **concession to the military** (""العسكر""). The stance is ""Against"" because the author views the decision as a political maneuver to pacify the security forces, thereby dismissing it as illegitimate empowerment. The original justification should have highlighted this **reduction of the policy to a military appeasement tactic** rather than just general sarcasm."
251,"The original classification is **correct**, but the justification is incomplete because it fails to address the most prominent textual element: the hashtag `#قياده_المراه_للسياره_ضروره`.

This hashtag explicitly translates to ""Women's driving is a **necessity**,"" which is a strong **Favor** stance. The justification incorrectly dismiss this as merely ""conflicting"" or secondary to the command. A more robust analysis must explain *why* the ""Against"" sentiment overrides the ""Favor"" hashtag.

A better justification would be:
While the hashtag `#قياده_المراه_للسياره_ضروره` (Women's driving is a necessity) appears pro-driving, the tweet’s primary imperative text—`#لن_تقودي قرّي في بيتك أبرك لك ولغيرك` (You will not drive; stay in your home, it is more blessed for you and others)—is a direct religious and social injunction against women driving. In Arabic discourse, this specific phrasing (""stay in your home"") is the standard rhetorical argument used by opponents of women's driving rights. The initial hashtag is likely used ironically or as a ""bait"" to attract attention before delivering the opposing counter-"
252,"The classification is **correct**, but the original justification is weak because it dismisses the emotional valence of the tweet too easily.

While the stance is indeed **None** (regarding the *right* to drive), the original argument fails to acknowledge that ""May God help us"" (*لا تعين*) and the sweat emojis typically convey **distress, annoyance, or negative sentiment** toward the situation described. The user is not making a ""neutral observation""; they are expressing a negative reaction to the *consequence* (traffic).

However, since the target is the *right* to drive, not traffic management, the stance remains **None**. A stronger justification would explicitly distinguish between opposing the *policy outcome* (traffic) and opposing the *policy itself* (women's driving rights), noting that the tweet lacks any moral or legal argument against the right to drive, only a complaint about its side effects."
253,"The original classification is **Correct**.

However, the justification could be more rigorous by explicitly acknowledging the explicit nature of the hashtags. The argument correctly identifies the key phrase ""حقها الطبيعي"" (her natural right), which establishes a normative positive stance. To strengthen the critique, one should note that the hashtags `#شكراً_ملكنا_سلمان` (Thanks to our King Salman) and `#شكرا_محمد_بن_سلمان` (Thanks to Mohammed bin Salman) are not merely supportive but actively commend the leadership for the policy change. This removes any ambiguity about the author's intent; the tweet is not just descriptive but celebratory and politically aligned with the decision, making ""Favor"" the only logical classification."
254,"The original classification is **correct**, but the justification is slightly incomplete regarding the rhetorical mechanism.

The annotator correctly identifies the opposition via the hashtag `#لن_تقودي` (You will not drive) and the mocking tone. However, the justification misses the crucial nuance of the phrase `فنحن نفرض ع ذاتنا` (For we impose/restrict ourselves). This explicitly frames the ban as a voluntary, self-imposed cultural safeguard rather than an external oppression, reinforcing the ""Against"" stance by positioning the opposition as a defense of societal values (""protective"" / `غيور`) against perceived chaos (`عدم سيطره` / lack of control). The rhetorical questions are not just mocking modernization but specifically equating the policy with a loss of moral or social order."
255,"The original classification is **correct**.

However, the original argument is weak because it fails to identify the **sarcasm** and **irony** central to the tweet’s meaning.

**Critique & Refinement:**
The hashtag `#لن_تقودي` (You will not drive) is not a literal prediction or statement of fact; it is a rhetorical device used by proponents of women's driving rights. The phrase ""in a society led by ignorance"" is a backhanded compliment to the *current* conservative status quo. The author is essentially saying: ""You will not drive [as status quo dictates] *only if* we accept that our society is led by ignorance.""

Therefore, the author is **Favor**ing women's driving by framing the opposition to it as a symptom of societal ignorance. The original justification misinterprets the tone as literal opposition rather than sarcastic protest. The stance is **Favor**."
256,"The classification is **correct**, but the justification is slightly imprecise in its interpretation of specific metaphors.

While the annotator correctly identifies the stance as ""Against,"" the claim that the writer equates the *demand* for driving with ""spreading corruption"" is a slight overreach. The tweet attacks the *person* (""Ya Falatiyah"") and their rhetoric, suggesting that their call for ""freedom"" is a cover for or results in ""spreading corruption."" The core argument relies on the traditionalist view that women driving leads to moral/social decay (corruption), rather than the act of driving itself being defined as corruption.

Furthermore, the justification should explicitly note the direct invocation of the Hadith (""لن تقوم الساعة..."") as the primary theological justification for the ""Against"" stance, which is the standard rhetorical move in this specific debate context. The hashtag #لن_تقودي is indeed a direct rejection, but the theological framing is the stronger indicator of the stance than just the insult."
257,"The original classification is **correct**, but the justification is weak because it over-relies on the hashtag while ignoring the more potent, implicit argument in the body text.

The hashtag `#لن_تقودي` is indeed a clear ""Against"" signal. However, the stronger evidence lies in the **ad hominem attack** and the **framing of motive**. The tweet dismisses the advocacy for women's rights not on legal or practical grounds, but by attributing it to personal trauma (""divorced... bitter... miserable""). By characterizing the proponents of women driving as emotionally compromised individuals seeking validation through victimhood, the author undermines their credibility. This rhetorical strategy is a classic method of opposing a policy by attacking its supporters' character rather than engaging with the policy itself. The justification should have highlighted this **discrediting tactic** as the primary mechanism of opposition, rather than just stating the hashtag exists."
258,"The original classification is correct. However, the justification is incomplete because it overlooks the opening phrase ""#المراه_السعوديه_تسوق ماشاءالله"" (Saudi women drive, what God has willed/praised).

While ""ماشاءالله"" can be ambiguous, in this context—combined with the excessive repetition of ""مبروك"" (congratulations) and the inclusive address to ""daughters, sisters, and mothers""—it functions as an expression of joy and divine approval rather than sarcasm or shock. The annotator should explicitly note that the absence of negation or critical markers (like ""حرام"" or ""خطر"") solidifies the positive stance, distinguishing it from potential ironic uses of ""ماشاءالله."""
259,"The original classification is **correct**, but the justification is slightly incomplete regarding the rhetorical mechanism.

The reviewer correctly identifies the pro-driving stance, but misses the specific strategic pivot: the tweet does not just argue for convenience; it weaponizes the very argument used by opponents (modesty/religious propriety). By stating that driving is ""more appropriate"" (*al-ajdar*) than riding with a non-mahram, the author reframes driving as a religiously superior alternative to the status quo. The justification should explicitly mention this **subversion of conservative arguments** rather than just calling it a ""social/religious concern."" The hashtag further cements the supportive stance, but the core logic is the redefinition of modesty."
260,"I agree with the classification **Against**, but the original justification is analytically weak and misses the linguistic nuance.

**Critique of Original Justification:**
The original argument relies on interpreting the tweet as a direct mockery of women’s *mechanical* incompetence. However, the tweet does not explicitly state that women *are* ignorant; it frames it as ""important information"" (""معلومه مهمه"") that needs to be shared with ""guys"" (""ياشباب""). The stance is not just about incompetence, but specifically about the **unsuitability of women for driving**. The original justification fails to connect the specific idiomatic insult to the policy target clearly enough. It treats the joke as a general insult rather than a political stance against the driving license reform.

**Stronger Argument for ""Against"":**
The tweet uses a well-known Saudi Arabic idiom/slang implication. By contrasting ""scissors"" (household item) with ""radiator"" (car part), the tweeter is invoking a stereotype that women are domestically oriented and technically illiterate regarding cars.
1.  **Tone:** The use of ""معلومه مهمه"" (important info) combined with the laughing emoji and the address to ""guys"
261,"I agree with the classification **Favor**, but the original justification is weak because it misinterprets the specific sarcasm.

The phrase ""طيب سواقة الدراجة وش صار عليها"" (Well, bicycle drivers, what happened to them?) is not just general mockery; it is a direct **reductio ad absurdum**. By pointing out the absurdity of restricting women from driving while ignoring other modes of transport (like bicycles), the author highlights the irrationality of the ban. The emojis (🙊😜😎) confirm a dismissive and mocking tone toward the opposition's logic, rather than just general ridicule. The original argument should emphasize that the tweet exposes the *illogical consistency* of the anti-driving stance, which implicitly supports the removal of the ban."
262,"The original classification is **correct**, but the justification is slightly imprecise regarding the linguistic mechanism.

The tweet relies heavily on the hashtag `#الملك_ينتصر_لقياده_المراه` (The King triumphs for women's driving), which explicitly frames the policy as a victory and associates it with royal endorsement. The rhetorical question ""وين شلة لن تقودي ؟"" (Where is the 'you won't drive' gang?) uses the colloquial term ""شلة"" (gang/group) to dismiss opponents as a trivial or defeated faction. While the justification correctly identifies the mockery, it should emphasize that the *hashtag* carries the primary positive sentiment, while the text serves to marginalize the opposition. The mixture of shock and laughter emojis reinforces the ridicule of the opponents rather than ambiguity about the policy itself. Thus, the stance is clearly **Favor**."
263,"The original classification is **incorrect**. The stance is **Against**.

**Reasoning:**
The original annotator misinterprets the sarcasm. While the tweet uses ironic emojis (😑💔 vs 😍💘), the linguistic framing supports the **opposition** to women driving:

1.  **""الأسلوب كيف مو"" (Look at how the style is not...):** This phrase is a common rhetorical device used to dismiss or reject the subject (women driving) as incompatible with the desired social ""style"" or dignity.
2.  **""خلاص بنات كنسلو موضوع السياقة"" (Girls, let's cancel the driving topic):** This is a direct call to abandon the right to drive.
3.  **""حنا أميرات"" (We are princesses) & ""MENTION عشانه"" (Driver because of it):** This explicitly promotes the traditionalist view that women should not drive but should be served by drivers (""Mention"") to maintain their status as ""princesses.""

The sarcasm is likely directed at the *logistics* or the *social pressure* of driving, or it is mocking the *progressive* argument by absurdly elevating traditionalism to an extreme (""princesses don"
264,"The original classification is **correct**, but the justification is weak because it misidentifies the specific rhetorical mechanism.

The hashtag `#لن_تقودي` (You will not drive) is indeed a prominent slogan used by opponents. However, the justification claims the tweet uses sarcasm to *mock* social changes. A more precise critique is that the tweet uses **scare tactics** and **hyperbole** rather than simple sarcasm. The author cites trivial, everyday social interactions (visiting a pregnant neighbor, drinking coffee) as if they are catastrophic events caused by women driving. This implies that women driving will destroy the social fabric or safety of these minor interactions.

While the classification is right, the argument should emphasize that the author is framing the target (women driving) as a threat to traditional social norms and safety, rather than just ""mocking"" the changes. The tone is one of fear and preservation of the status quo, which firmly places it in the **Against** stance."
265,"The original classification is **correct**.

However, the original argument is slightly imprecise in its interpretation of ""class disparity/envy."" The tweet does not argue that driving causes class disparity; rather, it suggests that driving leads to **humiliation** (""تنقهر"") and exposure for the poor, implying that women driving will face social backlash or harassment rather than elevate their status. The core argument is indeed moral and social purity (linking driving to ""tabarruj""/immodesty), but the mechanism described is victimization/social rejection, not economic envy. The hashtag #لن_تقودي is the definitive marker of the **Against** stance."
266,"The classification is **correct**, but the original justification lacks nuance regarding the rhetorical mechanism.

While the annotator correctly identifies the link between modesty and the hashtag, they miss the **strategic irony** and **exclusionary logic** at play. The tweet doesn't just link modesty to non-driving; it defines the ""ideal woman"" (proud to parents, role model) specifically through the lens of *not* driving. By framing the ""modest girl"" as one who adheres to #لن_تقودي, the author implicitly categorizes women who drive as *immodest*, *disrespectful* to their families, and *bad role models*. The justification should highlight that the tweet actively **stigmatizes** the act of driving by contrasting it with the ultimate virtue, rather than merely associating positive traits with non-driving. The stance is not just passive opposition; it is an active moral condemnation of driving women."
267,"The original classification is **correct**, but the justification relies on a somewhat risky interpretation of sarcasm without fully addressing the literal ambiguity.

**Critique of Justification:**
The original argument correctly identifies the hashtag `#لن_تقودي` (""You will not drive"") as a slogan associated with opponents of women's driving rights in Saudi Arabia. However, the justification should explicitly note that the tweet’s power lies in the **factual contradiction** presented: the author is at a car wash, a public space, observing multiple women driving their own cars. This visual evidence renders the slogan `#لن_تقودي` factually false in the author's immediate reality.

**Alternative Reading (Weakness to address):**
A strict literalist might argue that the author is merely describing a scene without explicitly stating ""women should drive."" However, the heavy use of laughing emojis (`😂😂😂😂😂`) transforms the statement from neutral observation to **mockery**. If the author were neutral or opposed, the presence of women driving would likely be framed with shock, condemnation, or silence, not laughter at a slogan claiming they *won't* drive. The laughter targets the *denial* of women's driving, which inherently"
268,"The original classification is correct, but the justification is incomplete and misses the crucial contextual cue that confirms the stance.

The primary weakness in the original argument is its reliance solely on the insult (""donkeys"") to infer support. While mocking opponents often implies support, it is not definitive without context. The decisive element missing from the justification is the emoji **🌚** (new moon face) and the phrase **""عندما تتفلسف الحمير""** (When donkeys philosophize).

In Arabic social media discourse, the 🌚 emoji is heavily associated with sarcasm, irony, and mockery of an opposing viewpoint's absurdity. The tweet does not just insult the opponents; it explicitly labels their argument (""protection"") as hypocritical nonsense (""philosophizing donkeys"") because they contradict themselves by employing female drivers (""السواويق""). The sarcasm is directed entirely at the *logic of the opposition*, which inherently aligns the author with the *target* (women's right to drive). Without acknowledging the sarcastic tone indicated by the emoji and the specific critique of hypocrisy, the justification is too thin.

**Correct Stance:** Favor"
269,"The original classification is **correct**. The tweet is unambiguously supportive.

However, the original justification is weak because it ignores the **social cohesion** aspect of the argument, which is central to the author's stance. The phrase ""الرجال و النساء يد وحده"" (Men and women are one hand/in unity) frames the support not just as a personal right, but as a strengthening of national and social bonds. Additionally, the invocation of the King and Crown Prince (""حسن ظن الملك سلمان"") grounds the support in religious and monarchical loyalty, a common rhetorical strategy in Saudi discourse to legitimize the stance. A stronger justification would note that the author aligns the policy with unity and royal approval, rather than just citing generic expressions of pride."
270,"The original classification is **incorrect**. The stance is **Against**.

**Reasoning:**
1.  **Linguistic Analysis**: The word ""يسقن"" (yasqun) is a vulgar Saudi dialect slang term derived from ""سقي"" (to water/feed), often used as an insult implying sexual promiscuity or that women are ""loose"" or ""cheap."" It is not a neutral term for ""driving"" (which would be ""يقودن""). The tweet literally translates to ""Their women are [vulgar insult]"" 😂.
2.  **Tone and Intent**: The combination of a vulgar insult against women and a laughing emoji indicates mockery, contempt, and derogatory attitudes toward women who are driving. It does not celebrate the policy; it attacks the women exercising their right to drive.
3.  **Context**: During the debate on women driving in Saudi Arabia, opponents frequently used religious or moralistic insults to delegitimize women drivers. This tweet aligns with the **Against** camp by using derogatory language to shame women for driving.

The original annotator likely mistranslated or misunderstood the slang term ""يسقن,"" mistakenly interpreting it as a neutral or positive action related to driving"
271,"The original classification of **Against** is correct, but the justification contains a significant theological and contextual inaccuracy that weakens its analytical rigor.

**Critique of the Original Argument:**
The original justification claims the writer uses the Quranic verse to ""caution women against... driving."" This is a misinterpretation. The verse cited (*Surah Al-Ahzab, 33:33*) is a command regarding modesty and avoiding pre-Islamic styles of display, not a prohibition on mobility or driving. The tweet’s logic is not that driving *is* forbidden by this verse, but rather that the *act* of driving (in the context of the hashtag #SaudiWomanDrives) is being conflated with the *sin* of *tabarruj* (ostentatious display) and *ikhtilat* (mixing).

**Refined Justification for ""Against"":**
The stance is **Against** because the author employs a causal fallacy to delegitimize the target. By stating ""Driving does not mean [sin], remember your Creator,"" followed by a verse commanding women to remain in their homes, the author implies that leaving the home to drive is inherently linked to disobedience and moral decay. The tone"
272,"The classification **Favor** is **correct**, but the original argument is superficial and misses the rhetorical nuance that strengthens the stance.

**Weaknesses in the original justification:**
1.  **Misses the ""Tu Quoque"" Logic:** The annotator simply states the writer is ""defending"" by ""criticizing critics."" It fails to explain *how*. The tweet uses a *tu quoque* (appeal to hypocrisy) argument: it equates women's lack of experience with men's long-term incompetence to invalidate the double standard. This is a stronger logical defense than just ""mocking.""
2.  **Underestimates the Tone:** The phrase ""شيء غريب"" (Something strange/weird) signals disbelief at the critics' logic, not just simple defense. The annotator misses this tonal marker of rejection against the opposing view.
3.  **Ignores the Hashtag:** The inclusion of `#المرأة_السعودية_تسوق` is an active endorsement and alignment with the movement, which is a strong signal of Favor, yet the annotator focuses solely on the comparative sentence.

**Refined Justification:**
The stance is **Favor**. The tweet explicitly rejects"
273,"The classification is correct, and the original argument is robust. However, a minor weakness in the justification is that it focuses heavily on the positive descriptors (""wonderful,"" ""constructive"") while underplaying the aggressive rhetorical strategy used to delegitimize opposition.

A stronger critique would emphasize that the author does not merely support the target but actively attacks the *source* of opposition by labeling opponents as ""narrow-minded"" (محدودي الافق) and framing traditional objections as ""poisoned heritage"" (الموروث الموبوء). This hostile framing of dissent confirms an unequivocal **Favor** stance, as the author treats any resistance not as a valid viewpoint but as an obstacle to moral and social progress. The justification is accurate but could be sharper by noting this adversarial tone toward opponents."
274,"The original classification is **correct**.

However, the original justification is weak because it relies heavily on a specific theological interpretation of the tweet's religious argument to derive the stance, rather than focusing on the explicit linguistic markers of opposition. A stronger critique would note that the hashtag **#لن_تقودي** (You will not drive) is an imperative, definitive statement of refusal, which alone is sufficient to classify the stance as **Against**, regardless of whether one agrees with the religious logic regarding prayer and seclusion. The justification should prioritize this explicit performative language over the explanatory clause to avoid subjective theological debate in the annotation process."
275,"The original classification is **correct**, but the justification is slightly imprecise regarding the mechanism of support.

The tweet does not merely ""celebrate"" the policy; it uses **relief and closure** as its primary stance indicator. The phrase ""الحلقه الاخيره"" (the final episode) metaphorically frames the driving ban as a concluded drama or hardship. By linking the end of this ""episode"" to the phrase ""ياليتني ولد"" (I wish I were a boy)—a common lament among Saudi women prior to the lifting of the driving ban due to male-centric privileges—the author signifies that the specific grievance tied to gender inequality in driving has been resolved.

The laughter emojis reinforce a tone of **joyful liberation** rather than just neutral humor. The stance is ""Favor"" because the author is marking the end of a painful restriction, implying the new status quo (women driving) is a positive resolution to a previously lamented injustice. The original argument is sound but could be strengthened by explicitly noting that the ""wish"" is no longer necessary, which is the core logical link to supporting the policy change."
276,"The original classification of **Favor** is correct, but the original argument is weak because it relies on a specific interpretation of the word ""تقهركم"" (to frustrate/annoy you) as a direct political statement against opponents. This is an over-interpretation.

A more robust justification should focus on the explicit positive sentiment toward the act itself. The phrase ""اجمل مافي الموضوع"" (The most beautiful thing about the matter) directly establishes a positive stance toward the topic of women driving. The mention of Loujain is secondary; the primary signal is the unambiguous endorsement of the change as ""beautiful."" The emojis (😂) indicate lighthearted celebration or mockery of the previous restrictions, but the core stance is driven by the positive descriptor ""اجمل"" (most beautiful). Therefore, while the original conclusion is right, the reasoning should prioritize the explicit positive evaluation of the policy change over the inferred intent to provoke opponents."
277,"The original classification of **Against** is likely incorrect; the stance should be **None**.

**Reasoning:**
1.  **Ambiguity of Sarcasm vs. Curiosity:** The tweet poses a rhetorical question (""How can one identify...""). While the original annotator interpre this as sarcastic mockery, it is equally plausible that the user is expressing genuine confusion or seeking clarification on a technical/logistical point. Without explicit derogatory language, assuming mockery is speculative.
2.  **The ""Thumbs Up"" Emoji:** The 👍 emoji is neutral-to-positive. If the user were truly mocking the idea as absurd (Against), they might use a 🤔, 🤷, or 😒. The 👍 suggests they might be acknowledging a counter-argument (e.g., ""People say you can't identify them, but 👍"") or simply marking the topic as interesting. It does not strongly signal opposition.
3.  **Lack of Explicit Opposition:** The tweet discusses *implementation details* (identification methods), not the *right* to drive. Questioning a logistical aspect does not inherently equate to opposing the policy itself. It is a procedural query, not a stance declaration.

Therefore, the evidence is insufficient"
278,"The classification is **Correct**, but the justification is weak because it relies on a misinterpretation of the specific regional idiom and ignores the primary signal of the hashtag.

**Critique of Original Argument:**
1.  **Idiom Misinterpretation:** The phrase ""هذا بلا ابوك يا عقاب"" is a Saudi Arabian idiom that literally translates to ""This is without your father, O vulture/owl."" It is an expression of **shock, disbelief, or exasperation** at something unexpected or absurd. It does not inherently mean ""disaster"" in a moral sense, but rather ""I can't believe this is happening"" or ""This is ridiculous."" While it supports a negative sentiment, labeling it as purely predicting ""disaster"" is an overstretch.
2.  **Ignored Contextual Signal:** The justification completely ignores the hashtag `#المراه_السعوديه_تسوق` (Saudi Woman Shops). This hashtag was part of a widespread social media campaign/meme trend mocking the idea that women would only drive to go shopping. This context confirms the stance is not just general apprehension, but **mockery** of the concept of women driving.
3.  **Emoji Analysis:** The emojis `😀"
279,"The classification is **Correct**, but the justification is weak because it over-interprets the sarcasm.

The core evidence for the **Against** stance is not just the ""sarcastic fear"" but the specific cultural trope invoked by ""بنت جارنا"" (the neighbor's daughter). In Saudi social media discourse, this phrase is a widely recognized meme representing the stereotype of the reckless, inexperienced, or dangerous female driver. By invoking this specific archetype alongside a prayer for protection (""الله يستر عليك"") and a laughing emoji, the author is explicitly mocking the capability of women drivers. It is not merely an expression of fear; it is an endorsement of the stereotype that women are bad drivers, which constitutes an **Against** stance toward the normalization or perceived safety of women driving. The original argument misses the specific cultural weight of the ""neighbor's daughter"" meme, relying too heavily on a generic reading of the emoji."
280,"The original classification is **correct**, but the justification is superficial and misses the deeper rhetorical strategy.

While the annotator correctly identifies the surface-level rejection (""#لن_تقودي""), they fail to analyze the **othering** and **conspiracy framing** used to delegitimize the opposing side. The tweet doesn't just say ""no""; it attacks the *proponents* by labeling them as ""unknown entities"" (مجاهيل) and their hashtags as ""suspicious"" (مشبوهة). This frames the support for women's driving not as a legitimate social debate, but as a malicious, external plot to ""usurp society's opinion"" (تصادر رأي المجتمع).

A stronger justification would note that the stance is **Against** because the author employs ad hominem attacks against supporters and invokes a defensive, nationalist tone (""we say with full firmness"") to position the rejection of women's driving as the authentic voice of the community against foreign or hidden manipulation."
281,"The original classification is **correct**, but the justification is weak because it relies on an inference that the tweet does not explicitly state.

The tweet expresses regret over a *missed opportunity* (not getting a US license abroad). It does not explicitly state a desire to drive *in Saudi Arabia*. However, in the context of the specific target ""Women Driving"" (which was a banned/controversial topic at the time of this hashtag's likely origin), the use of the rolling eyes emoji (🙃) and the phrase ""regret"" implies frustration with the previous inability to drive legally at home. Therefore, the stance is **Favor**, but the argument should explicitly link the ""regret"" to the broader context of the lifting of the ban, rather than just implying a general desire to drive. The tweet is pro-driving by expressing dissatisfaction with the past restriction."
282,"The original classification is **correct**, but the justification is weak because it fails to explicitly analyze the sarcasm's mechanism.

The tweet is a parody of the typical aggressive or suspicious questions Saudi male drivers historically directed at women (e.g., ""Where did you crash?""). By adopting this voice and ending with ""Soon hhhhh..."" (expressing anticipation/laughter), the author is not merely ""associating"" women with accidents; they are **mocking the opponents** of women driving by highlighting the absurdity or inevitability of the backlash. However, in stance detection, mocking the *act* of women driving via a stereotype (that they crash) is generally coded as **Against**, even if the tone is humorous. The humor targets the women drivers (predicting their failure/crashing) rather than the critics.

**Weakness in original argument:** It claims the writer views women driving as a ""disaster."" A more precise critique is that the writer is **reinforcing the stereotype** that women are bad drivers by using the ""accident"" trope as a punchline. The laughter (""hhhhh"") indicates the writer finds the stereotype funny or validating, which aligns with an **Against** stance."
283,"The classification ""Favor"" is **correct**, but the original argument's reasoning is superficial and misses the rhetorical nuance.

The tweet does not merely ""promote"" driving; it actively **refutes** the stigma against female drivers by leveraging a specific cultural context: the hashtag `#قياده_المرأه_السعودية` (Saudi Women Driving) implies the debate occurring during/after the lifting of the ban in Saudi Arabia. The phrase ""للكل الساخرين من الرجال"" (To all the mockers of men) is a rhetorical hook to expose the irony that men, who often mocked women's capability, are the ones facing higher financial penalties (insurance costs) due to riskier driving.

A stronger justification would highlight that the stance is **Favor** because the author uses empirical data (""numbers that do not lie"") to dismantle the primary argument *against* the target (that women are unsafe drivers). The tone is not just supportive but **defensive and corrective**, aiming to silence opposition by proving women are statistically safer, thus indirectly validating the right to drive. The original argument failed to note that the tweet is a counter-attack against detractors, not just a general endorsement."
284,"The original classification is **correct**, but the justification relies on a risky interpretation of sarcasm that could be contested without more context.

A stronger argument for ""Favor"" lies in the explicit declarative statement at the very beginning: `#قياده_المراه_للسياره_ضروره` (Women driving is a necessity). This is a direct, unequivocal endorsement of the target. The subsequent repetition (`لن تقودي`, `لن تسوقي`) is indeed likely sarcastic mocking of the ban/opposition, but even if one argued it was literal chanting (which is less likely given the hashtag structure), the initial hashtag establishes the positive stance clearly. The critique of the original argument is that it hinges entirely on the *tone* of the repetition rather than the explicit *semantic content* of the first hashtag, which is sufficient on its own to establish the stance."
285,"The original classification is **correct**. The stance is indeed **Against**.

However, the original justification misses the core rhetorical mechanism of the tweet. It is not merely arguing that driving won't solve harassment; it is employing **reductio ad absurdum** and **mockery**.

By asking ""How many people would harass her... when the road is closed??"" the author is dismissing the premise that harassment is the primary barrier to driving. They are implying that the fear of harassment is an excuse or a fabricated narrative (""Nukdib?"" / ""Are we lying?""). The tone is sarcastic and condescending, aiming to ridicule the arguments *for* driving rights by exposing them as illogical in a hypothetical scenario. The hashtag #لن_تقودي is a direct slogan of the opposition movement. Therefore, the stance is clearly Against, but the reasoning is more about delegitimizing the pro-driving argument than just stating a consequence."
286,"The original classification is **incorrect**. The correct stance is **Favor**.

**Reasoning:**
The tweet is a sarcastic critique of the bureaucratic and social barriers preventing women from driving, not a genuine rejection of the right to drive.

1.  **Sarcasm and Irony:** The phrase ""مين قال نبي نسوق"" (Who said we want to drive?) is rhetorical and sarcastic, implying that the desire to drive is being ignored or suppressed by authorities, not that the speaker lacks the desire.
2.  **Critique of the Status Quo:** The speaker mocks the current system by suggesting that if women *did* want to drive, the authorities would simply fire the existing drivers (""تعالي اخليك بدال سواقي"") and replace them, highlighting the economic or political interests blocking the change.
3.  **Accountability:** The final question ""وين راحوا اللي مسؤلين عني"" (Where did those responsible for me go?) indicates frustration with negligence and a demand for rights/responsibility, which aligns with a pro-driving stance.
4.  **Hashtag Context:** While #لن_تقودي literally means ""You shall not drive,"" in this context, it is likely"
287,"The original classification is **incorrect**. The correct stance is **Against**.

**Reasoning:**
The original annotator misinterpreted the sarcasm and the specific dialectal phrase ""شخصكم فيهم"" (which implies ""You don't exist in their eyes"" or ""They don't care about you""). The tweet is not defending the women's joy; it is attacking the women celebrating.

1.  **Insulting Tone:** The tweet begins with ""مناشبين"" (mocking/teasing) and uses ""عافان الله حاشرين خشمهم"" (God forbid/curse those who stick their noses everywhere). This is a hostile expression directed *at* the women who are happy (""السعوديات ع فرحتهم""), accusing them of being intrusive or annoying by celebrating publicly.
2.  **Dismissal:** ""خلوهم يعبرون ويستانسون ع كيفهم"" (Let them express and enjoy as they please) is framed as a sarcastic dismissal: ""Let them have their fun, you don't matter to them."" It validates the women's behavior only to alienate the reader from them, rather than supporting the right to drive as a positive social change.
3.  **Context:**"
288,"The classification **Against** is correct, but the original argument contains a significant factual error in translation that weakens the justification.

**Critique of Original Argument:**
The annotator translates ""مادرينا"" as ""We don't know/care."" This is incorrect. In this dialectal context (likely Egyptian or Levantine), ""مادرينا"" usually means ""We didn't give"" or ""We didn't show/provide."" The phrase ""مادرينا عنكم"" is likely a typo or dialectal contraction for ""ما درينا فيكم"" (We don't know/care about you) or ""ما بنتكلم عنكم"" (We don't speak about you). However, the most common idiom is ""ما درينا فيكم"" or simply dismissing the group. Regardless of the precise grammatical parsing of the first clause, the sentiment is dismissive.

**Why the Stance is Correctly ""Against"":**
1.  **The Hashtag:** The hashtag `#لن_تقودي` translates to ""You will not drive."" This is an imperative, prohibitive statement directly opposing the act of women driving. It is not just a prediction; it is a slogan of resistance.
2. "
289,"The original classification is **incorrect**. The correct stance is **Favor**.

**Reasoning:**
The annotator misinterprets the hashtag `#لن_تقودي` as a direct opposition to the target ""Women driving cars."" However, in the Saudi context, this hashtag was a specific campaign slogan used by **pro-driving advocates** to argue that women *would* drive, rejecting the notion that they should be confined to traditional roles.

The tweet explicitly lists women's societal contributions (mother, sister, wife) and argues they should **not** be placed in a ""narrow circle"" (`لاتجعلوها في دائرة ضيقة`). This is a clear argument **against** restricting women's freedom, which includes the ban on driving. The phrase ""You shall not drive"" here is likely a reclamation of the prohibition or a reference to the ban itself being overturned, but the surrounding text (""Do not put her in a narrow circle,"" ""Make her honored"") strongly supports the expansion of women's rights, including driving. The annotator failed to recognize the pro-rights context of the hashtag and the negative imperative ""Do not make her..."" as supporting the target."
290,"The classification is **correct**, but the original justification is weak because it relies too heavily on the hashtag and ignores the crucial role of sarcasm and emoticon context in establishing the stance.

Here is a stronger critique of the justification:

1.  **Insufficient Analysis of Tone:** The annotator mentions humor but fails to explain *how* it functions. The phrase ""حنا ي البناات مثل الأميرات"" (We girls are like princesses) combined with the 🌚 (moon face, often implying irony or awkwardness) and 💔 (broken heart) suggests the author is mocking the idea that women *should* be driven like princesses, or conversely, is ironically embracing a regressive view. However, the key is the explicit statement ""السواقه مو حلوى"" (driving is not nice/good). In Arabic social media discourse, this specific phrasing, paired with the rejectionist hashtag #لن_تقودي, is a standard marker of opposition, even when wrapped in self-deprecating or performative humor.
2.  **Ambiguity of ""Princess"" Metaphor:** The justification doesn't clarify whether the ""princess"" comment is a reason *for* driving (i"
291,"The original classification is **correct**, but the justification is weak because it misinterprets the tone and specific context of the tweet.

**Critique of Original Argument:**
The annotator claims the writer ""normalizes"" the act and frames it as a ""practical reality."" This is a surface-level reading that misses the **ironic and critical tone** of the tweet. The phrase ""الله يعينهن"" (God help them) is not supportive; it is an expression of pity or concern for the women's safety/suffering. Furthermore, the statement ""كل شي بالتعليم يصبح سهل جدا"" (everything becomes very easy with education) is likely **sarcasm**. The writer is contrasting the theoretical ease of learning to drive in school with the dangerous reality of driving in the capital's chaotic 4-lane roads (""شارع 4حارات"").

**Refined Analysis:**
While the stance is indeed **Favor** (the writer supports the *ability* and *right* of women to drive, evidenced by the hashtag #قيادة_المرأة and the observation that they *are* doing it), the justification should highlight that the tweet uses **satire** to criticize the *conditions* (roads/traffic) rather than the"
292,"The original classification is **correct**.

However, the justification could be sharper by explicitly linking the hashtag `#قياده_المراه_السعوديه` to the target. While ""مبروووك"" (Congratulations) and ""بدايه جديده"" (new beginning) strongly indicate a positive stance, the hashtag confirms the specific subject matter is the legalization of women driving in Saudi Arabia. Without the hashtag, ""new beginning"" is slightly ambiguous, but combined with the celebratory tone and context, the **Favor** stance is definitive."
293,"The classification is **correct**, but the original argument is superficial and misses the linguistic nuance that makes this a strong ""Against"" stance.

**Critique of Original Argument:**
The original justification relies heavily on interpreting the hashtag literally and the metaphor vaguely. It fails to analyze the specific Arabic wordplay that defines the tweet's hostility.

**Stronger Justification:**
The tweet is unequivocally **Against** due to two key elements:
1.  **Wordplay/Sarcasm:** The hashtag `#لن_تقودي` is a pun. While `تقودي` can mean ""you will drive"" (imperative/future), it is homophonous with `تقود` (you lead/ruin) or used here to mock the phrase ""you will not drive."" More importantly, in the context of Saudi Twitter discourse, this specific hashtag was used by opponents to mock female drivers, implying they are incompetent or dangerous.
2.  **Metaphor of Destruction:** The metaphor ""when the tree is stripped of its leaves, its fate is firewood"" suggests that removing the ""shame"" or ""modesty"" (leaves) from women (the tree) leads to their destruction or degradation ("
294,"The original classification is **correct**, but the justification is weak because it relies on an assumption that is not explicitly supported by the text provided.

The justification claims the writer ""dismisses"" the arguments and frames opposition as ""debunked."" However, the tweet is a question (""Why do so many object..."") followed by a directive to ""summarize it"" via a link. The tweet itself does not contain the argument; it merely directs the reader to a third-party source that supposedly contains the summary/counter-argument.

A stronger justification would note that while the tweet is technically neutral in its explicit wording, the **framing** is biased. By listing ""Westernization, religion, and conflict of currents"" as the *only* reasons for objection and labeling them as distractions (""far from...""), the author implies these are invalid or superficial reasons. Furthermore, the hashtag #لن_تقودي (She will not drive) is used ironically or as a challenge to the status quo, signaling alignment with the pro-driving movement. The stance is inferred from the **selection of which objections to highlight and dismiss**, not from explicit praise of driving."
295,"The original classification is **incorrect**. The tweet expresses a clear **Against** stance.

**Reasoning:**
The annotator misinterprets the sarcasm and direction of the criticism. The tweet does not mock opponents; it mocks the women drivers themselves.
1.  **Direct Insult:** The phrase ""سواقه اللي يشوفكم يقول كان مننوع علينا الحريم تطلع من البيت"" translates to ""Drivers, those who see you say it was better for us to be restricted from women leaving the house."" This is a hostile statement suggesting that women driving is worse than keeping women confined at home.
2.  **Tone:** The emojis (🙄👊🏻) and the word ""الضجه"" (noise/commotion) are used to criticize the women's driving behavior and the social disruption they cause, not to defend their right to drive.
3.  **Context:** The writer is aligning with the conservative view that women should not be driving, framing the new law as a negative development that disrupts social order.

Therefore, the stance is **Against**, not Favor."
296,"The original classification is **correct**, but the justification is slightly narrow. It correctly identifies the rebuttal of the ""immorality"" argument, but misses the explicit emotional framing of ""realization"" (#حقيقة .. اليوم أدرك).

The use of ""أدرك"" (realized/acknowledged) combined with ""حقيقة"" (truth) suggests a shift in public consciousness toward acceptance. The author is not just defending a point; they are celebrating a societal awakening that aligns with the target. The hashtag `#المراه_السعوديه_تسوق` (Saudi woman shops) further normalizes and celebrates the activity, reinforcing a **Favor** stance beyond mere defensive argumentation."
297,"The classification is **correct**, but the justification contains a significant linguistic error that undermines its credibility.

**Critique of Justification:**
The annotator incorrectly translates/interprets the dialectal phrase ""لحستي كوعك"" (lachtsi ka'wak). In Gulf Arabic (specifically Saudi), this does not mean ""licked your elbow"" (which is physically difficult but not the idiom's point). It is a colloquialism equivalent to ""even if you did the impossible"" or ""even if you turned the world upside down."" The core meaning is indeed impossibility/futility, but the literal translation provided by the annotator is clumsy and potentially confusing.

**Why the Stance is Correct (Against):**
1.  **Explicit Negation:** The phrase `لن تقودي` (""you will not drive"") is a direct refusal, rejecting the premise of the target topic.
2.  **Dismissive Tone:** The use of `حتى لو...` (""even if..."") combined with an impossible/exaggerated condition indicates that the author believes the change (women driving) will not happen regardless of efforts or arguments, effectively opposing the ""necessity"" argument by framing it as futile or destined to fail in"
298,"The original classification is **correct**, but the justification contains a significant linguistic error that weakens the argument.

The annotator incorrectly translates `#لن_تقودي` as ""You will not drive."" In this context, the hashtag is a play on words referencing the viral anti-feminist slogan `#لن_تقودي` (They/You will not drive [women]), but here it is likely used to co-opt the slogan or simply as a keyword tag. However, the core error is that `تقودي` means ""drive"" (verb), while `قائدة` in the text means ""leader."" The tweet argues that women are already leaders (mothers, wives), so driving is trivial.

A stronger justification would emphasize that the text explicitly minimizes the complexity of driving (`السياره ليست بشئ` - the car is nothing/small matter) compared to the proven leadership roles women already hold. The stance is clearly **Favor** because it frames the restriction as unnecessary given women's existing capabilities, effectively mocking the opposition's concerns. The hashtag is likely used ironically or to join the trending conversation to counter it, but the textual evidence overwhelmingly supports the right to drive."
299,"The original classification is **correct**, but the justification contains a critical translation error that undermines its logical rigor.

The annotator claims the writer states: *""driving is for men and driving is for women.""* This is factually incorrect based on the Arabic text. The tweet actually says: *""الـسـواقه لـلـرجل و الـسـواقه لـلحريم""* (Driving is for the man, and driving is for the *concubine/harem* — though in this dialectical context, it likely implies a derogatory or archaic reference to women being restricted to domestic/private spheres, or it is a typo for ""المرأة"" but used pejoratively).

More accurately, the stance is against because the author asserts that principles do not change, the debate is settled, and explicitly advocates for rigid gender essentialism (""the man remains a man and the woman remains a woman""). The use of ""الحرим"" (haram/concubine) instead of ""المرأة"" (woman) in the second clause suggests a devaluation of women's public role, reinforcing the opposition to women driving. The justification should correct the quote and highlight the essentialist argument rather than a false equivalence"
300,"The original classification of **Against** is correct, but the justification is incomplete and potentially misleading regarding the nuance of the stance.

**Critique of Original Argument:**
The original justification correctly identifies the hashtag `#لن_تقودي` and the phrase `لا اطالب بها` (I do not demand it). However, it fails to distinguish between *active opposition* and *passive non-demand*. The user explicitly states they do not *demand* the right, which is a softer stance than actively arguing it should be banned. The core of their argument is not necessarily that women *should not* drive, but that the state should prioritize alternative transport (`تهيئة وسائل مواصلات اخرى`) to serve those in need. This suggests a **None** or **Weak Against** stance based on practicality rather than ideological opposition.

**Refined Analysis:**
1.  **Hashtag Usage:** `#لن_تقودي` is a strong indicator of alignment with the anti-driving movement, but in this context, it is coupled with a constructive alternative rather than a moral or religious condemnation.
2.  **Key Phrase:** `لا اطالب بها` (I do not demand it) explicitly negates the stance of **F"
301,"The original classification is **correct**, but the justification contains a significant cultural and semantic error regarding the interpretation of the emojis and tone.

**Critique of Original Argument:**
The claim that the dancing emojis (💃💃) are used ""sarcastically to celebrate the perceived failure"" is highly unlikely and culturally misaligned. In Saudi Arabic social media context (indicated by the dialect and topic), dancing emojis are standard markers of **joy, relief, and celebration**. Given the hashtag `#لن_تقودي` (You will not drive), which was the primary slogan of the anti-driving protest movement, the user is celebrating the *maintenance* of the ban. The emojis signal happiness that the status quo remains unchanged, not sarcasm.

**Refined Justification:**
The stance is **Against** (the legalization of women driving).
1.  **Explicit Denial:** The phrases ""خلااص انتهى الموضوع"" (The matter is over/finalized) and ""مافيه قياده"" (There is no driving) explicitly affirm that the ban continues.
2.  **Hashtag Alignment:** `#لن_تقودي` is a known slogan opposing women's driving rights.
3.  **Emotional"
302,"The original classification is **correct** (Against), but the justification is superficial and misses the deeper cultural and linguistic mechanisms used to express this stance.

**Weaknesses in Original Argument:**
1.  **Oversimplification of ""Real Man"":** The annotator treats ""اللي رجال"" (The one who is a man/real man) merely as a subject. It is actually a gendered appeal to masculinity, implying that *allowing* women to drive freely makes a man less of a ""real man."" This is a core ideological driver of the opposition, not just a descriptive clause.
2.  **Missed Sarcasm and Stereotyping:** The justification lists the negative outcomes (music, filming) as if they are factual claims. The tweet uses these stereotypes to paint a caricature of female drivers as frivolous and disruptive (""اغاني وشيلات وتصوير""). The tone is mocking, not just observational.
3.  **Emotional Manipulation:** The argument fails to highlight the use of ""بلا غباء"" (without stupidity/foolishness). This is an ad hominem attack, framing the opposition to restrictions as ""stupidity,"" which is a stronger rhetorical device than simply stating a preference."
303,"The classification is **correct**.

However, the original justification lacks nuance regarding the hashtag `#سيلفي` (Selfie). While the core message is clearly **Against** due to the absolute refusal (""won't drive even after 100 years""), the inclusion of `#سيلفي` likely references the specific social media trend where conservatives posted selfies to mock the policy change or signal compliance with the ban. The justification should note that the tweet is part of a coordinated opposition campaign (the hashtag movement) rather than just a standalone opinion, which strengthens the ""Against"" stance by showing organized resistance. The laughing emojis do indicate mockery, but the hashtags provide the contextual framework of active political opposition."
304,"The original classification is **correct** (Favor), but the original argument contains a significant linguistic error that weakens its justification.

**Critique of Original Argument:**
The original annotator incorrectly translates ""غصبا على شنيك"" as ""despite [the opposition's] will/nose."" This is a misinterpretation of the slang. In Gulf Arabic (specifically Saudi), **""شنيك"" (Shnik)** is a vulgar slang term referring to the **penis**. The phrase ""غصبا على شنيك"" is a crude, defiant idiom meaning ""against your will/desire"" (literally: ""against your penis""). It is not about ""opposition"" in a general sense, but a direct, aggressive confrontation with the specific individuals holding the opposing view.

**Refined Justification for ""Favor"":**
1.  **Defiant Tone:** The phrase ""بتسوق غصبا على شنيك"" (She is driving against your will/despite your protests) explicitly states that women *are* driving, regardless of the critics' objections. This affirms the act of driving.
2.  **Irony/Sarcasm in Hashtag:** The hashtag `#ل"
305,"The original classification is **correct**, but the justification contains a significant misinterpretation of the text's logic and tone.

**Weaknesses in Original Justification:**
1.  **Misreading the Subject:** The annotator claims the writer says it is impossible for *their own generation* (""جيلنا"") to drive. The text actually says: ""It is impossible for my granddaughter (or hers) to drive *compared to* our generation"" (اما جيلنا ف مستحييييل). The speaker is asserting that *their* generation (older women) is capable, or perhaps ironically highlighting a generational gap in skill/acceptance, but the hashtag `#لن_تقودي` (You will not drive) is a clear rejection of the *current* legal/social move to allow women to drive.
2.  **Tone Analysis:** The emoji `😊✋` (smile + stop hand) combined with ""خلاص مستحيل"" (stop, it's impossible) is not just ""dismissive""; it is an active refusal and opposition to the target topic. The hashtag is a well-known anti-driving protest tag in Saudi Arabia.

**Refined Argument for ""Against"":**
The stance is **"
306,"The classification of **Against** is correct.

**Critique of the Original Argument:**
The original justification is accurate but lacks linguistic depth regarding the hashtag's construction. It treats `#لن_تقودي` merely as a statement of fact (""you will not drive""), whereas the Arabic phrasing is imperative and prohibitive.

**Refined Analysis:**
The hashtag `#لن_تقودي` utilizes the second-person feminine singular imperative/prohibitive structure. While `لن` typically means ""will not,"" in this specific protest context (referencing the 2011 Saudi protests against the lifting of the driving ban), it functions as a direct address to women: ""You shall not drive"" or ""Drive not."" The prefix `نعيد ونكرر` (""We repeat and reiterate"") signals persistent opposition. The stance is not just a prediction of non-compliance but an active, repeated refusal to accept women driving, making ""Against"" the definitive stance."
307,"The original classification is **correct**, but the justification is superficial and misses the crucial cultural and linguistic context.

While the annotator correctly identifies the hashtag #لن_تقودي as oppositional, they misinterpret the tone as ""poetic"" or ""flirtatious."" The phrase ""يا موردت الخدودي"" (O you with the blushing cheeks) is a direct reference to a famous line from the Saudi national anthem, symbolizing the nation itself. By using this nationalistic imagery alongside the imperative ""لان تقودي"" (Don't drive), the tweet is not merely ""romanticizing protection""; it is invoking **national identity and religious conservatism** to argue that women driving is a betrayal of traditional Saudi values. The stance is firmly **Against**, but the reasoning is rooted in nationalist/conservative rhetoric, not just ""flirtation."" The annotator’s failure to recognize the anthem reference weakens their explanation of *why* the opposition is framed this way."
308,"The classification is **correct**, but the original justification is slightly imprecise in its linguistic analysis.

**Critique of Justification:**
The term ""تشليح"" (tashleeh) does not merely refer to ""scrap yards"" generally; it specifically refers to the act of **dismantling** or stripping a vehicle for parts, often implying the vehicle is wrecked beyond repair or being sold for scrap. The annotator correctly identifies the sarcasm but could be sharper: the tweet juxtaposes the ""celebratory"" mood of the ban's lifting (""flowers today"") with the immediate, catastrophic consequence of ""dismantling"" tomorrow. This is a direct prediction of failure and danger, not just a mockery of the policy's intent.

**Refined Argument for ""Against"":**
The stance is clearly **Against**. The tweet employs a causal link implied by the timeline (""Today... Tomorrow...""). By stating that the celebration of women driving will result in cars being dismantled (""التشليح""), the author is asserting that women drivers are incompetent or dangerous, leading to total vehicle destruction. This is a stereotypical and hostile rejection of the target topic."
309,"The original classification is **correct**.

However, the justification could be strengthened by explicitly analyzing the rhetorical structure. The tweet does not merely state opposition; it employs a **false dichotomy** (""Are you with or against?"") to frame the opposing view as illegitimate, while the hashtag `#لن_تقودي` (You will not drive) serves as an imperative command or prediction of failure, rather than just a statement of belief. The emojis reinforce this by mocking the very premise of the debate (`#المجتمع_مع_قياده_المراه`), signaling that the author views the pro-driving stance as absurd or unworthy of serious engagement. This active derision confirms the **Against** stance more robustly than simply noting the presence of negative emojis."
310,"The original classification is **correct** in its final label (Favor), but the justification is weak because it fails to adequately address the heavy sarcasm and potentially hostile tone, relying too much on the hashtag alone.

**Critique of Original Argument:**
The original argument claims the humor is directed at ""family dynamics"" and not the policy. This is a superficial reading. The phrase ""ينجلط"" (to mess up/bungle) and the instruction to ""slam the door"" are classic tropes used by opponents of women's driving to suggest incompetence and danger. Dismissing this as mere ""family dynamics"" ignores the underlying stereotype being reinforced.

**Refined Justification for ""Favor"":**
Despite the sarcastic and stereotypical humor, the stance remains **Favor** because:
1.  **Explicit Hashtag:** The hashtag `#الملك_ينتصر_لقياده_المراه` is an explicit endorsement of the Royal Decree.
2.  **Acceptance of Reality:** The tweet acknowledges that women *are* driving (""now it's the youth's turn to take revenge on their sisters""). It does not call for a ban or repeal; it accepts the policy as enacted and focuses on the behavioral consequences ("
311,"The original classification is **correct** (Favor), but the justification is weak because it conflates a transactional act with explicit ideological support.

**Critique of Original Argument:**
The argument assumes that selling an item ""on the occasion"" of an event implies celebration. This is a logical leap; one could sell an item on any date for purely financial reasons without endorsing the event. The justification fails to address the specific cultural semiotics of the license plate number, which is the actual indicator of stance.

**Stronger Justification for ""Favor"":**
The stance is **Favor** because the user is engaging in a symbolic celebration. In Arab car culture, having a license plate that matches a significant date (10/10) is considered auspicious and desirable. By actively marketing the plate as a commemorative item (""Beautiful 1010"") and explicitly linking the sale to the ""occasion of women driving,"" the user is treating the date as a positive milestone worth commemorating. If the user were **Against**, they would likely avoid associating their asset with the date or use mocking language. The neutral/transactional nature of the tweet is overridden by the deliberate choice to highlight the date's significance in a positive (""Beautiful"")"
312,"The original classification of **Favor** is correct, but the justification contains a critical factual error regarding the meaning of the Arabic phrase ""صامد"" (Samed).

**Critique of Original Justification:**
The original argument claims the writer mocks someone who insists ""women should not drive"" by saying ""Who is still standing firm writing 'you will not drive'?"". This is a misinterpretation of the tweet's syntax. The phrase ""مين هذا باقي صامد يكتب لن تقودي"" translates to ""Who is this person still standing firm [and] writing 'You will not drive'?""

However, the sarcasm is directed at the *stubbornness* of the opponent, not the act of writing itself. More importantly, the original justification misses the nuance that the writer is mocking the *futility* of the opposition. The key to the ""Favor"" stance lies in the juxtaposition of ""صامد"" (standing firm/resolute—usually a positive trait in struggle) with the outdated phrase ""لن تقودي"" (You will not drive—a phrase that became obsolete after the ban was lifted).

**Refined Argument for Favor:**
The stance is indeed **Favor**, but for a slightly different rhetorical"
313,"The classification is **correct**, but the original justification is weak because it relies on a superficial reading of the hashtag without addressing the core rhetorical device: **irony**.

The justification claims the tone is ""noble,"" missing the critical sarcasm in the phrase ""سبقوا زمانهم"" (ahead of their time). In the context of Saudi social media discourse, this phrase is a standard euphemism for ""insane,"" ""delusional,"" or ""out of touch with reality."" By labeling women who demanded driving rights as ""ahead of their time,"" the author is not honoring them; they are mocking their struggle as futile or absurd in the past context.

Furthermore, the hashtag `#الملك_ينتصر_لقياده_المراه` (The King triumphs/victories for women's driving) is highly controversial. While it attributes the change to the King, the verb ""ينتصر"" (triumphs/victories) often carries an undertone of ""finally silencing the noise"" or ""enforcing order"" rather than celebrating women's agency. The tweet frames the royal decree as a correction of the ""delusional"" (ahead-of-their-time) women, thereby dismissing the legitimacy of their activism.

Therefore,"
314,"The original classification is **correct**, but the justification is superficial and misses the core mechanism of the opposition.

The annotator fails to identify that the tweet is a direct reference to a famous, viral Saudi video (often associated with the ""Abdullah Mohammed Al-Sulaiman"" incident or similar internet memes) where a woman rams a car because the driver didn't greet her. By invoking this specific cultural meme, the author relies on **stereotypical ridicule** rather than logical argumentation.

The critical weakness in the original argument is that it treats the text as a generic hypothetical scenario. A stronger critique would note that the phrase ""اصدميها اصدميها"" (Ram her, ram her) is not just a suggestion of petty dispute, but a deliberate invocation of a stereotype portraying female drivers as **emotionally unstable and dangerous**. The stance is ""Against"" because it weaponizes a specific cultural anecdote to frame women's driving as inherently chaotic and hazardous, reinforcing the hashtag #لن_تقودي (You will not drive) as a slogan of exclusion based on perceived incompetence and aggression."
315,"The original classification is **correct**, but the justification is **weak** due to a lack of linguistic precision.

**Critique of Original Argument:**
The original argument claims the hashtag `#لن_تقودي` is used ""ironically to mock."" This is a risky interpretation. In Saudi Arabian discourse, `#لن_تقودي` was primarily the slogan of the **opponents** of women driving. While the user *might* be using it sardonically, it is more likely that the user is quoting the opposition's stance to dismantle it, or the hashtag is simply tagging the topic. Relying on ""irony"" to explain away a hashtag that is semantically identical to the opposing view is a logical leap.

**Stronger Justification for ""Favor"":**
The stance is clearly **Favor**. The text does not rely on ambiguous irony but on explicit logical refutation of the ban's justification.
1.  **Direct Rebuttal:** The phrase `إنما منعها بأي طريقة من غير مبرر` (rather, preventing her by any means without justification) explicitly labels the ban as unjustified.
2.  **Tone:** The rhetorical question `يعني عادي عن"
316,"The original classification is **incorrect**. The correct stance should be **Favor**.

**Reasoning:**
The annotator incorrectly dismisses the emotional weight of the word ""تاريخي"" (historic) and the context of the hashtag `#المراه_السعوديه_تسوق` (Saudi woman drives). In Arabic social media discourse, labeling a day as ""historic"" in the context of a banned activity being legalized is a strong positive marker. The user is expressing joy and relief about the lifting of the ban.

The personal complaint about summer classes (""بعد معارضاتي الشديده"" - after my strong opposition [to taking them]) serves as a humorous juxtaposition or a ""blessing in disguise"" narrative: the user is sad about their personal academic struggle but highlights the national victory to contextualize their mood. The broken heart emojis (💔) refer to the summer classes, not the driving ban. By ignoring the celebratory nature of ""historic day"" regarding the target, the original argument fails to detect the implicit support for the policy change."
317,"The classification of **Favor** is correct, but the original justification lacks linguistic precision regarding the specific cultural context of the hashtags and slang, which strengthens the ""Favor"" stance beyond mere celebration.

**Critique & Refinement:**
1.  **Specificity of ""F"":** The original argument treats ""الف الف الف مبروووك"" as generic congratulations. In Arabic social media discourse, repeating ""الف"" (Alf) three times is a hyperbolic marker of intense enthusiasm and personal investment, not just polite acknowledgment.
2.  **Target Identification:** The justification mentions ""the decision allowing women to drive"" generally. It should explicitly link the hashtag `#المراه_السعوديه_تسوق` (""The Saudi Woman Shops"") to the target. In this context, ""shopping"" is a metonym for the new freedom of mobility and economic independence granted by the driving ban lift. The tweet isn't just celebrating a policy; it's celebrating the *lifestyle change* it enables.
3.  **Emotional Weight:** The justification notes ""joy,"" but misses the significance of ""like Eid night"" (`كأنها ليلة عيد`). Eid is the most joyous occasion in the Islamic calendar. Equating this"
318,"The classification of **Against** is **correct**.

However, the original justification contains a significant factual error that weakens its analytical rigor: it incorrectly interprets ""عطالله يافيها سيارات صدام"" as referencing ""Saddam's cars."" In this dialectal context, ""صادم"" (often misspelled or phonetically rendered as ""صدام"" in casual typing) means **car crash** or **collision**, not the historical figure Saddam. The phrase roughly translates to ""God forbid you cause a crash.""

The core argument for the ""Against"" stance remains valid because:
1.  **Hashtag Usage:** `#لن_تقودي` is a well-known opposition hashtag explicitly denying women the right to drive.
2.  **Derogatory Metaphor:** ""You will not drive except in the waterfall"" is a common derogatory trope implying women are clumsy or dangerous drivers.
3.  **Tone:** The laughing emojis (`😆`) confirm the mocking intent.

**Conclusion:** The stance is correctly identified as **Against**, but the justification should be corrected to reflect that ""صدام"" refers to accidents/crashes, not a political figure, to accurately capture the semantic meaning of the"
319,"The original classification is **incorrect**. The correct stance is **Against**.

While the original argument interprets ""modesty"" as a positive endorsement, in the context of Saudi social discourse, this phrasing is a standard conservative rebuttal used to **oppose** or limit the scope of the change. By emphasizing that women *must* drive while maintaining ""hijab/chastity,"" the tweeter is implicitly rejecting the idea of Western-style freedom or secular driving norms. It frames the new right not as liberation, but as a conditional exception that must strictly adhere to traditional gender roles. This is a common rhetorical strategy to express discomfort with the change while appearing compliant, effectively signaling opposition to the cultural shift associated with the target."
320,"The original classification is **incorrect**. The correct stance is **None** (or potentially **Against**, depending on interpretation of the sarcasm, but definitely not Favor).

**Reasoning:**
The tweet relies on heavy sarcasm and mockery, not acceptance. The user is laughing at the absurdity of ""productive families"" (typically associated with selling food or crafts) selling ""car rims"" (جنوط). This highlights a stereotype that women are impractical drivers or that the new law leads to ridiculous commercial opportunities.

1.  **Tone:** The excessive ""hahaha"" and laughing emojis indicate ridicule, not welcoming acceptance.
2.  **Content:** Joking about women buying rims implies a critique of women's driving habits or consumer behavior, suggesting they are novices or prone to flashy, unnecessary spending. This is a common trope used to disparage female drivers.
3.  **Conclusion:** The annotator mistook mockery for lighthearted amusement. Mocking the implications of a policy is not ""Favor""; it is either neutral banter or subtle opposition. It certainly does not support the policy."
321,"The original classification (**Favor**) is **correct**.

However, the original justification is weak because it ignores the more significant evidence of stance: the phrase ""تنتهي عرقلة المرأه"" (the obstruction of women will end). This explicitly frames the previous ban as an unjust ""obstruction"" and views the new decree as a liberation or resolution of that injustice. The emojis and ""أحلا قرار"" (most beautiful decision) are supportive, but the argument against the status quo (""عرقلة"") provides a stronger, more substantive basis for the ""Favor"" label than mere aesthetic approval of the decision."
322,"The classification is **Correct**.

However, the original justification is weak because it relies on a somewhat tenuous leap from ""mocking an argument"" to ""supporting the cause."" It fails to explicitly identify the hashtag `#لن_تقودي` (You Will Not Drive), which was a prominent pro-driving campaign slogan in Saudi Arabia prior to the ban lift. The presence of this specific activist hashtag is the strongest evidence of a **Favor** stance, transforming the sarcasm from mere rhetorical criticism of an opponent into active political support. A stronger justification would prioritize the hashtag as the primary indicator of alignment, with the sarcastic dismissal of the ""society's right to decide"" as secondary reinforcement."
323,"The original classification is **correct**, but the justification mischaracterizes the mechanism of the opposition.

The tweet is not an ironic rebuttal using the hashtag; it is a **direct expression of opposition** utilizing aggressive, derogatory slang. The phrase ""سنسوق فوق خشومكم"" (We will drive over your behinds/asses) is a violent, dismissive insult directed at women who wish to drive, implying their desire is beneath contempt or that men will literally run them over. The subsequent line ""لن تقودي... خارج هالحدودي"" (You will not drive... outside my borders) reinforces this exclusionary stance.

The annotator’s claim that the hashtag is used ""ironically"" is weak; the hashtag #سنسوق_فوق_خشومكم is likely a counter-hashtag created specifically by opponents to mock or threaten pro-driving activists. The stance is clearly **Against**, but the reasoning should focus on the **hostile and exclusionary language** rather than a complex ironic reading of a standard activist hashtag. The tweet is an outright refusal and threat, not a nuanced rebuttal."
324,"The original classification is **correct**, but the justification relies too heavily on interpreting ""الله لنا"" as a direct endorsement of the policy's fairness or morality, which is an overreach.

A more precise critique of the justification is that it ignores the **sarcastic/ironic tone** implied by the laughing emojis (😂😂). In Arabic social media context, this combination often signals mockery of the opposition or relief that a controversial topic is finally resolved, rather than a deep ideological ""Favor"" for women's rights. The stance is likely ""Favor"" based on the outcome (the ban is lifted), but the sentiment is closer to **schadenfreude** or **relief** rather than principled support. The annotator missed the nuance that the user might be celebrating the *end of the debate* rather than the policy itself. However, since the user is not opposing it and is expressing positive affect toward the hashtag, ""Favor"" remains the most accurate label among the three choices."
325,"The original classification of **None** is incorrect. The correct stance is **Against**.

**Reasoning:**
The tweet uses the hashtag `#المراه_السعوديه_تسوق` (Saudi Woman Drives), which was the primary slogan for the pro-driving rights movement. By stating ""do not sell/propagate what is mandatory"" (`لاتسوق ماهو اجباري`) and framing driving as something women ""do not know"" how to do, the author is actively discouraging the social promotion and normalization of women driving. The tone is admonishing (""يا بنات الله يهديكم"" - O daughters of God, may God guide you), implying that advocating for this right is misguided or unnecessary. This constitutes opposition to the social campaign and the broader acceptance of the policy, not merely a neutral observation."
326,"The classification is **correct**, but the original justification is weak because it relies too heavily on a superficial reading of the prayer phrase (""give us its good"") while ignoring the crucial contextual clue in the hashtag.

**Critique & Refinement:**
1.  **Contextual Evidence Missing:** The original argument fails to mention the hashtag `#المراه_السعوديه_تسوق` (The Saudi woman shops). This hashtag was widely used to support the right to drive, under the premise that driving is a practical necessity for women to perform daily tasks like shopping. Without this context, the tweet could be misinterpreted as referring to a different ""event"" (e.g., a shopping festival).
2.  **Semantic Nuance:** The phrase ""يخدم كثير من بعض النساء"" (serves many of some women) is slightly awkward but clearly frames the policy as a service/benefit. The prayer ""give us its good and protect us from its evil"" is a standard Islamic invocation for permissible changes, implying acceptance and hope for positive outcomes, rather than resistance.

**Conclusion:** The stance is indeed **Favor**. The justification should be strengthened by explicitly linking the ""needs"" mentioned in the text to the specific activity highlighted in the hashtag (shopping"
327,"The classification is **correct**, but the justification contains a significant linguistic error that weakens the analysis.

The annotator incorrectly translates ""عاهات"" as ""idiots/handicaps."" ""عاهات"" literally means ""disabilities"" or ""cripples."" In this context, the writer is using a slur to mock *existing* (male) drivers, implying they are already physically or mentally impaired (""we haven't been saved from you 'cripples'"").

While the stance is indeed **Against**, the reasoning is not that women are inherently worse drivers, but rather that the current driving culture is so dangerous and incompetent that adding women to the mix is seen as an unnecessary risk or insult to the already poor situation. The tweet relies on sarcasm and aggressive exclusion rather than a direct argument about female capability. The justification should focus on the hyperbolic rejection (""we don't want to drive"") and the hostile tone toward existing drivers to explain the opposition, rather than misinterpreting the slur."
328,"The classification is **correct**, but the original justification is weak because it relies heavily on inference rather than explicit textual evidence.

**Critique of Original Justification:**
The argument assumes that criticizing ""fear of the new"" and ""backwardness"" automatically equates to supporting women's driving. While likely, the text does not explicitly state that women driving *is* the ""new thing"" being feared, nor does it explicitly endorse the ban's removal. It critiques a general societal mindset. A stronger justification would note the causal link implied by the hashtag: the user attributes their ""backwardness"" (and the others' ""progress"") specifically to the context of #Saudi_Women_Driving, implying that embracing this change is the path to progress.

**Refined Argument for Favor:**
The stance is **Favor**. The tweet uses a contrastive structure: ""They made us fear... therefore we lagged behind and they progressed."" By attaching the hashtag #Saudi_Women_Driving, the author explicitly links the concept of ""progress"" and rejecting ""fear of the new"" to this specific topic. The tone implies that accepting women's driving is a necessary step to end backwardness and achieve the progress seen in others. The sarcasm/c"
329,"The original classification is **incorrect**.

The tweet should be classified as **Against**.

**Reasoning:**
1.  **Sarcasm and Mockery:** The emojis `😂😂😂` (Face with Tears of Joy) are standard indicators of mockery or ridicule in Arabic social media context, not genuine happiness.
2.  **Literal Meaning of Text:** The phrase `وضعني بكرا` translates to ""put me tomorrow"" or ""place me tomorrow."" In the context of the hashtag `#المراه_السعوديه_تسوق` (The Saudi woman shops), the user is sarcastically implying that they will be ""placed"" in a difficult, chaotic, or exhausting situation the next day due to women driving. It suggests that the implementation will cause trouble, traffic, or inconvenience for the speaker.
3.  **Tone:** The combination of laughing emojis with running emojis `🏃🏻‍♀️` suggests a sense of panic or fleeing from the consequences, rather than eagerness. The user is likely mocking the situation or complaining about the impending change, not celebrating it.

The original annotator misinterpreted the laughing emojis as excitement and ignored the sarcastic/ironic tone of the"
330,"The original classification is **correct**, but the justification contains a significant factual error regarding the hashtag interpretation.

**Critique of Original Argument:**
The annotator claims `#لن_تقودي` (""You will not drive"") is used **ironically**. This is incorrect. `#لن_تقودي` was a prominent slogan used by **conservative opponents** of women's driving to assert that women should not drive. The tweet is not mocking the hashtag itself but rather the people who use it or hold that stance.

**Refined Justification:**
The stance is **Favor**. The tweet attacks the hypocrisy of those who oppose women driving (the ""opponents"") by noting that these same individuals allow non-Saudi women in their households to drive. By highlighting this double standard (""the truth is... they are the first to implement it""), the author undermines the moral and logical consistency of the opposition, thereby supporting the legalization of women driving. The tone is critical of the *opponents*, not the policy itself."
331,"The classification is **correct**, but the original justification is weak because it relies on inference rather than explicit textual evidence.

**Critique of Original Argument:**
The original argument claims that ""opposing the opponents"" equals support. This is logically sound but rhetorically imprecise. The tweet doesn't just oppose the hashtag; it explicitly endorses the target itself.

**Stronger Justification:**
The stance is clearly **Favor** because the author explicitly predicts the imminent realization of the target (""تتوقعون قريبه"" - Do you expect it soon?) and affirms its inevitability (""مسألة وقت"" - it's only a matter of time). The tone is celebratory and vindicating (""🤗""), directly mocking those who deny the possibility of women driving. The author is not merely arguing against the hashtag #لن_تقودي; they are actively advocating for the normalization and arrival of women driving."
332,"The classification is **correct**, but the original justification is weak because it focuses almost exclusively on the political framing (obedience to the King) while largely ignoring the nuanced social stance embedded in the text.

A stronger critique would highlight that the author’s support is conditional and defensive. The phrase ""قد أساءو للمرأة"" (they have insulted women) suggests the author believes the *discourse* around the policy has been harmful, even if they support the policy itself. The mention of ""ولي أمر"" (guardian) and ""حفظه الله"" (may God protect him) indicates that the author’s favorability is rooted in traditional patriarchal structures and religious/political loyalty, rather than a progressive stance on women's rights. The original argument misses this distinction: the author favors the *outcome* because of authority, not necessarily because of gender equality principles. Additionally, the call to ""refrain from sarcastic comments"" shows a desire for social harmony over debate, which is a specific type of ""Favor"" that prioritizes stability and obedience."
333,"The original classification of **Against** is correct, but the justification is weak because it fails to address the critical nuance of the hashtag `#لن_تقودي`.

In the context of the Saudi ban on women driving (which this tweet clearly references), `#لن_تقودي` was predominantly a **pro-ban** slogan used by conservatives to mean ""Women will not drive [because we will enforce the ban/it is forbidden]."" The original annotator correctly identifies the author's explicit statement (""I am against it"") but misses that the hashtag itself is a slogan of opposition, not just a prediction.

However, a stronger critique would note that the tweet’s *primary* mechanism is not just opposition to driving, but **patriarchal justification** for that opposition. The author argues against women driving not on legal or religious grounds directly, but by proposing a social contract: if men fulfill their ""service"" duties, women will naturally lose the ""desire"" to drive. This frames the opposition as a conditional social arrangement rather than an absolute moral stance. While the final label ""Against"" is accurate, the justification should emphasize that the tweet seeks to **maintain the status quo** through behavioral conditioning, making the opposition pragmatic rather"
334,"The original classification is **correct**, but the justification contains a critical linguistic error that undermines its logic.

The Arabic phrase ""هدد كسر حطم"" (haddad kasar hatam) does not mean ""break/destroy/shatter"" in a literal sense. It is a colloquial idiom meaning ""to get very angry,"" ""to be furious,"" or ""to explode with rage."" The original annotator misinterpreted these verbs as physical actions, whereas they describe the *emotional state* of the opponent.

**Refined Argument for ""Favor"":**
The tweet mocks the extreme anger (""haddad kasar hatam"") and frustration (""on your nerves"") of those opposing women's driving. By describing the opponents as ""bulls"" who have ""turned themselves into hell,"" and pairing this with laughing and dancing emojis, the author ridicules the intensity of the opposition. The hashtag #لن_تقودي (You will not drive) is used sarcastically to mock the futile anger of the opponents, implying that their rage is self-inflicted and irrelevant to the reality that women will drive. Thus, the stance is **Favor**."
335,"The classification is **correct**, but the original argument contains a significant factual weakness.

The tweet uses the hashtag `#المراه_السعوديه_تسوق` (Saudi woman shops), which primarily refers to consumer rights or general female empowerment in the market, not specifically to driving. While the celebratory tone (""ألف مبروك"") and emojis indicate a **Favor** stance toward the general status or rights of Saudi women (which aligns with the pro-driving sentiment in this context), the original justification incorrectly claims the writer is congratulating them *on the right to drive* specifically. The text does not mention driving (`قيادة`); it mentions shopping (`تسوق`).

A more rigorous justification would note that while the specific act of driving isn't mentioned, the tweet celebrates the broader liberation and rights of Saudi women, which in the context of the target topic is interpreted as supportive of their expanding freedoms, including driving. However, linking ""shops"" directly to ""driving rights"" is an overreach that weakens the logical chain."
336,"The classification is **correct**, but the original justification is **incomplete and potentially misleading** because it ignores the critical rhetorical structure of the tweet.

**Critique of Original Justification:**
The original argument focuses solely on the first clause (""مبروك..."") and assumes the subsequent clauses are supportive extensions. It fails to address the sarcasm and the controversial nature of the ""wishlist"" that follows. The tweet does not just celebrate driving; it weaponizes the driving ban's lifting to advocate for further deregulation (clothing) and political change in Iran, while explicitly criticizing Lebanese religious laws as ""backward"" (""متخلّفة"").

**Refined Analysis:**
While the stance toward the *target* (women driving) is indeed **Favor**, the justification should acknowledge that this support is part of a broader, provocative liberal agenda. The use of ""وعقبال"" (and here's to hoping for...) links the right to drive directly to the right to dress freely and to oppose religious authority. The tweet is not a neutral congratulation; it is a polarizing statement using the driving ban's end as a springboard to attack traditional/religious norms. A robust justification must note that the ""Favor"" stance is expressed through a lens of radical secular"
337,"The classification is **correct**, and the original argument is sound. The tweet explicitly states ""ضد قيادة المراة"" (against women driving) and uses hashtags like #لن_تقودي (You will not drive) and #قياده_المراه_فساد_للمجتمع (Women driving is corruption of society), leaving no ambiguity regarding the stance.

However, the original justification is slightly incomplete because it focuses primarily on the ""traffic congestion"" argument while ignoring the more severe moral condemnation in the second hashtag (#قياده_المراه_فساد_للمجتمع). A stronger justification would note that the stance is not just practical (traffic) but also ideological/moral, reinforcing the intensity of the ""Against"" label."
338,"The original classification is **correct**. The stance is indeed **Favor**.

However, the original justification is slightly imprecise regarding the mechanism of the sarcasm. The writer is not merely highlighting dependence to show the ban is ""impractical""; she is using **hyperbolic helplessness** (""feeling lost"") to mock the premise that women are incapable of driving. By stating she *needs* to engage with the anti-driving hashtag just because her driver is away, she is ironically exposing the absurdity of the opposition's view. The tone is satirical, aligning her with those who support the right to drive by ridiculing the ban's supporters."
339,"The original classification is **correct**, but the justification is weak because it relies on semantic ambiguity regarding the word ""need"" (حاجتها) and ignores the overwhelming contextual cues of solidarity and pressure.

**Critique of Original Justification:**
The original argument claims the tone is ""lighthearted."" This is inaccurate. The emojis (😫💔) and the phrase ""تخيلت كل السواقين اللي سفرتهم يتابعوني"" (I imagined all the drivers I got license plates for watching me) convey significant anxiety, social pressure, and the weight of representing a group facing backlash. The writer is not just ""discussing"" the need; she is personally embodying the struggle and the risk associated with the right to drive.

**Refined Argument for ""Favor"":**
1.  **Self-Identification as an Advocate/Practitioner:** The phrase ""السواقين اللي سفرتهم"" (the drivers I got license plates for) explicitly places the author on the side of those who *have* driven and obtained licenses. She is part of the community exercising the right, not an observer debating its merits.
2.  **Framing of ""Challenges"":** By highlighting ""ch"
340,"The original classification is **correct**, but the justification requires refinement to account for the rhetorical nuance and sarcasm.

While the hashtag `#لن_تقودي` (You will not drive) clearly signals opposition, the tweet’s core argument relies on a **false dilemma** rather than a simple preference. The phrase ""أبرك لها من الاهانه بالشوارع"" (more blessed for her than humiliation in the streets) is sarcastic; it presupposes that driving *inevitably* leads to humiliation. This is a rhetorical device used to delegitimize the target by framing it as a source of shame rather than a right.

**Weakness in original justification:** It treats the comparison as a straightforward value judgment (""better to stay home""). A stronger justification would highlight that the author is attacking the *social consequences* of driving (humiliation) to argue against the act itself, using sarcasm to imply that women are incapable of handling public spaces without degradation. The stance is Against, but the mechanism is shaming, not just preference."
341,"The original classification of **None** is correct, but the justification is weak because it dismisses the hashtag's intent too easily.

While the punchline is indeed a joke about personal incompetence, the tweet heavily utilizes the rhetoric of the anti-driving movement. By using the slogan `#لن_تقودي` (#YouWillNotDrive) and the phrase `فعلا لن اقود` (Really, I will not drive), the author mimics the defiance of opponents. The humor relies on the *contrast* between the serious political stance implied by the hashtag and the trivial reality of not knowing how to unlock a car.

A stronger justification would acknowledge that while the *ultimate* stance is neutral (or perhaps subtly mocking the seriousness of the debate via absurdity), the tweet is not a straightforward expression of ""None"" in the sense of being unrelated. It is a satirical engagement with the topic. However, since the author does not explicitly support or oppose the *right* to drive, but rather jokes about their own *ability*, ""None"" remains the most accurate label for stance detection, provided the nuance of satire is recognized. The original argument fails to explain *why* the subversion negates the stance, rather than just stating it does."
342,"The classification is **Correct**, but the justification is weak because it ignores the tweet's primary rhetorical structure, which is a **contrastive rebuttal**.

The tweet does not merely ""assert"" support; it aggressively defends the right to drive against implied criticisms by contrasting it with another controversial behavior (traveling without a *Mahram*). The phrase ""مافيها شي"" (there is nothing wrong with it) is a defensive rebuttal, not just a statement of fact.

**Weakness in original argument:**
The original argument treats the tweet as a simple statement of preference. It fails to analyze the **concessive structure** (""نعم... لكن"" - Yes... but). The author is strategically coupling the demand for driving with a rejection of ""half-night"" travel to pre-empt accusations of Westernization or religious non-compliance. A stronger justification would note that the author uses religious boundaries (""حدود ديني"") as a shield to legitimize driving, making the stance not just ""Favor,"" but ""Defensive Favor"" aimed at silencing opposition."
343,"The original classification is **correct**, but the justification is weak and linguistically imprecise.

**Critique of Original Argument:**
The original argument misinterprets ""عسي ماهو عفيه"" (Asi ma huwa afu). It is not merely an expression of ""apprehension"" or a ""wish that something is not forced."" In Saudi dialect, ""عسى"" (Asi) functions as a conditional or causal connector often implying ""since,"" ""because,"" or ""given that,"" while ""عفيه"" (afu) means ""good,"" ""fine,"" or ""proper."" The phrase essentially means: ""Since it’s not good/proper"" or ""Because it isn't right."" The original argument fails to identify the explicit negative evaluation (""not good"") embedded in the grammar.

**Refined Justification for ""Against"":**
The stance is clearly **Against**. The hashtag `#المراه_السعوديه_تسوق` (The Saudi woman shops/drives) sets the context of women driving. The follow-up phrase ""عسي ماهو عفيه"" serves as a direct negation of the preceding statement's validity or desirability. By stating ""since/it is not proper,"" the author"
344,"The classification is **correct**, but the original argument is weak due to a critical ambiguity in the tweet's subject.

The hashtag `#المراه_السعوديه_تسوق` translates to ""The Saudi woman shops"" (from the verb *tasaqq*), not ""drives"" (*tuqadd*). The target topic is `قيادة المرأة للسيارة` (Women driving cars).

The original annotator incorrectly assumes the tweet refers to driving. In context, this tweet likely celebrates a shopping event, sale, or perhaps a different social milestone, using ""shops"" metaphorically or literally. If the tweet is about shopping, it is **None** regarding the driving ban, as it does not mention driving at all. Even if interpreted as a typo for ""drives,"" the justification should explicitly address this linguistic discrepancy. However, given the high likelihood that this is a distinct topic (shopping vs. driving), the stance towards the *driving* target is actually **None**, making the original ""Favor"" classification incorrect due to topic mismatch.

**Correct Stance:** None
**Reason:** The tweet discusses shopping (`تسوق`), not driving (`تقود`). The celebratory tone is directed at shopping, not the lifting of"
345,"The classification is **correct**, but the original argument is weak because it misinterprets the rhetorical structure of the sentence.

The tweet does not explicitly state that the law *should* be reversed. Instead, it employs **sarcasm** and **hypothetical comparison**. The phrase ""لو كان في بلد غير بلد"" (if it were in a country other than this country) implies that *other* countries would react decisively to such an incident, whereas the current context (""this country"") is being criticized for its lack of action or protection.

The writer is using the incident to highlight a failure in the current system or societal attitude, aligning with the hashtag **#لن_تقودي** (a known slogan against women driving). The stance is **Against** because the writer leverages the assault incident to reinforce the narrative that women driving leads to negative outcomes or that the society is not ready/safe for it, consistent with the opposition hashtag. The original argument missed the critical nuance that the ""change of law"" is presented as a *counterfactual* expectation for *other* countries, serving to shame the current reality, rather than a direct policy proposal. However, the final label remains correct."
346,"I believe the classification should be **Favor**, not None.

The original argument misinterprets sarcasm as genuine indifference. The hashtag `#لن_تقودي` (You will not drive) is likely used ironically here to mock the ban's permanence or the opposition's stubbornness. More importantly, the phrase ""من قالكم اكبر همنا السيارات"" (Who told you cars are our biggest worry?) is a rhetorical device used to dismiss the *opposition's* arguments (that women aren't ready or that cars aren't the priority) rather than expressing neutrality.

By framing the ban as a distraction from urgent infrastructure needs (metro/buses), the author implies that the ban is an unnecessary obstacle to solving real problems. This is a common pro-reform stance in this context: arguing that the ban is archaic and that the government should focus on modern infrastructure, which implicitly supports lifting restrictions to normalize women's mobility. The tone is critical of the status quo, not neutral."
347,"The original classification is **correct**, but the justification contains a factual error regarding the emoji interpretation.

The annotator incorrectly identifies the 😷 emoji as a ""face-mask"" used to signal ridicule. In Arabic Twitter context, 😷 (surgical mask) is predominantly used as a euphemism for **""I'm lying""** or **""I'm joking""** (similar to ""jokes on you"" or disclaiming sincerity). The 😂 (laughing) and 🏃🏻 (running) emojis reinforce this as a joke.

The phrase ""يامن وحدتن بتعجب فيه"" (O you who are surprised by it) combined with these emojis indicates the user is mocking the *surprise* or *shock* of others regarding women driving. By ridiculing the skeptics' reaction, the user aligns themselves with the normalization of women driving. Therefore, the stance is indeed **Favor**, but the reasoning should rely on the ""joke/ridicule"" aspect of the mask emoji rather than a literal reading of it as a mask of ridicule."
348,"The original classification of **None** is defensible but relies on a narrow interpretation of ""stance"" that ignores the rhetorical function of the tweet. However, I argue the stance is actually **Against**.

**Reasoning:**
1.  **Toxic Framing:** The tweet predicts that driving will become a bargaining chip in marriage contracts (""sharout""). This frames the policy not as a right, but as a source of marital friction and commodification of women.
2.  **Emoji Semantics:** The rolling eyes emoji (🙄) is rarely neutral. In this context, it signals disdain, sarcasm, or dismissal of the ""progress"" implied by the hashtag #قياده_المراه_قادمه. It mocks the situation rather than merely observing it.
3.  **Implicit Judgment:** By focusing exclusively on negative social consequences (contractual conditions, husband's approval), the author is implicitly arguing that the change is detrimental to family stability. This is a form of opposition through pessimistic prediction.

**Critique of Original Argument:**
The original annotator mistakes ""lack of explicit 'I hate this'"" for ""neutrality."" However, stance detection often relies on implied sentiment. The combination of predicting social decay (mar"
349,"The original classification of **Against** is likely **incorrect**. The tweet should be classified as **None** (or potentially *Favor* depending on strict interpretation of sarcasm, but *None* is safer due to ambiguity).

**Critique:**
1.  **Ambiguity of Sarcasm:** The phrase ""تبي تفضي الشارع"" (she wants to clear the street) is highly ambiguous. In Saudi context, this could be:
    *   **Sarcastic/Critical (Against):** Implying women will cause chaos/traffic, hence ""clearing"" the street of people or causing accidents.
    *   **Supportive/Ironic (Favor):** Implying women are tired of being confined and want to ""conquer"" or fully utilize public space.
    *   **Neutral/Observation:** A vague statement about shopping habits.
2.  **Emoji Interpretation:** The emoji 😕 (confused/doubtful) does not necessarily indicate opposition; it often signals uncertainty, irony, or a rhetorical question rather than a firm stance against the topic.
3.  **Lack of Explicit Stance:** The tweet lacks clear verbal markers of approval or disapproval (e.g., ""لا"
350,"The original classification of **Against** is **correct**, but the justification requires refinement to better capture the linguistic nuances of Arabic political satire.

**Critique of Original Justification:**
1.  **Misinterpretation of ""Qudi"" (قودي):** The argument claims the writer tells the woman to ""drive the broom."" While ""Qudi"" (قودي) is indeed the imperative ""drive,"" in this specific colloquial context combined with ""Al-Maknasa"" (the broom), it is a euphemistic insult implying she should ""sweep"" or clean up her own mess/affairs, or simply reinforcing domestic stereotypes. It’s less about the literal act of driving a broom and more about reducing her role to domestic servitude.
2.  **Underplaying the Interpellation ""Ya Haqa'iqiya"" (يا حقوقيه):** The justification mentions mocking her as a human rights activist but misses the specific derogatory connotation of the vocative case here. Calling someone ""Ya Haqa'iqiya"" (O Human Rights Activist) in this context is a sarcastic label for someone perceived as a Western puppet or someone who prioritizes foreign agendas over local norms. This amplifies the *"
351,"The classification is **correct**, but the original argument is weak because it relies too heavily on the hashtag and ignores the sarcastic tone of the main text.

The hashtag `#لن_تقودي` is explicitly oppositional. However, the deeper stance is revealed in the sentence structure: ""I wish we would rise in science and economy and leave driving and cinema."" This implies that the debate over women driving is a trivial distraction from ""serious"" national priorities. By dismissing the issue as inferior to science/economy, the author implicitly devalues the right to drive, reinforcing the ""Against"" stance through trivialization rather than direct moral argument. The original justification should have highlighted this dismissive framing to be stronger."
