row_index,id,tweet_id,target,two_stage_label,plain_gemma_label,changed,allam_interpretation,raw_response
0,645,723609924542992384,Women Driving,Against,Favor,True,في هذا التغريدة، الكاتب يستخدم أسلوب السخرية والتهكم. يشير إلى إرسال سيارة من الكويت تحتوي على امرأة محجبة، والتي تكون مترددة في قيادة السيارة. بعد أن يقتنع الجمهور بتجربتها، يعد الكاتب بأنه سيقوم بقص شاربه من خلال نافذة الزجاج. الكاتب هنا يحاول أن يكون ساخرًا تجاه الموضوع الذي يناقشه، وهو قيادة المرأة في السعودية، باستخدام هذا الأسلوب التهكمي.,Against
1,646,1010671927101403136,Women Driving,Favor,Against,True,الكاتب هنا يستخدم السخرية والتهكم بشكل واضح. هو يعبر عن رغبته في القيادة بطريقة مبالغ فيها ومضحكة. في السياق السعودي، قد يكون هناك بعض القيود الثقافية أو المجتمعية التي تجعل النساء يترددن في القيادة. استخدام الكاتب لهذه النبرة المرحة والساخرة يشير إلى أنه يعرف هذه القيود ولكنه لا يزال يعبر عن تطلعه الشخصي للقيادة بطريقة مرحة.,Favor
2,647,1010671461193920513,Women Driving,Favor,Favor,False,الكاتب هنا يستخدم السخرية للتعبير عن أن النساء السعوديات أصبحن موضوعًا للانتباه بسبب السماح لهن بالقيادة. التغريدة تعكس شعورًا بالفخر والمرح، ولكن بنبرة خفيفة ومزحة.,Favor
3,648,1010673465102426112,Women Driving,Favor,Against,True,"الكاتب يعبر بشكل ساخر عن استغرابه من حظ عادل الجبير، حيث يشير إلى أن عادل الجبير هو الشخص الوحيد الذي يعتبر نفسه محظوظاً بينما النساء السعوديات الآن مسموح لهن بقيادة السيارات. استخدام الكاتب لحرف ""س"" في كلمة ""سيارة"" بدلاً من الحرف ""ء"" هو تعبير عن السخرية في اللهجة السعودية، ويعكس موقف الكاتب الذي يتبنى لهجة ساخرة تجاه الموضوع.",Favor
4,649,1010673828907966466,Women Driving,Against,Against,False,الكاتب يعبر عن موقف سلبي تجاه قيادة المرأة في المملكة العربية السعودية. التغريدة تستخدم بشكل ساخر وساخر الوسم المرتبط بالاحتجاج ضد حظر القيادة، مما يعني أن الكاتب لا يوافق على أن تقود المرأة. كما يذكر الكاتب أنه سيتولى خدمة النساء في عائلته بنفسه ويرفض الزواج من امرأة تقود السيارة أو تشترط ذلك. هذا يظهر عدم تأييد الكاتب للسماح للمرأة بالقيادة.,Against
5,650,724865105054277635,Women Driving,Favor,Favor,False,الكاتب يستخدم هذه العبارة بشكل ساخر، مستعرضًا فكرة أن النساء في المملكة العربية السعودية لا يُفترض أن يقدن السيارات. ثم يقارن ذلك بشخصية #زنوبيا، وهي شخصية تاريخية كانت ملكة قوية في زمن قديم. الكاتب يبدو وكأنه يعبر عن عدم قدرته على فهم كيف يمكن للنساء في المملكة أن يقعن تحت سيطرة الرجال، في إشارة إلى أن المملكة لا تزال تحكمها القوانين القديمة والتقاليد التي تحد من حرية المرأة.,Favor
6,651,724742191847989248,Women Driving,Favor,Against,True,"The literal meaning of this tweet, taking into account the context and the writer's tone, is as follows:

The writer is using the hashtag #لن_تقودي, which literally means 'you will not drive.' They are expressing hope that Saudi women will eventually be able to drive, similar to people in other countries. The writer also mentions that there will be conditions for driving, but they are sarcastically stating that there are already too many rules in place, as if it’s already an established fact. By mentioning the phrase 'مو عبث' (not nonsense), they are ironically highlighting that the conditions are not arbitrary. The writer then implies that men in Saudi Arabia have dominated the streets for so long that they should share that space with women. The use of the emojis 😊😊🌹 at the end of the tweet adds a playful and light-hearted tone, suggesting a positive and hopeful outlook on the future.",Favor
7,652,796257893901357056,Women Driving,None,Favor,True,"الكاتب هنا يستخدم الوسم الشهير #لن_تقودي الذي كان مرتبطًا بحظر قيادة المرأة في المملكة العربية السعودية، لكنه هنا يستخدمه بطريقة ساخرة. الكاتب يتحدث عن موضوع القيادة بشكل عام، ويقول إنه لا يهم إذا كانت النساء يقدن الآن أم لا، ويشير إلى أن الناس لا ينبغي أن يهتموا بهذا الأمر. استخدام ""قاعدين على قلوبكم"" هنا يعني أن الكاتب يعتقد أن الناس مهووسون بموضوع قيادة المرأة إلى درجة غير معقولة. نبرة الكاتب ساخرة ومتهكمة، ويظهر أنه لا يرى أي أهمية في الموضوع.",None
8,653,1010671899326779393,Women Driving,Against,Against,False,"الكاتب هنا يستخدم أسلوب السخرية والاستنكار في التغريدة. الجملة الأولى ""وسقتي وبعدين يعني ؟؟"" توحي بأن الكاتب غير مقتنع بقرار المرأة بالقيادة، وكأنه يسألها ""هل تعتقدين أن القيادة هي الطريق إلى الجنة؟"" الجملة التالية ""بتدخلين الجنه مثلاً؟"" توحي بأن الكاتب لا يأخذ قرار القيادة بجدية، وكأنها محاولة للتحقير من قيمة القيادة. 

الجملة الأخيرة "" وبعدين وش هالسواقه الي آخر الليل ..! الله يستر على المسلمات العفيفات .. #المراه_السعوديه_تسوق"" تعبر عن القلق والاستنكار من قيادة المرأة في وقت متأخر من الليل. 

التغريدة تستخدم السخرية والاستنكار للتعبير عن المشاعر السلبية تجاه قرار المرأة بالقيادة.",Against
9,654,1010669204679397379,Women Driving,Favor,Favor,False,الكاتب في هذا التغريدة يستخدم الوسم #المراه_السعوديه_تسوق للإشارة إلى السماح للمرأة السعودية بقيادة السيارة. التغريدة بشكل حرفي تعني أن قيادة المرأة للسيارة تمكنها من تلبية احتياجاتها العاجلة بنفسها دون الحاجة للانتظار أو الاعتماد على سائق غريب. التغريدة تعبر عن نغمة إيجابية ومبهجة، حيث يشعر الكاتب بالارتياح والسعادة من تمكين المرأة في هذا المجال.,Favor
10,655,756757170524487680,Women Driving,Against,Against,False,"الكاتب في هذه التغريدة يستخدم السخرية للتعبير عن وجهة نظره حول قضية قيادة المرأة للسيارة. الكاتب يقول ""غير صحيح أن #قياده_المراه_للسياره_ضروره"" ليؤكد أن القيادة ليست ضرورة ملحة كما يدّعون البعض. ثم يضيف ""فيه أهم منها قضايا المعنفات والمطلقات والأرامل والخريجات والمغتربات"" ليوضح أن هناك قضايا أكثر أهمية يجب التركيز عليها. في النهاية، يؤكد الكاتب موقفه المعارض لقيادة المرأة للسيارة باستخدام الوسم #لن_تقودي.",Against
11,656,889004191447998464,Women Driving,Against,Against,False,"الكاتب هنا يستخدم السخرية في قوله ""مشكلتكم"" و""الطرق الصحيحة""، مما يشير إلى أن هناك مشكلات حقيقية تواجهها بنات الأرطاوية والقري، ولكنه يشير بطريقة ساخرة إلى أن هذه المشكلات ستُحل ""بشكل صحيح"". وقد استخدم الكاتب وسم #لن_تقودي للإشارة إلى أن هذا الحل لن يشمل السماح للنساء بقيادة السيارات، مما يعكس موقف الكاتب من الحظر الذي كان مفروضًا على النساء في السعودية قبل عام 2018.",Against
12,657,724699847438307328,Women Driving,Favor,Against,True,"The writer of the tweet is expressing a sarcastic and frustrated tone. The literal meaning beneath the surface is that they are saying they don't want to drive, but they also imply that if people are going to keep focusing on the issues that women in Saudi Arabia face, then they should just stop talking about allowing women to drive. The hashtag #لن_تقودي is included to emphasize their point, which is ironic since they are using a slogan that has traditionally been associated with the ban on women driving in Saudi Arabia.",Favor
13,658,1010668916291629056,Women Driving,Favor,Favor,False,"الكاتب هنا يستخدم الوسم #المراه_السعوديه_تسوق للتعبير عن مشاعر مختلطة تجاه السماح للنساء بقيادة السيارات في المملكة العربية السعودية. الجملة الأولى تعبر عن الأمل في أن تكون هذه الخطوة بداية خير للمرأة السعودية، وتكرر عبارة الحمد لله على تطور المملكة، مما يعكس تقدير الكاتب للتغيير.

الجملة الثانية تستخدم عبارة ""فيدة لها أكثر من ضررها"" للإشارة إلى أن الفوائد المحتملة لقيادة المرأة تتفوق على الأضرار المحتملة.

الجملة الأخيرة تحتوي على دعاء ""الله يكفينا شر الفتن""، وهو دعاء شائع في الثقافة السعودية يعبر عن الرغبة في حماية المملكة من الفتن والمشاكل.

بشكل عام، الكاتب يعبر عن مشاعر مختلطة من الأمل في الخير والحذر من الفتن المحتملة، مع التأكيد على أهمية تطور المملكة من أجل الخير للبلاد والعباد.",Favor
14,659,740746534434787328,Women Driving,Against,Against,False,الكاتب هنا يستخدم تعبيرات بلهجة سعودية، مما يجعل التغريدة مليئة بالسخرية والتهكم. التغريدة تنتقد من قامت بإنشاء وسم #سنسوق_فوق_خشومكم، الذي يرمز إلى تحدي الحظر السابق على قيادة المرأة في السعودية. الكاتب يلمح إلى أن من قامت بإنشاء الوسم تحلم كثيراً أو تتخيل أشياء غير واقعية. استخدام العبارة #لن_تقودي يُظهر أن الكاتب لا يوافق على فكرة قيادة المرأة في الوقت الحالي، مما يعكس السخرية تجاه هذه القضية.,Against
15,660,796266614660415488,Women Driving,Favor,Against,True,"الكاتب يستخدم وسوم ""لن_تقودي"" و""بختصار"" في تغريدته. العبارة ""بختصار😄😜😎"" تعني ""بشكل مختصر وممتع"" باستخدام الرموز التعبيرية. الكاتب يعني أن النساء في السعودية قادرات على القيادة الآن، وهو يقدم الموضوع بطريقة مرحة وساخرة.",Favor
16,661,724709545373736962,Women Driving,Against,Against,False,الكاتب يعبر عن وجهة نظره بأنه يعتقد أن المجتمع السعودي يتمتع بالفعل بمن يخدمون المواطنين ويقودون السيارات من أجل راحتهم، ولا يرون حاجة لأن تقود النساء السيارة. الكاتب يستخدم السخرية في حديثه، حيث يقترح أن الله لن يغير هذه النعمة التي يتمتعون بها، والتي تعتمد على وجود من يخدمون الناس ويقودون السيارات.,Against
17,662,796273495952986112,Women Driving,Favor,Favor,False,"The writer here is using the hashtag #لن_تقودي, which translates to ""you will not drive"". The tweet suggests that even though the ban on women driving in Saudi Arabia has been lifted, the writer is not planning to drive at the moment, but they have to drive if the situation requires it. The tone is casual and playful, with the writer using a derogatory term ""ي ورع"" (a term that can be misinterpreted as disrespectful) to refer to men who might argue against their need to drive.",Favor
18,663,1010669140812673024,Women Driving,None,Favor,True,الكاتب يستخدم هذا السؤال بشكل ساخر وربما يشير إلى أن موضوع قيادة المرأة في السعودية أصبح موضوعاً مملاً ومبتذلاً، لدرجة أنهم يسألون متى يمكنهم السفر إلى البحرين بدلاً من التحدث عن هذا الموضوع. يعكس ذلك نوعاً من الإحباط أو السخرية من استمرار الجدل حول هذا الموضوع في المجتمع.,None
19,664,1010672420473200641,Women Driving,Favor,Favor,False,الكاتب يعني أن رجال الأمن في السعودية يقومون بتوزيع الورود على النساء عند بداية قيادتهن للسيارة لأول مرة. يعكس هذا الفعل احتفالاً بسيطرة المرأة على القيادة، وهو حدث تاريخي في المملكة.,Favor
20,665,724875731340267520,Women Driving,Favor,Against,True,"في هذا التغريدة، الكاتب يستخدم أسلوب السخرية والاستهزاء عند مناقشة موضوع قيادة النساء للسيارات. الكاتب يتحدث عن السماح للنساء بقيادة السيارات في المملكة العربية السعودية، ويستخدم لهجة مرحة وساخرة في نفس الوقت. الكاتب يعرض طلبًا افتراضيًا لاستعارة سيارة صديقه ""ريم"" للذهاب إلى حفل زفاف ابنة عمه، مشيرًا إلى أنه كان يمكنه الذهاب إلى حفل زواج ابنة خالته باستخدام سيارة صديقه أيضًا، مما يظهر أنه ليس هناك ما يمنع من القيادة. التغريدة تحمل نبرة مرحة وساخرة وتعبر عن موقف ساخر تجاه الموضوع.",Favor
21,666,724752275533524992,Women Driving,Favor,Favor,False,الكاتب يستخدم الوسم #لن_تقودي ليؤكد أن المرأة جزء لا يتجزأ من المجتمع وأن لها حقوق وواجبات مثل أي إنسان آخر. يشير الكاتب إلى أن مشكلة المضايقات التي تواجهها المرأة هي دليل على انعدام الوعي الحضاري في المجتمع. الكاتب يعبر عن موقف إيجابي وداعم لحقوق المرأة، ويستخدم السخرية بطريقة غير مباشرة ليبرز وجهة نظره بأن المضايقات لا تعكس الوعي الثقافي السليم.,Favor
22,667,724696085449584641,Women Driving,Against,Against,False,"The writer here is using the hashtag #لن_تقودي, which translates to 'you will not drive,' to make a sarcastic comment about driving in Saudi Arabia. The phrase ""موجودين"" is used to refer to specific people the writer does not like, implying a sense of frustration or annoyance. The writer is likely expressing a sarcastic tone, mocking the idea of driving in Saudi Arabia and the potential negative impact it could bring.",Against
23,668,1011028753332559872,Women Driving,None,None,False,الكاتب يستخدم هذه التغريدة بطريقة ساخرة للتعبير عن استيائه من تفضيلات البنات في المملكة العربية السعودية عندما يتعلق الأمر بالسيارات. في التغريدة، يستخدم الكاتب نغمة استهزائية ونبرة مرحة للتعبير عن استغرابه من التركيز على ألوان معينة مثل الوردي والبنفسجي، في حين أن اللونين الأبيض والأسود هما الألوان التقليدية. الرسالة الأساسية هي أن الكاتب يجد الأمر سخيفًا ومضحكًا أن بعض الفتيات يفضلن ألوانًا غير تقليدية للسيارات.,None
24,669,724703449061961728,Women Driving,Against,Against,False,الكاتب هنا يستخدم السخرية والاستهجان للتعبير عن عدم موافقته على فكرة قيادة النساء في السعودية. من خلال الإشارة إلى أن الصلاة في بيت المرأة أفضل من الصلاة في المسجد، يُظهر الكاتب أن المرأة لا يجب أن تخرج بمفردها بسيارتها. هذا يعكس مشاعر الكاتب حول هذا الموضوع، حيث يعبر عن رفضه لفكرة قيادة المرأة بشكل غير مباشر من خلال استخدام السخرية.,Against
25,670,1010671598922354696,Women Driving,Favor,Favor,False,"الكاتب هنا يعبر عن شعوره بالسعادة والرضا بشكل واضح وصريح. استخدام الرمز التعبيري ""😍"" يعزز من التعبير عن الفرح والانبهار بهذا الحدث. استخدام الهاشتاغ #المراه_السعوديه_تسوق يشير إلى أن التغريدة مرتبطة بالسماح للنساء السعوديات بالقيادة، وهي خطوة بارزة في المجتمع السعودي حدثت في يونيو 2018.",Favor
26,671,1005771035222921216,Women Driving,Favor,Favor,False,"الكاتب يعبر عن حماسه ورضاه الكبير بالحصول على رخصة القيادة السعودية. استخدام الرموز التعبيرية (😎🇸🇦) يظهر أنه يشعر بفرحة كبيرة وإنجاز شخصي. التعبير بـ ""يوم تاريخي بكل المقاييس 😍"" يعكس أن هذا اليوم يمثل تحولًا كبيرًا في حياة النساء في السعودية. استخدام الوسوم مثل #قيادة_المرأة_للسيارة و #قياده_المرأه_السعودية يعكس أهمية هذا الموضوع بالنسبة له ويعزز شعور الفخر. التصنيف ""١٠/١٠"" يشير إلى أن الكاتب يعتبر هذا الإنجاز مميزًا للغاية. بشكل عام، الكاتب يحتفل بهذا الإنجاز ويعبر عن امتنانه.",Favor
27,672,724704518819209217,Women Driving,Against,Against,False,"The writer is expressing a sense of frustration or annoyance with a particular group, likely women, using the phrase ""الله يكفينا شركن"" which can be literally translated to ""God keep us free from your presence."" The hashtag ""#لن_تقودي"" (you will not drive) further emphasizes their point about the historical ban on women driving in Saudi Arabia. The tone of the tweet is one of irritation or annoyance, possibly due to the writer's belief that women should not have the freedom to drive.",Against
28,673,1010999904662114304,Women Driving,Against,None,True,"The writer is expressing their frustration and sarcasm about the situation of a Saudi woman driving a car. The literal meaning of the tweet is: ""Now, if I go and drive the car again, they'll take my picture and make a video, and there will just be cameras and lights, and I'll be swamped with just the cameras and lights."" The tone is sarcastic and frustrated, as the writer seems to be exaggerating the situation to emphasize their annoyance. The hashtag #المرأة_السعودية_تقود_السيارة is used here in a mocking context, as the writer seems to be questioning if they will be overwhelmed by the cameras and lights just for the sake of a woman driving a car.",Against
29,674,729561840297123841,Women Driving,Favor,Favor,False,"The writer is clearly using the phrase ""#لن_تقودي"" in a very defiant and mocking tone. By repeating it multiple times, they are emphasizing the point and challenging the status quo of the ban on women driving in Saudi Arabia, which was enforced from 1990 to 2018. The phrase ""سوف تقود"" (she will drive) is used to emphasize that the ban will be lifted, and the writer is using "" غصباً عنكم"" (despite yourselves) to express their frustration and defiance towards those who oppose or resist the change.",Favor
30,675,724699724427759618,Women Driving,Favor,Against,True,"التغريدة تحتوي على مزيج من السخرية والإشارة إلى قضايا اجتماعية حساسة في السعودية. الكاتب يستخدم لغة غير رسمية ومباشرة للتعبير عن رأيه.

السطور الأولى ""#لن_تقودي صدقوني ال سعود ماعندهم مشكله لانهم واعيين بس البلا في الشعب متخلف"" تعني أن الكاتب يعتقد أن العائلة المالكة السعودية ليست لديها مشكلة في منع النساء من القيادة لأنهم واعون ومدركون للأمور. هنا، الكاتب يلمح إلى أن المشكلة الرئيسية تكمن في ""الشعب"" الذي ""متخلف"".

في السطر الثاني، ""الحكومه مابتفرض على الشعب شي كاره مثل ماقال محمد بن سلمان""، الكاتب يستخدم مصطلح ""الحكومه"" للإشارة إلى الحكومة السعودية. الكاتب يلمح إلى تصريح لمحمد بن سلمان، ربما قاله خلال مؤتمر أو تصريح رسمي، حيث قال أن الحكومة السعودية لا تفرض على الشعب أي شيء يكرهونه. هذا التصريح قد يكون قد أُخذ خارج سياقه أو تم تحريفه ليعبر الكاتب عن استياءه من ""الشعب"" الذي لا يدرك الوضع الحقيقي.

بشكل عام، الكاتب يعبر عن رأيه بطريقة ساخرة، مشيرًا إلى أن الحكومة السعودية ليست لديها مشكلة في منع النساء من القيادة، وأن المشكلة الحقيقية تكمن في ""الشعب"" الذي لا يدرك الوضع بشكل صحيح.",Favor
31,676,796282494345707520,Women Driving,Against,Against,False,"The writer of the tweet is using the hashtag #لن_تقودي, which literally means 'you will not drive'. The phrase ""ع اساس ميتين ع سواقه"" translates to ""as if we are dying from driving"". The writer's tone is mocking, as they are expressing a sarcastic attitude towards the idea of being restricted from driving in Saudi Arabia. The use of the smiley face emoticon ""😝"" further emphasizes the sarcastic and joking tone of the tweet.",Against
32,677,733109628486176768,Women Driving,Favor,Favor,False,الكاتب هنا يستخدم السخرية ليوضح أن هناك بعض الأفراد في المجتمع لا يزالون متحفظين على فكرة قيادة المرأة للسيارة، رغم أن هذا الأمر أصبح واقعًا في المملكة العربية السعودية. الكاتب يشير إلى الحاجة إلى أرشيف لحفظ التعليقات، ليس من باب الموافقة أو الرفض، بل للضحك على هذه العقلية المتحفظة في المستقبل.,Favor
33,678,1010673253235548164,Women Driving,Against,Against,False,الكاتب يستخدم الهاشتاج #المراه_السعوديه_تسوق للسخرية من الأسر المنتجة التي تبيع جنوط السيارات، ويشير إلى أن هذا الأمر غير منطقي وغير مناسب للمرأة السعودية التي تقود السيارة الآن. التغريدة تحمل نبرة ساخرة ومزيجاً من الإحباط والضيق، مما يعكس استياء الكاتب من الوضع الحالي.,Against
34,679,796276878034272256,Women Driving,Against,Against,False,"الكاتب هنا يستخدم الوسم #لن_تقودي للتعبير عن فكرة أن طموحهم يتجاوز مجرد قيادة المركبة، التي يرونها مصدرًا للمشاكل والإرهاق. الكاتب يريد إيصال فكرة أن طموحهم هو قيادة أفكارهم نحو القمة والنجاح وتحقيق الأحلام. 

التغريدة تحمل نبرة حماسية ومفعمة بالأمل، حيث يعبر الكاتب عن رغبة قوية في تحقيق أشياء أكبر وأفضل من مجرد القيادة. يستخدم الكاتب كلمة ""نحقق"" بدلاً من ""نقود"" بشكل متعمد، مما يعطي إحساسًا بأن الهدف هو تحقيق النجاح والتقدم في الأفكار والرؤى، وليس مجرد القيادة المادية.",Against
35,680,729598627979644928,Women Driving,Favor,Against,True,"الكاتب يستخدم هاشتاغ ""لن_تقودي"" بشكل متكرر للتعبير عن رفض فكرة أن المرأة في السعودية لا تستطيع القيادة. العبارة ""واحفظي ارقام الهنودي"" قد تحمل سخرية أو تهكمًا على النساء اللواتي لا يستطيعن القيادة بسبب الحظر السابق على النساء. الكاتب يحاول إيصال رسالة بأن المرأة السعودية قادرة على القيادة ويجب عليها عدم الاعتماد على الآخرين الذين قد يستخدمون هذا الحظر كوسيلة للتحكم.",Favor
36,681,1010670666977284097,Women Driving,Against,Against,False,"The tweet is actually quite a mix of sarcasm and defiance, blended with a hint of frustration. The writer is essentially mocking the idea of ""قيادة المرأة"" (driving women) in Saudi Arabia by highlighting the stereotype that women are expected to be submissive and serve their male family members. The tone is sarcastic, implying that the writer believes the notion of women being ""ملوكات"" (queens) is absurd.

The hashtag #لن_تقودي (you will not drive) is used ironically to emphasize the point that women should not be expected to drive, as it is seen by the writer as an unnecessary restriction imposed on women.",Against
37,682,1010998585461223429,Women Driving,None,None,False,الكاتب هنا يتحدث عن نمط معين يتكرر في التغطية الإعلامية في المملكة العربية السعودية. يبدو أنه يصف كيف يتم تضخيم المواضيع في البداية ثم يتبعها نقاش حول قبول المجتمع وقناعته تجاه هذه المواضيع. مثال على ذلك هو السماح للعائلات بدخول الملاعب، حيث يُظهر الكاتب أن هذه الخطوة تأتي بعد فترة من النقاش العام حول قبول المجتمع لهذه الفكرة. يستخدم الكاتب الهاشتاغ #الرياض_الان و #المراه_السعوديه_تسوق للإشارة إلى أن ما يحدث الآن في المملكة هو جزء من هذا النمط الذي يراه الكاتب.,None
38,683,1010669235801075712,Women Driving,Favor,Favor,False,"The literal meaning of the tweet is that the person is challenging someone who follows the #لن_تقودي hashtag to be ""touched"" by their car. The phrase ""اتوطاك"" means ""to touch"" or ""to tread on"" in Saudi Arabic dialect, suggesting that the car will make contact with the hashtag supporter.

The emotional tone of the tweet is defiant and mocking. The writer is using irony to highlight the absurdity of the #لن_تقودي hashtag, which was associated with the pre-2018 ban on women driving in Saudi Arabia, but now it is used by people who want to enforce or uphold that ban. The writer is joking about how the hashtag supporter will have to experience the consequences of their beliefs by being ""touched"" by a car.",Favor
39,684,756872463275950080,Women Driving,Against,Against,False,"الكاتب يستخدم هذا الهاشتاغ بطريقة ساخرة في تغريدته. يشير إلى الحظر السابق على قيادة النساء في المملكة العربية السعودية، ولكنه يعبر عن أن الأمر لا يزال غير مقبول بالنسبة له. 

الجملة الأولى، #لن_تقودي، هي نداء شهير من الحركة التي كانت تعارض قيادة النساء. الجملة الثانية، ""لن نرضى ولن تقودي الا اذا كنتِ تحلمين""، تعني أن الكاتب لا يقبل بقيادة النساء إلا إذا كانت تلك النساء تحلمن بذلك. الجملة الأخيرة، ""فمجرد صحيانك تعود حليمه لعادتها القديمه 😂""، هي تعبير عن السخرية والاستهزاء، حيث يشير إلى أن العودة إلى الوضع القديم (أي عدم السماح بقيادة النساء) ستكون حتمية إذا لم تتحقق قيادة النساء.",Against
40,685,1009682479563853824,Women Driving,Against,Against,False,الكاتب في هذا التغريدة يستخدم لهجة ساخرة، حيث يعبر عن قلقه بشأن تأثير السماح للمرأة بقيادة السيارة في المملكة العربية السعودية على نسبة العنوسة في المجتمع. يشير الكاتب إلى أن المجتمع المحافظ لن يتقبل هذا التغيير بسهولة، ويتوقع أن يستمر الوضع الحالي لسنوات عديدة. في النهاية، يعبر الكاتب عن استغرابه من أن التغيير قد يحدث رغم أنه لا يعتقد أن هناك حاجة ماسة للقيادة في الوقت الحالي.,Against
41,686,992585274210254848,Women Driving,Against,Against,False,الكاتب هنا يستخدم السخرية والتهكم ليخاطب السائقين الذكور في نجران، حيث يشير إلى أن السماح للمرأة بقيادة السيارة هو مجرد بداية لما سيأتي، مما يوحي بأن السائق الذكر يجب أن يكون حذرًا جدًا في المستقبل. الكاتب لا يعبر عن موقف إيجابي أو سلبي تجاه قيادة المرأة، لكنه يستخدم السخرية للإشارة إلى أن الوضع سيتغير بشكل كبير.,Against
42,687,912828716165877761,Women Driving,Favor,Favor,False,"الكاتب هنا يعبر عن تقديره وامتنانه الكبير للملك سلمان على دعمه للمرأة السعودية في قيادة السيارة. يستخدم الكاتب بشكل ساخر عبارة ""الأحلام تؤجل ولكنها لاتموت""، مشيراً إلى أن تحقيق هذا الحلم تأخر 27 سنة منذ عام 1990 عندما تم احتجاز 47 امرأة في المملكة لمحاولتهن القيادة. يعبر الكاتب عن فخره وسعادته بأن هذه القيادة أصبحت متاحة الآن في المملكة العربية السعودية، ويشير إلى أن النساء في 6 نوفمبر 1990 حققن جزءاً من أحلامهن، ولكن هذه الأحلام قد تتأجل لكنها أبداً لا تموت.",Favor
43,688,724716828182888449,Women Driving,Favor,Favor,False,الكاتب يستخدم الوسم #لن_تقودي بطريقة ساخرة للإشارة إلى حظر قيادة النساء في السعودية قبل عام 2018. التغريدة تعبر عن نبرة ساخرة ومشحونة بالسخرية تجاه سائق سيارة الأجرة الذي ربما يشعر بالقلق من عدم قدرته على العمل بسبب الحظر. الكاتب يلمح إلى أن السائق قد يكون من بين أولئك الذين يدعمون الحظر أو يشعرون بالارتياح له.,Favor
44,689,796259033636282368,Women Driving,Favor,Against,True,"الكاتب هنا يستخدم أسلوبًا ساخرًا للتعبير عن مشاعر مختلطة. في الحقيقة، الجملة تعني ""الله يبشركم بالخير""، وهي عبارة تستخدم عادة للتعبير عن الأمل أو التفاؤل. ولكن، باستخدام هاشتاج #لن_تقودي الذي يرتبط بالفترة التي كان فيها حظر على قيادة النساء في السعودية، يلمح الكاتب إلى السخرية من هذا الحظر ويشير إلى أنه لم يعد هناك حاجة إليه.",Favor
45,690,724695690568470528,Women Driving,Favor,Favor,False,"الكاتب يستخدم الوسم #لن_تقودي، الذي يرتبط بمنع النساء من قيادة السيارة في السعودية قبل عام 2018. في هذه التغريدة، يعبر الكاتب عن الحيرة والارتباك حول القرار الذي أُعلن مؤخرًا والذي يسمح للنساء بقيادة السيارة.

الكاتب يبدو محبطًا ومستاءً من الأشخاص الذين يعارضون هذا القرار لأنهم كانوا أول من يشتري السيارة لأهلهم، مما يشير إلى أنهم قد يكونون من المستفيدين من منع النساء من القيادة. تعبيرات الوجه المستخدمة في التغريدة، مثل 🙄 و💔، تعكس مشاعر الإحباط والحزن تجاه هذا القرار.",Favor
46,691,842226680596951040,Women Driving,Against,Against,False,"الكاتب يستخدم تعبير #لن_تقودي، وهو شعار كان يرتبط بحظر سابق في المملكة العربية السعودية على قيادة النساء للسيارات. الكاتب يوجه حديثه إلى امرأة باستخدام تعبير ""افهمي"".

من خلال نبرة التغريدة، يبدو أن الكاتب يستخدم هذا الشعار بطريقة غير مباشرة، ربما بروح الدعابة أو السخرية، ليحث المرأة على فهم شيء معين أو موقف معين.",Against
47,692,811434007212724225,Women Driving,Favor,Against,True,"The writer is expressing frustration about the ongoing ban on women driving in Saudi Arabia. They use the hashtag #لن_تقودي, which literally translates to 'you will not drive', to emphasize their point. The writer's tone is sarcastic and exasperated as they question why they can't drive and how they are supposed to go to the market without a car.",Favor
48,693,838438546667094018,Women Driving,Against,Against,False,التغريدة تعبر عن شعور احتفالي ومتعجرف تجاه حظر قيادة المرأة في المملكة العربية السعودية. الكاتب يستخدم السخرية والتهكم للتأكيد على أن المرأة لن تقود السيارات أبدًا. في هذا السياق، يشير إلى الشيلة (وشاح تقليدي) كرمز لهذه الفكرة. الكاتب أيضًا يذكر أن جميع وسائل النقل الأخرى ستقدم للمرأة بطريقة معززة ومكرمة، مما يعكس السخرية من فكرة قيادة المرأة للسيارات.,Against
49,694,724709650453671938,Women Driving,Against,Against,False,"الكاتب يستخدم هنا عبارة ""لا حجت البقره علئ قرن واحد"" بشكل ساخر، وهي عبارة تستخدم عادة للتعبير عن عدم قبول أو رفض شيء ما. في هذا السياق، الكاتب يستخدم العبارة بشكل ساخر حول موضوع قيادة المرأة في السعودية. الكاتب يلمح إلى أنه لن يتم السماح للمرأة بالقيادة في السعودية مهما حدث، حتى لو تم إزالة جميع العقبات. استخدام الرموز التعبيرية (🌚🚶) يعزز من الشعور بالسخرية والاستخفاف بالموقف.",Against
50,695,724704968129822721,Women Driving,Favor,Against,True,"الكاتب هنا يستخدم عبارة ""قادوكم لنا الله الموقده"" بأسلوب ساخر ومرح، مما يوحي بأن الله هو الذي قادهم إلى هذه الحالة. استخدام هذا الأسلوب يعكس موقفًا ساخرًا أو حتى مرحًا تجاه القيود المفروضة على قيادة النساء في السعودية، حيث أن عبارة ""قادوكم لنا الله"" توحي بأن الله هو الذي قاد الناس إلى هذه القيود. الهاشتاغ #لن_تقودي مرتبط بحملة تهدف إلى مقاومة الحظر السابق على قيادة النساء، ولكن استخدام الكاتب لهذه العبارة في سياق مرح وساخر يشير إلى موقف تحدي أو رفض للوضع الحالي.",Favor
51,696,729646283783319553,Women Driving,Against,Favor,True,"The writer of the tweet is expressing frustration and concern about the concept of driving as a potential source of ""fitnah"" (strife or chaos), as well as the current societal practice of women being chauffeured by men as a means of not having to drive. The writer questions why driving is seen as more problematic than the current practice, especially noting that many women are already being driven by men without any male relatives present. The hashtag #لن_تقودي (you will not drive) is used to highlight their stance against the idea of women driving.",Against
52,697,912828919044243456,Women Driving,Favor,Against,True,التغريدة مكتوبة باللهجة السعودية وتحتوي على بعض المصطلحات التي قد تكون غير مألوفة. الكاتب يستخدم السخرية للتحدث عن الفتيات المحظوظات اللاتي يملكن سائقاً ويستطيعن الذهاب والعودة في أي وقت يرغبن فيه. بينما يقارن هذا الوضع مع الفتيات الأخريات اللاتي لا يملكن سائقاً ولا يستطعن الخروج. التغريدة تحمل نبرة متوترة وتعبر عن استياء الكاتب من الفجوة بين من يملكن حظاً جيداً ومن لا يملكن.,Favor
53,698,757650195857412096,Women Driving,Favor,Against,True,الكاتب يعني حرفياً أنه يقود سيارته بينما يتجاهل الهاشتاج #لن_تقودي، والذي كان مرتبطاً بحظر قيادة النساء في السعودية قبل 2018. التعبير الساخر هنا هو أنه يشير إلى الهاشتاج بطريقة ساخرة أو تحديّة، مما يعكس شعوراً بالسخرية أو التحدي تجاه الحظر السابق.,Favor
54,699,729582324359303168,Women Driving,None,Against,True,"The writer is expressing a scenario where they are talking to their grandmother about the possibility of getting permission to drive. The grandmother responds with a pessimistic outlook, suggesting that the writer's family members have already faced accidents, implying that the writer should be cautious.",None
55,700,724738120349003776,Women Driving,Against,Against,False,"الكاتب هنا يستخدم عبارة ""لن_تقودي""، والتي تعني حرفياً ""لن تقودِ"". هذا الشعار كان مرتبطاً بالحظر الذي كان مفروضاً على النساء في السعودية قبل 2018. الكاتب هنا يستخدم هذا الشعار بطريقة ساخرة أو مستهجنة، مما يعني ""لن تقودي مهما حدث، حتى لو كان الأمر ضد إرادتي"".",Against
56,701,1010669479645335553,Women Driving,Favor,Favor,False,الكاتب هنا يستخدم سخرية خفيفة للإشارة إلى أن قيادة المرأة السعودية للسيارة ليست حدثاً جديداً، بل هو استمرار طبيعي لما كانت تفعله منذ زمن بعيد. هو يسخر من فكرة أن قيادة السيارة هي مهارة جديدة أو خاصة، ويستعرض أمثلة متعددة على دور المرأة في المجتمع ليوضح أن القيادة جزء من حياتها اليومية. في النهاية، يريد الكاتب أن يوصل رسالة مفادها أن النساء السعوديات قادات بالفعل منذ القدم، وأنهن قادرات على إتقان مهارة القيادة مثل أي مهارة أخرى.,Favor
57,702,861206783850950656,Women Driving,Against,Against,False,الكاتب هنا يتحدث عن حادثة تتعلق بطالبتين من حائل قامتا بإنقاذ سائق، ويشير إلى أن هذا الحدث قد يكون مسرحية من الليبراليين للمطالبة بالسماح للمرأة بالقيادة. الكاتب يستخدم هذا الحادث كأساس لانتقاده لمحاولات تمكين المرأة في المملكة العربية السعودية، والتي يراها غير ملائمة للمجتمع السعودي. يستخدم الكاتب لهجة ساخرة ومشوبة بالشكوك، حيث يتهم الليبراليين بأنهم يكتبون أفلامًا بدلاً من التعامل مع الأمور الواقعية.,Against
58,703,1010670580713050112,Women Driving,Favor,Favor,False,الكاتب يتحدث هنا بشكل ساخر عن وسم #لن_تقودي، وهو الوسم المرتبط بحظر قيادة المرأة في السعودية قبل عام 2018. الكاتب يستخدم الوسم بطريقة ساخرة ليعبر عن سعادته بالقرار الجديد الذي يسمح للمرأة بالقيادة. بمعنى آخر، الكاتب يشير إلى أن القرار كان غير منطقي أو غير عادل في السابق، ولكنه الآن سعيد بأن الوضع قد تغير وأصبح بإمكان النساء القيادة. النبرة هنا احتفالية وساخرة في نفس الوقت، حيث يعبر الكاتب عن سعادته بالقرار الجديد بطريقة مرحة.,Favor
59,704,1010671899582566400,Women Driving,Favor,Favor,False,"الكاتب هنا يستخدم الهاشتاج #المراه_السعوديه_تسوق بشكل ساخر ومثير للشفقة، مما يعكس شعوره بالإحباط أو الحزن تجاه فقدان مفتاح سيارة والده. كلمة ""معليش"" تعني ""أعتذر"" في اللهجة السعودية، والكاتب يعبر عن حماسه لفكرة أن النساء السعوديات بدأن في قيادة السيارات. ومع ذلك، فإن استخدامه للكولاجات التعبيرية ""😭😭😭"" يشير إلى أنه يشعر بالارتباك أو التوتر بسبب فقدان المفتاح.",Favor
60,705,869764039550881792,Women Driving,Against,Against,False,"The writer is using the hashtag #لن_تقودي, which literally translates to 'you will not drive', in a context that appears to be mocking or dismissive. The repetition of the hashtag with the interjection ""لالالا"" (no way) serves to emphasize their point in a lighthearted or sarcastic manner. The tone of the tweet is likely celebratory or mocking, as it seems the writer is emphasizing that the ban on women driving in Saudi Arabia is still in effect.",Against
61,706,1011000262281060354,Women Driving,Against,Against,False,الكاتب يستخدم الهاشتاغ #المراه_السعوديه_تقود_السياره للتعليق على موضوع قيادة المرأة للسيارة في السعودية. في هذه التغريدة، الكاتب لا يرى أن قيادة المرأة للسيارة من أكبر اهتماماتهم، بل يعتبرها بابًا للفتنة والشر. يبدو أن الكاتب لديه موقف سلبي من هذا الموضوع، حيث يربط بينه وبين أبواب الشر الأخرى.,Against
62,707,1008581479914491904,Women Driving,Against,Against,False,"الكاتب يستخدم السخرية هنا للتعبير عن موقف معين بشأن قيادة المرأة في المملكة العربية السعودية. في التغريدة، يشير الكاتب إلى أن العلامة المرورية التي تظهر ""امامك مطبات اصطناعية"" تُفسر بشكل خاطئ من قبل البعض على أنها تعني ""امامك حريم يصلّون"". من خلال استخدام هذه العبارة، يهدف الكاتب إلى إبراز أن هذه المفاهيم الخاطئة شائعة في المجتمع، مما يعكس شعور الكاتب بالإحباط من عدم فهم الناس للواقع.",Against
63,708,1011362238492536832,Women Driving,Favor,Against,True,"الكاتب في هذا التغريدة يستخدم أسلوب السخرية بشكل واضح. هو يشير إلى أن النساء السعوديات بدأن بالتسوق والقيادة، وهو إنجاز تاريخي في المملكة. لكن الكاتب يعبر عن شعوره بالإحباط أو السخرية من أن هذا التغيير لم يشمل الشباب الذكور بعد، حيث لا يزال عليهم الانتظار لقسم البخاري في مطعم لؤلؤة الحمراء، الذي يعتبر من أفضل المطاعم في الرياض. استخدام ""🤣"" في نهاية التغريدة يعزز من نبرة السخرية.",Favor
64,709,1011016989517770758,Women Driving,Favor,Favor,False,الكاتب يعبر عن شكوكه حول مدى الثقة بالسائق الأجنبي، مشيراً إلى أن الأجنبي قد يكون أكثر شهامة ونخوة من الشاب العربي السعودي. كما ينتقد تصوير المجتمع للشباب السعودي على أنهم قطيع من الوحوش، ويدعو لإعادة النظر في هذه الصورة النمطية. النبرة هنا ساخرة، والكاتب يستخدم السخرية ليثير تساؤلات حول المعايير الاجتماعية التي تعزز هذه التصورات.,Favor
65,710,729584248378818560,Women Driving,Against,Against,False,"The literal meaning of the tweet is: ""Why should I drive? I have a driver, and I'm a princess.""

Under the surface, the tweet is sarcastic and dismissive. The writer is using the hashtag #لن_تقودي, which translates to ""you will not drive"" and was associated with the pre-2018 ban on women driving in Saudi Arabia. The writer is mocking the hashtag by implying that they are already not driving and have a driver, and they are using the term ""أميره"" (princess) to emphasize their disdain for the idea of driving, as if they are above it. The tone of the tweet is celebratory and defiant, with a touch of sarcasm.",Against
66,711,1010672977430679556,Women Driving,Favor,Favor,False,"الكاتب يعبر عن دهشته وفرحته بحقيقة أن المرأة السعودية أصبحت قادرة على القيادة. يشير إلى ""الله يكتب لنا الخيره في قيادتها"" كموضوع إيجابي في هذه اللحظة التاريخية. الكاتب يستخدم #المراه_السعوديه_تسوق، وهي وسم يعبر عن هذا الحدث الذي وقع في يونيو 2018.",Favor
67,712,724802297667137536,Women Driving,Favor,Against,True,الكاتب يستخدم الهاشتاج #لن_تقودي بطريقة ساخرة. يبدو أنه يقارن بين منع النساء من القيادة ومنع النساء من الصلاة الجماعية. يشير الكاتب إلى الشيخ ابن غديان رحمه الله، مما يعزز السخرية من خلال الاستشهاد بعالم ديني معروف. في السياق السعودي، قد يكون هذا التعليق مثيرًا للجدل، لأن هناك من يرى أن هذه القضايا منفصلة ويجب مناقشتها بشكل منفصل.,Favor
68,713,1010671877508026368,Women Driving,Against,Favor,True,"في هذه التغريدة، الكاتب يستخدم السخرية للتعبير عن إحباطه من قيادة المرأة في السعودية، واصفاً الوضع بأنه مبالغ فيه أو ""مره أوفر"" بخصوص السواقة. يستخدم الكاتب كلمة ""يهمج"" بشكل ساخر لوصف الأشخاص الذين لا يعترفون بأهمية قيادة المرأة ويعتبرهم جهلة أو غير ناضجين.",Against
69,714,721431878830567424,Women Driving,Against,Against,False,"الكاتب هنا يستخدم نفس الهاشتاغ المرتبط بمنعهن من القيادة في المملكة العربية السعودية، ولكنه يضيف تكرارًا إضافيًا لكلمة ""لن تقودي"" في نهاية التغريدة. هذا التكرار يبرز بشكل واضح الموقف الساخر والمتهكم تجاه الموضوع. الكاتب يتبنى نبرة ساخرة ويستخدم التكرار لتأكيد النقطة بشكل قوي.",Against
70,715,1011379876501377024,Women Driving,Favor,Against,True,الكاتب هنا يستخدم وسوم #المراه_السعوديه_تقود_السياره و #ياسر_التويجري للإشارة إلى النقاش الدائر حول قيادة المرأة السعودية للسيارة. الكاتب يعبر عن شكوكه حول تصريحات ياسر التويجري، حيث يشك في صحة كلامه ويأمل أن يكون مخطئًا. النبرة هنا ساخرة، مما يعكس أن الكاتب ليس متأكدًا تمامًا من صحة كلام التويجري أو لا، ويستخدم السخرية للتعبير عن ذلك.,Favor
71,716,721949761977335808,Women Driving,Against,Against,False,"الكاتب هنا يستخدم السخرية للتعبير عن إحباطه من الوضع الحالي في المملكة العربية السعودية مقارنة بالدول الغربية. التغريدة تعني: ""الغرب يناقشون أمورًا هامة ويتقدمون علينا بسنوات ضوئية، بينما نحن هنا نناقش تفاهات مثل قيادة المرأة. #لن_تقودي #الشوري_يناقش_قيادة_المرأة"". 

الكاتب هنا يشير إلى أن هناك مواضيع مهمة تحتاج إلى نقاش جدي مثل تحسين التعليم وتطوير البنية التحتية، بينما يتم التركيز على مناقشة قضايا ثانوية مثل السماح للنساء بالقيادة.",Against
72,717,724699656362582016,Women Driving,Favor,Favor,False,"الكاتب هنا يستخدم السخرية للتعبير عن قراره الشخصي بقيادة السيارة في المملكة العربية السعودية. في التغريدة، يستخدم الكاتب عبارة ""بنسوق بنسوق"" التي تحمل في طياتها تهكماً على القوانين والتقاليد التي تمنع النساء من القيادة. بالإضافة إلى ذلك، يشير الكاتب إلى أن المواقف في كليته هي أكثر من تلك في كلية الأولاد، مما يعني أنه سيقود السيارة لأنه يرى أن هذا الوضع الحالي لا يمكن تحمله.",Favor
73,718,1010671763615870979,Women Driving,Favor,Favor,False,"The writer of the tweet is expressing a sincere prayer for Saudi women. They are wishing them protection and covering, as well as wishing to keep them away from harm. The tone of the tweet is both celebratory and hopeful, as the writer is showing their support and care for Saudi women.",Favor
74,719,1011291178891972608,Women Driving,Favor,Against,True,"الكاتب هنا يستخدم الوسم ""المراه_السعوديه_تقود_السياره"" بطريقة ساخرة للتعبير عن رأيهم بشأن قيادة المرأة للسيارة في المملكة العربية السعودية. الكاتب يرى أن السماح للمرأة بالقيادة هو إنجاز يجب أن يُحتفل به، ولكنه ينتقد أولئك الذين يستغلون هذا الحق الجديد للتباهي والتفاخر. الكاتب يشير إلى أن الهدف من السماح بالقيادة هو تمكين المرأة من القيادة بحجابها وليس للتباهي بالمكياج والشعر.",Favor
75,720,1010673577992118273,Women Driving,Favor,Against,True,"الكاتب يستخدم هذا الهاشتاج #المراه_السعودي_تسوق للإشارة إلى القرار التاريخي الذي سمح للنساء في المملكة العربية السعودية بالحصول على رخص القيادة في عام 2018. التغريدة تحتوي على عبارة ""امه ضحكت من جهلها الامم"". هذه العبارة تحمل سخرية وسخرية من جهلهم في إشارة إلى الأمم الأخرى التي كانت تعتقد أن السعودية لن تسمح للنساء بالقيادة بسبب القوانين الاجتماعية والدينية الصارمة في المملكة. يبدو أن الكاتب يستخدم هذا الهاشتاج بروح مرحة وساخرة ليذكر الأمم الأخرى بأن السعودية قادرة على التقدم والتغيير رغم التحجر المتوقع.",Favor
76,721,1010673441845006342,Women Driving,Favor,Favor,False,"الكاتب يعبر عن مشاعر مختلطة بشكل واضح من خلال استخدام الرموز التعبيرية الحزينة (💔💔💔) بجانب كلمة ""مبستوطة"". الكلمة ""مبستوطة"" هي مصطلح سخرية يستخدم في اللهجة السعودية للتعبير عن الفرح أو السعادة بطريقة مبالغ فيها. الكاتب هنا يستخدم السخرية ليصف مدى سعادته بقرار السماح للمرأة بقيادة السيارة في السعودية. هذا القرار أثار مشاعر قوية لدى السعوديين، سواء كانت تلك المشاعر إيجابية أو سلبية، والكاتب هنا يعبر عن مدى الفرح الذي شعر به عندما سمح للنساء بالقيادة، لكن بطريقة ساخرة تعكس مشاعر مختلطة.",Favor
77,722,724714738966470656,Women Driving,Against,Against,False,"الكاتب هنا يستخدم عبارة ""لن تستطيعي التصرف"" بطريقة ساخرة، وكأنه يلمح إلى أن النساء في المملكة العربية السعودية لم يكن مسموح لهن بقيادة السيارة قبل عام 2018، وبالتالي لم يكن لهن القدرة على التصرف في حالة تعطل السيارة أو نفاد الوقود أو حدوث موقف مشابه. استخدام الوسم ""لن_تقودي"" هنا يعني أن الكاتب يسلط الضوء على الموضوع بشكل ساخر، ويظهر استنكاره لهذا الحظر.",Against
78,723,724719519411896320,Women Driving,Against,Against,False,الكاتب يعبر عن ارتياحه وامتنانه لعدم اضطراره للقيادة، ويستخدم وسم #لن_تقودي للإشارة إلى الحظر السابق الذي منع النساء من القيادة في المملكة العربية السعودية. يبدو أن الكاتب يستخدم هذا الوسم بروح من التحدي أو السخرية، مما يعكس شعوراً بالارتياح والفرح لكونهم ضمن الفئة التي لم تكن مضطرة لمواجهة هذا الحظر.,Against
79,724,1010670152273268739,Women Driving,Against,Against,False,الكاتب هنا يتحدث عن تجربته الشخصية في زيارة النساء خلال فترة الولادة. يشير إلى أنه كان يذهب لقهوة فلانة في الماضي، والآن يذهب لقهوة فلانة الأخرى بعد ولادة طفلها. التغريدة تحمل طابعًا ساخرًا، حيث يتخيل الكاتب كيف أن النساء السعوديات الآن قادرات على القيادة، ولكنه يعترف في النهاية بأن الأمر يتعلق بتبادل الزيارات الاجتماعية، وليس بالضرورة بالقيادة بحد ذاتها.,Against
80,725,724714504299401217,Women Driving,Against,Against,False,الكاتب هنا يستخدم السخرية بطريقة ذكية لإيصال فكرته. بمعنى بسيط، هو يقول إن الذين يدعون لتحرير المرأة لا يسعون فعلاً لتحقيق حريتها، بل يستغلون هذا الشعار للوصول إلى أهدافهم الخاصة. الأمير نايف، الذي يتحدث عنه الكاتب، كان يشير إلى أن هؤلاء الأشخاص يستخدمون قضية حرية المرأة كذريعة لتحقيق مصالحهم الشخصية. هذا يعكس موقف الكاتب تجاه هؤلاء الأشخاص الذين يستخدمون هذه القضية لتحقيق مكاسبهم الخاصة.,Against
81,726,998321652776800256,Women Driving,Favor,Favor,False,"The writer is expressing their satisfaction and hopefulness about completing the first step towards obtaining a Saudi driving license. The tone is celebratory and hopeful, indicating a positive sentiment. The use of multiple ""🙏🏻"" emojis suggests a sense of gratitude and reliance on divine assistance, further emphasizing the writer's positive and hopeful attitude.",Favor
82,727,1010669939664048131,Women Driving,Favor,Against,True,الكاتب يستخدم هذه التغريدة بشكل ساخر ومتهكم للإشارة إلى النساء السعوديات اللواتي بدأن في القيادة منذ يونيو 2018. الكاتب يعبر عن دهشته واستنكاره بأن الرجال في المجتمع لم يكونوا متحمسين للسماح للنساء بالقيادة حتى الآن. استخدام الرموز التعبيرية الضاحكة 😂😂😂 يعزز من نبرة السخرية والتهكم التي يحاول الكاتب إيصالها.,Favor
83,728,1010670332825530368,Women Driving,Favor,Favor,False,الكاتب يعبر عن فرحته وحماسه بزيارة المكسيك في شوارع جدة. استخدام الوسم #المرأة_السعودية_تسوق يعكس فخر الكاتب بالتقدم الذي حققته المرأة السعودية في السنوات الأخيرة، وخاصة في السماح لها بقيادة السيارة. يبدو أن الكاتب يستخدم هذه العبارة بشكل إيجابي ليعبر عن شعوره بالفرح والانبهار بالتغييرات الإيجابية في المجتمع.,Favor
84,729,724705780658782208,Women Driving,Favor,Against,True,"الكاتب يستخدم الوسم #لن_تقودي بشكل ساخر للإشارة إلى حظر قيادة المرأة الذي كان ساريًا في السعودية قبل عام 2018. الجملة ""قيادة المرأة جايه بإذن الله لكن مو بهالوقت"" تعني حرفياً ""قيادة المرأة ستأتي بإذن الله لكن ليس الآن."" هذا يوحي بأن الكاتب يؤمن بأن قيادة المرأة أمر محتوم، ولكنه غير ممكن في الوقت الحالي بسبب الظروف الحالية. 

الكاتب يحاول أن يوضح أن الآراء الحالية هي مجرد آراء وليست قرارات نهائية، وأن النقاش حول قيادة المرأة مستمر.",Favor
85,730,1009201699456774145,Women Driving,Against,Favor,True,"في هذا التغريدة، الكاتب يستخدم تعبيرًا ساخرًا وملمحًا. التغريدة تبدو وكأنها تقول ""مساء الفل"" وهو تعبير يستخدم في الثقافة العربية للإشارة إلى السلام والبركة. ثم يضيف الكاتب ""خمس ايام وتعبين فل""، وهو تعبير يفهم بشكل ساخر لأنه يعني أن الشخص الذي يتحدث عنه سيشعر بالفرح لمدة خمسة أيام، ثم سيشعر بالتعب بعد ذلك. التغريدة تحمل نبرة مرحة ومتهكمة، حيث يستخدم الكاتب هذه الكلمات ليعبر عن السخرية بطريقة خفية.",Against
86,731,997821760618811393,Women Driving,Favor,Against,True,"الكاتب هنا يستخدم السخرية بشكل واضح. التغريدة توحي بأن المرأة السعودية تقوم بأعمال منزلية خلال شهر رمضان، ولكن بدلاً من غسل الصحون كما هو متوقع، تقوم المرأة السعودية بغسل سيارتها. هذا يعكس نوعًا من السخرية من الافتراضات النمطية حول ما يجب على النساء فعله خلال رمضان.

الكاتب يحافظ على نبرة ساخرة، مما يعكس شعورًا بالفرح وربما التحدي تجاه القيود الاجتماعية المفروضة على النساء في المملكة العربية السعودية.",Favor
87,732,912828569851695104,Women Driving,Against,Against,False,"The writer is expressing their concern about the safety of women in Saudi Arabia, particularly highlighting the fact that women are often left alone in their cars and unattended. They use a sarcastic tone to emphasize this issue, as evident in the phrase ""الله الحافظ"" (God is the protector) followed by ""وضع الاسعاف بعد القشعه بعيد الشر من بيشيل فطيم وهي مرميه ع الرصيف"" (the ambulance is placed after the accident, God forbid, someone carries Fatiham while she is lying on the sidewalk). The writer is also pointing out the need for the presence of women ambulance attendants to ensure their safety during such incidents.",Against
88,733,1010670861127385089,Women Driving,Favor,Favor,False,الكاتب هنا يعبر بشكل ساخر عن سعادته برؤية النساء السعوديات يقدن السيارات في السعودية، مشيراً إلى أن هذا الأمر كان غير ممكن في الماضي. التغريدة تحمل نبرة احتفالية، حيث يظهر الكاتب حماسه وفرحته تجاه التغيير الاجتماعي الذي سمح للنساء بقيادة السيارات في المملكة.,Favor
89,734,739865599891890176,Women Driving,Against,Against,False,الكاتب هنا يستخدم الهاشتاغ #لن_تقودي بطريقة تعكس تحدياً وتمسكاً بالقرار القديم بمنع قيادة المرأة في المملكة العربية السعودية حتى المستقبل. نبرة التغريدة تعكس موقفاً متحدياً ومتمسكاً بالقيم التقليدية في المملكة.,Against
90,735,1010670800955944960,Women Driving,Favor,Favor,False,الكاتب هنا يستخدم السخرية بطريقة غير مباشرة. بمعنى أنهم يقولون إن النساء اللواتي لا يردن القيادة يمكنهن استخدام الدراجات بدلاً من ذلك.,Favor
91,736,724868370810724352,Women Driving,Favor,Against,True,الكاتب هنا يستخدم السخرية والتهكم للتعبير عن استيائه من أن الرجال في المملكة ما زالوا يعملون كسائقين، بينما يُفترض أن النساء لن يقدن السيارات. التغريدة تبدو وكأنها ساخرة من فكرة أن الرجال في المملكة يعتمدون على النساء في النقل، في حين أن النساء في السعودية لا يسمح لهن بالقيادة.,Favor
92,737,1010673058204606470,Women Driving,Favor,Favor,False,"الكاتب يعبر عن مشاعر متعجرفة وواثقة تجاه قيادة المرأة السعودية، ويشير إلى أنه لو كان في السعودية لكان أظهر مهاراته في القيادة. التغريدة تحمل نبرة ساخرة وواثقة، حيث يستخدم الكاتب رمزًا عاطفيًا ""😎"" ليشير إلى أنه يمتلك مهارات قيادة ممتازة.",Favor
93,738,1010670297756979200,Women Driving,Favor,Favor,False,"The writer is essentially using the hashtag #لن_تقودي to mock the ongoing discussion or debate about the lifting of the ban on women driving in Saudi Arabia. The phrase ""لن تقودي"" translates literally to ""you will not drive."" The writer is teasing by asking, ""هل ستسمعوننا نصرخ؟"" which literally means ""will you hear us scream?"" The use of the laughing emoji ""😂"" underscores the writer's sarcastic and light-hearted tone, highlighting the ongoing irony and humor surrounding the topic.",Favor
94,739,729581968791326720,Women Driving,Favor,Against,True,الكاتب يستخدم الوسم #لن_تقودي بطريقة ساخرة وغير مبالية، مشيراً إلى حظر قيادة النساء في السعودية. التغريدة تعبر عن موقف سلبي تجاه هذا الحظر، حيث يعترف الكاتب بأن النساء لن يقدن السيارات في المملكة. النبرة هنا مرحة وتشير إلى عدم اكتراث الكاتب تجاه هذا الموضوع.,Favor
95,740,1010671296487809029,Women Driving,Against,Against,False,"الكاتب هنا يستخدم السخرية للتعبير عن إحباطه من المجتمع الذي يركز بشكل مفرط على قضية قيادة المرأة للسيارة، بينما يتجاهل إنجازات المرأة السعودية في مجالات أخرى مثل الأمومة والزواج والعمل والتعليم. السخرية تتجلى في كلمة ""أااااااخ منكم يابتووع""، التي تعبر عن شعور الكاتب بعدم الرضا عن التركيز على القيادة وكأنها الحل لجميع مشاكل المجتمع.",Against
96,741,1011035746361335809,Women Driving,Favor,Against,True,الكاتب هنا يشير إلى أن نسبة وفيات حوادث المرور في السعودية سترتفع إذا سُمح للنساء بقيادة السيارات. يستخدم الكاتب السخرية ليوحي بأن السماح بقيادة المرأة سيؤدي إلى عدد محدد فقط من الوفيات، مما يعني ضمنياً أن عدد الوفيات سيكون قليلاً. النبرة في هذا التغريدة تحمل طابعاً من السخرية أو التهكم، حيث يلمح الكاتب إلى أن السماح بقيادة المرأة لن يشكل خطراً كبيراً.,Favor
97,742,1010668370134552576,Women Driving,Favor,Favor,False,الكاتب يعبر عن فرحته وسعادته بقرار السماح للمرأة بقيادة السيارة في المملكة العربية السعودية. يستخدم الكاتب هاشتاغ #قودي_كزهرة ليصف المرأة بأنها مثل الزهرة في جمال قيادتها للسيارة لأول مرة، مما يرمز إلى القوة والجمال. الكاتب يستخدم أيضاً هاشتاغ #المرأة_السعوديه_تسوق الذي يشير إلى حملة تشجيع المرأة على القيادة، مما يعكس التغيير الاجتماعي الكبير الذي حدث في السعودية.,Favor
98,743,1011329651233443840,Women Driving,None,Against,True,الكاتب هنا يستخدم السخرية بشكل واضح للتعبير عن موقف معين. التغريدة تتناول موضوع قيادة المرأة للسيارة في السعودية (#المرأه_السعوديه_تقود) بأسلوب فكاهي وساخر. الكاتب يشير إلى تجربة شخصية حيث قام بشراء حذاء جديد لزوجته، ثم أخبرها بأنه معجب بالحذاء. الزوجة ردت بأنها كانت تعرف دائماً كيف تختار الأحذية الجيدة، مما أثار غضب الكاتب. الكاتب يستخدم الرموز التعبيرية (😳👞) للتعبير عن دهشته من رد فعل زوجته، ويستخدم الرموز التعبيرية (😎 😂 😂😂😂) لإظهار استمتاعه بالجدال.,None
99,744,1010673328607191043,Women Driving,Favor,Favor,False,"الكاتب هنا يستخدم الوسم #المراه_السعوديه_تسوق للاحتفال بقرار تاريخي جديد في المملكة العربية السعودية، حيث أصبحت النساء قادرات على القيادة اعتباراً من يونيو 2018. التغريدة تعبر عن مشاعر الفرح والاحتفال بهذا القرار، وتستخدم أيضاً عبارة ""العُقبى لنا إن شاء الله"" للدعاء بأن تأتي المزيد من التغييرات الإيجابية في المستقبل. النبرة العامة للتغريدة هي نبرة احتفالية، مع استخدام الرموز التعبيرية (🚘🤞) لتعزيز هذه المشاعر.",Favor
100,745,766551926704005120,Women Driving,Favor,Against,True,"The writer of the tweet is expressing a literal sentiment about not wanting women to drive because the writer does not know how to drive. The use of the hashtag #لن_تقودي is likely ironic or dismissive, indicating that the writer does not agree with the ban on women driving in Saudi Arabia. The tone of the tweet is mocking or dismissive, as the writer seems to be emphasizing their lack of knowledge about driving as a reason to oppose women's right to drive.",Favor
101,746,729613664865681408,Women Driving,Favor,Favor,False,"The writer is using irony in this tweet. They are sarcastically expressing that they are not going to drive, but then they imply that they are still going to rely on others to drive them around. The phrase ""الله يخلي الخروف يقودددددددد وانا ملكه"" is a humorous way of saying that they will rely on someone else to drive them, rather than taking the risk of driving themselves. The writer also uses the hashtag #لن_تقودي in the tweet, which is associated with the pre-2018 ban on women driving in Saudi Arabia. The emotional tone of the tweet is celebratory, as the writer is expressing their frustration and sarcastically laughing at the situation.",Favor
102,747,1003748830335111169,Women Driving,Favor,Favor,False,"الكاتب هنا يستخدم كلمة ""مبروك"" للاحتفال أو التعبير عن الفرح بشأن السماح لـ 40% من سكان الخليج بقيادة السيارة، وهو ما يرتبط بحملة قيادة المرأة في المملكة العربية السعودية. التغريدة تعبر عن السعادة والانتصار في مجتمع الخليج بشكل عام.",Favor
103,748,724745021484896256,Women Driving,Favor,Against,True,"الكاتب يعبر بشكل ساخر عن إحباطه من استمرار حظر قيادة النساء في السعودية. يستخدم عبارة ""سايقين وسايقين وسايقين"" للإشارة إلى أن هذا الحظر سيبقى قائماً لفترة طويلة. كما يضيف رموز ""🔪"" للدلالة على أن هذا الحظر يمثل نوعاً من الجراحة الاجتماعية القاسية التي يجب أن نتحملها. الكاتب يستخدم هذا التعبير ليظهر عدم رضاه عن الوضع الحالي ويأمل في تغيير هذا الحظر قريباً.",Favor
104,749,796278067060736000,Women Driving,Against,Against,False,"The writer is addressing someone who is likely a woman and expressing strong frustration or mockery about the idea of women driving. The tone is celebratory and mocking, as the hashtag #لن_تقودي (you will not drive) is used to express the sentiment of the ban on women driving. The writer emphasizes their point by using hand gestures (✋✋) and emojis to emphasize their message. The writer is essentially saying ""never mind, don't even think about it"" in a playful, sarcastic way.",Against
105,750,1011290461623988229,Women Driving,Against,Against,False,The writer is expressing a critical and sarcastic tone towards the over-hyped celebration of Saudi women being able to drive. They are questioning why the event is being given more importance than it deserves and are blaming the media for making a mockery of itself by focusing excessively on the few girls who were filmed driving. The writer also implies that the majority of girls in Saudi Arabia are not able to drive.,Against
106,751,724745754099724289,Women Driving,Against,Against,False,"الكاتب هنا يعبر بشكل ساخر عن وجود أشخاص يوافقون على قيادة المرأة للسيارات تحت مسمى ""مصلحت الحريم""، ويشير إلى أنهم يفعلون ذلك فقط من أجل مصلحتهم الشخصية وليس من أجل مصلحة المرأة نفسها. الكاتب يستخدم تعبير ""خرفان"" لوصف هؤلاء الأشخاص الذين يتبعون الآخرين دون تفكير مستقل.",Against
107,752,1010670301116542976,Women Driving,Favor,Favor,False,"الكاتب يشعر بسعادة وحماس كبير تجاه فكرة القيادة لأول مرة، ويظهر ذلك من خلال استخدام العديد من الرموز التعبيرية ""😍"" التي تعكس الفرح والإثارة. استخدام الوسم #المراه_السعوديه_تسوق يعكس أيضاً الفخر والاعتزاز بهذا الحدث التاريخي في المملكة العربية السعودية.",Favor
108,753,1010672056172728320,Women Driving,Favor,Favor,False,"الكاتب هنا يتحدث عن السماح للمرأة السعودية بقيادة السيارة، والذي تم في يونيو 2018. التغريدة تقول ""#المرأة_السعودية_تسوق حق مكتسب مالها داعي الأوفر هذا كله"". 

بمعنى أن الكاتب يرى أن السماح للمرأة بالقيادة هو أمر مؤكد وحق مكتسب، ولكنه يشير إلى أن هذا الأمر لم يكن ضروريًا أو مفرطًا في الاحتفال به. يمكن أن يكون الكاتب يشعر ببعض الاستياء أو الإحباط من المبالغة في الاحتفال بهذا الإنجاز. 

النغمة هنا ساخرة وربما تعبر عن خيبة أمل من الاحتفالات المبالغ فيها.",Favor
109,754,1011019414777548800,Women Driving,Against,Against,False,الكاتب هنا يستخدم تعبيرًا ساخرًا للإشارة إلى أن تعديل نقاب المرأة السعودية قد يؤدي إلى انقلاب. من الواضح أن الكاتب يقصد أن التغييرات في القوانين التي تسمح للمرأة بالقيادة قد أثارت استياء البعض بسبب ارتباطها بالنقاب. النبرة هنا ساخرة ومليئة بالاستهزاء، مما يعكس مشاعر الاستياء من التغييرات الأخيرة.,Against
110,755,992915300399149056,Women Driving,Favor,Against,True,"الكاتب هنا يستخدم الرموز التعبيرية التي تعبر عن الضحك المتكرر لتوضيح أنه يشارك في حدث أو مناسبة تتعلق بـ""#لن_تقودي"". يبدو أن الكاتب يضحك بشدة لأنه يرى أن حظر قيادة المرأة للسيارات كان سخيفًا أو غير منطقي، وربما يعبر عن مشاعر الفرح والاحتفال بنصر أو إنجاز تحقق في هذا السياق.",Favor
111,756,1010670526128324608,Women Driving,Favor,None,True,"The writer is expressing a celebratory and playful tone. They are likely joking or making a light-hearted comment about the hashtag #المرأة_السعودية_تسوق. The phrase ""والله ونعم كمان رابح صقر"" is a common expression in Saudi Arabic dialect, meaning ""And even more, or even more amazing, is the success of Rabeh Saqr,"" which is a well-known Saudi singer. The writer is likely using this phrase in a humorous way to emphasize their support and celebration of the Saudi women driving.",Favor
112,757,1011014902662811649,Women Driving,Against,Against,False,"الكاتب يستخدم تعبير ""تخلت عن تاج الملكة"" بطريقة ساخرة. المعنى الحرفي للتغريدة هو أن المرأة السعودية كانت تُعامل كأميرة أو ملكة بسبب الدعم والمساعدة الكبيرة التي كانت تتلقاها، ولكن الآن بعد أن بدأت تقود السيارة، أصبحت مطالبة بتقديم خدماتها للآخرين بنفسها، مثل أي شخص عادي.",Against
113,758,1010669133913034752,Women Driving,Favor,Favor,False,الكاتب هنا يستخدم الوسم #المراه_السعودي_تسوق للتعبير عن أهمية أن تكون المرأة قادرة على القيادة في حالات الطوارئ. يشير الكاتب إلى أن بعض الأسر قد تواجه ظروفًا صعبة تتطلب من المرأة أن تكون مستقلة وقادرة على التصرف بسرعة. هذا يمكن أن يشمل مواقف مثل المرض المفاجئ لأحد أفراد الأسرة أو حدوث مكروه لهم، بحيث لا يمكن انتظار وصول الإسعاف. بشكل عام، يبدو أن الكاتب يعبر عن أهمية تمكين المرأة في المجتمع السعودي من خلال السماح لها بالقيادة.,Favor
114,759,724738807103369217,Women Driving,Against,Favor,True,"الكاتب هنا يستخدم السخرية للتعبير عن مشاعر مختلطة تجاه قيادة المرأة في المملكة العربية السعودية. فهو يشير إلى أن ""بيرثا بينز""، وهي أول امرأة تقود سيارة لمسافات طويلة وتجذب انتباه العالم، هي أيضاً مخترعة الفرامل. هذا يلمح إلى أن اختراعها كان ضروريًا لضمان سلامة السائق، مما يعكس سخرية الكاتب من أن المرأة تحتاج إلى اختراع مثل هذا الاختراع لتقود بأمان. 

التغريدة تحمل نبرة من السخرية المريرة، حيث أن الكاتب يشير إلى أن القيادة كانت تحديًا كبيرًا بالنسبة للمرأة في البداية، وأنها كانت تحتاج إلى اختراع الفرامل كاحتياطي لضمان السلامة.",Against
115,760,1010672512294932480,Women Driving,Against,Favor,True,"الكاتب هنا يستخدم عبارة ""عساها خيره ان شاء الله"" بشكل ساخر. العبارة تحمل نية طيبة على السطح، لكن الكاتب يقصد العكس تمامًا. الكاتب لا يعتقد أن السماح للنساء بقيادة السيارات هو أمر جيد، ولكنه يقول هذا بشكل ساخر لأنه يدرك أن هذا الموضوع أصبح حديث الساعة في المجتمع السعودي.",Against
116,761,729579840366628864,Women Driving,Favor,Against,True,الكاتب يستخدم التغريدة للتعبير عن استيائه من المجتمع السعودي الذي يبدو أنه منشغل بالقضايا التافهة، مثل النقاش حول قيادة المرأة. الكاتب يسخر من فكرة أن المجتمع يعاني من مشكلة كبيرة بسبب هذه القضية، التي يعتبرها تافهة. في النهاية، يعبر الكاتب عن ضحكه على جهل الأمة، مما يعكس سخرية واضحة من هذا الجدل المستمر.,Favor
117,762,739909136796778496,Women Driving,Against,Against,False,الكاتب هنا يستخدم السخرية في تغريدته للتعبير عن وجهة نظره حول حظر قيادة المرأة في المملكة العربية السعودية. الكاتب يلمح إلى أن بعض الناس يشتكون من التحرش والاختطاف ولكنهم في نفس الوقت يطالبون بالقيادة، مما يعني أنهم يساهمون في مشكلة التحرش والاختطاف من خلال طلبهم. ومن ثم، الكاتب يعبر عن عدم موافقته على هذا الوضع باستخدام الوسم #لن_تقودي. نبرة التغريدة تعبر عن عدم الرضا والسخرية من المطالب المذكورة.,Against
118,763,724748943020666880,Women Driving,Against,Against,False,"The tweet uses the hashtag #لن_تقودي, which translates to ""you will not drive,"" a slogan associated with the pre-2018 ban on women driving in Saudi Arabia. The author is addressing a woman and saying that she has been driving for a long time, raising generations with sound upbringing and practical leadership. The author asserts that Islam has honored her above many others, and therefore, she should be cautious of ""wolves in human form."" The tone of the tweet is celebratory and defensive, highlighting the woman's achievements and the importance of her role in society.",Against
119,764,729675977824047105,Women Driving,Favor,Favor,False,"The literal meaning of the tweet is that the person is expressing frustration about the hashtag #لن_تقودي, which means ""you will not drive."" The phrase ""بس فكو عنا"" translates to ""but let us drive."" The tone of the tweet is sarcastic, and the writer seems to be mocking the ban on women driving.",Favor
120,765,1011297449259032577,Women Driving,Against,Against,False,الكاتب في هذا التغريدة يستخدم نبرة ساخرة ومتهكمة، حيث يعبر عن استيائه من تمكين الظالمين والمنافقين على أهل الحق والفضيلة. الكاتب يلمح إلى أن قيادة المرأة للسيارة، والتي يدعمها الوسم #المراه_السعوديه_تقود_السياره، هي جزء من هذا التمكين. التغريدة تحمل طابعًا من السخرية والاستهجان تجاه الوضع الحالي، وتعبر عن مشاعر الإحباط والقلق بشأن توازن القوى في المجتمع.,Against
121,766,725813967973695492,Women Driving,Against,Against,False,الكاتب يستخدم الهاشتاق #لن_تقودي بطريقة توحي بعدم الرضا والاحتجاج على قيادة المرأة في المملكة العربية السعودية. التغريدة توحي بأن الكاتب يسخر من هذا الموضوع، مما يعكس عدم رضاه أو استيائه من الوضع الحالي.,Against
122,767,724698823872905216,Women Driving,Favor,Favor,False,"The writer's literal meaning beneath the surface is that they are expressing their satisfaction with driving, asserting that their driving skills are superior to those of men. The use of the hashtag #لن_تقودي and the playful emojis (😝) indicate a sarcastic and mocking tone. The phrase ""موتوا بغيظكم"" is a common phrase in Arabic used to express disdain or defiance, suggesting that the writer is challenging men to feel frustrated or angry about it.",Favor
123,768,1010670624761700352,Women Driving,Favor,Favor,False,"الكاتب هنا يستخدم هاشتاج #المراه_السعوديه_تسوق الذي يشير إلى السماح للمرأة السعودية بالقيادة، وهو حدث حدث في يونيو 2018. التغريدة تحمل مشاعر احتفالية وفرحة كبيرة، حيث يبدأ الكاتب بالتهاني بقول ""مبروك""، ويعبر عن أمنياته بأن يمنح الله النساء السعوديات من خير هذه الفرصة الجديدة. كلمة ""الله يعطيهم من خيرها"" تعني أن الكاتب يأمل أن تكون هذه الخطوة مفيدة ومباركة لهن. الزهرة الوردية ""🌹"" تضيف لمسة احتفالية وتعبير عن الفرح.",Favor
124,769,1010672757582024709,Women Driving,Against,Against,False,في هذا السياق، الكاتب يستخدم الهاشتاج #المراه_السعوديه_تسوق بشكل ساخر أو استفهامي للإشارة إلى الحوادث التي وقعت منذ أن سُمح للنساء بقيادة السيارات في المملكة العربية السعودية في يونيو 2018. النبرة هنا ساخرة، حيث يبدو الكاتب وكأنه يتحدى الفكرة بأن قيادة المرأة قد تسبب المزيد من الحوادث.,Against
125,770,1010670179993432064,Women Driving,Against,Favor,True,الكاتب هنا يستخدم لهجة ساخرة ومبالغ فيها للتعبير عن رأيه. هو يشير إلى أن السماح للنساء بالقيادة في السعودية قد يكون مجرد بداية لمطالبات جديدة تتعلق بحقوق المرأة. التغريدة تحمل نبرة مزاح وسخرية، حيث يلمح إلى أن هناك الكثير من القضايا التي ستثار في المستقبل.,Against
126,771,1010997450058936320,Women Driving,Favor,Favor,False,"الكاتب هنا يستخدم الوسم #المرأة_السعودية_تقود_السيارة بطريقة خفيفة الظل ومبشرة، حيث يصف قيادة المرأة للسيارة بـ""مبروك السواقه😇"". الكلمة ""مبروك"" تحمل نبرة احتفالية واحتفاء، مما يعكس فرحة الكاتب وسعادته بهذا الحدث.",Favor
127,772,724782065649078272,Women Driving,Against,Against,False,"الكاتب هنا يستخدم السخرية والتهكم للتعبير عن إحباطه من السماح للنساء بقيادة السيارات. يخاطب مجموعة من النساء بطريقة غير محترمة ويعبر عن عدم رضاه عن وضعهن الحالي. يستخدم الكاتب عبارات مثل ""الله يغثكم"" و""كانكم غثيتونا"" ليعبر عن استيائه من التغيير الذي حدث في المجتمع، والذي يراه سلبيًا. بالإضافة إلى ذلك، يستخدم الكاتب الرموز التعبيرية (🌚) لإضافة لمسة من السخرية إلى كلماته.",Against
128,773,1010669891790176256,Women Driving,Favor,Favor,False,الكاتب يعني أن النساء في المملكة العربية السعودية استطعن تحقيق انتصار في معركة تاريخية، وهو السماح لهن بالقيادة. هذا الانتصار يعكس تقدماً كبيراً في حقوق المرأة في المملكة، ويعبر الكاتب عن احتفاله بهذا الإنجاز، معبراً عن فخره بتقدم المملكة في دعم حقوق المرأة.,Favor
129,774,686076516606865408,Women Driving,Against,Against,False,"الكاتب هنا يستخدم السخرية بشكل واضح للتعبير عن استيائه من النقاشات المكررة حول موضوع قيادة المرأة في السعودية، وهو موضوع كان محظورًا حتى وقت قريب. 

الكاتب يتحدث بأسلوب ساخر ومتهكم عن تكرار هذه النقاشات وحفظها عن ظهر قلب، مما يعكس شعوره بالملل من هذه المواضيع التي أصبحت روتينية في المجتمع. 

من خلال استخدامه لعبارة ""حفظناها وربي"" وتعابير مثل ""ما عاد نبي نقود ولا هلل""، يتضح أن الكاتب يعبر عن رغبته في الانتقال من هذا النوع من النقاشات وعدم الرغبة في العودة إليها مرة أخرى. 

بشكل عام، يعبر الكاتب عن موقفه الساخر والمتهكم تجاه النقاشات المتكررة حول قيادة المرأة في السعودية، مع الحفاظ على نبرة عاطفية تعبر عن عدم اهتمامه بهذه المواضيع.",Against
130,775,729647125219442688,Women Driving,Against,Against,False,"The writer is expressing frustration and disdain towards the idea of women in Saudi Arabia being allowed to drive. The repetition of the hashtag ""لن_تقودي"" emphasizes their opposition to the change in policy. The tone is mocking and dismissive, reflecting a sense of annoyance with the suggestion that women might one day be able to drive.",Against
131,776,740687900535345152,Women Driving,Against,Against,False,"The writer is using the phrase ""سنسوق_فوق_خشومكم"" in a defiant and dismissive manner, expressing their strong resolve to drive despite any objections. The tone here is celebratory and mocking, as if they are challenging anyone who might raise objections, including family members like their father, brother, or husband. The writer is emphasizing that they have the courage and determination to drive, even if others disapprove.",Against
132,777,724697469997723649,Women Driving,Against,Against,False,الكاتب هنا يستخدم الهاشتاغ #لن_تقودي، وهو شعار مرتبط بحظر قيادة النساء في السعودية قبل عام 2018. التغريدة تبدو وكأنها تعليق على الشعار، ولكن بنبرة مرحة وساخرة. الكاتب يستخدم الرموز التعبيرية (😁😁😁😁😁) التي تعبر عن الضحك والابتسامة بكثرة، مما يشير إلى أن الكاتب يستخدم الشعار بطريقة مرحة وساخرة. ربما يكون الكاتب يسخر من الشعار أو يمزح بشأنه، مما يعكس نوعًا من التحدي أو السخرية من الحظر الذي تم رفعه في عام 2018.,Against
133,778,1004521068466442240,Women Driving,Favor,Against,True,"الكاتب هنا يستخدم أسلوب السخرية والاستهزاء لمناقشة قضية قيادة المرأة في المملكة العربية السعودية. العبارة ""في ناس يزهبون العصابة قبل الفلقة"" تعني أن هناك أشخاصًا يبدؤون في التخطيط لشيء ما قبل أن يحتاجوا إليه فعليًا. الكاتب يستخدم هذا التعبير ليشير إلى أن بعض الناس قد يكونون يخططون لحظر قيادة النساء قبل أن تتضح الصورة بشكل كامل.

السؤال المطروح في التغريدة هو ""طيب لو كانت منقبة شلون بيتعرفون على هويتها .. طيب الشرطي يوقفها ؟ طيب بتدخل قسم التوقيف ؟ بلا بلا بلا""، وهو يعكس سخرية الكاتب من تعقيدات النقاش حول قيادة المرأة في المملكة. الكاتب يريد أن يشير إلى أن النقاش حول هذه القضية يجب أن يكون أكثر جدية وألا يكون مبنيًا على افتراضات غير ضرورية.",Favor
134,779,1005921299561111552,Women Driving,Favor,Favor,False,"The writer is expressing their gratitude towards the King of Saudi Arabia, King Salman, for championing the right of women to drive in the country. The tone of the tweet is celebratory and grateful, as the writer thanks the King for his achievement. The hashtag ""#الملك_ينتصر_لقيادة_المرأة"" (the King champions women's driving) is included to highlight that the decree is a royal initiative or achievement. The use of the hashtag and the mention of the King in the tweet does not necessarily indicate approval or disapproval of the decree itself, but rather the writer's emotional response of appreciation and gratitude for the change.",Favor
135,780,1010672624945508352,Women Driving,Favor,Favor,False,"الكاتب هنا يستخدم الوسم #المراه_السعوديه_تسوق للاحتفال بقرار السماح للنساء بقيادة السيارات في السعودية. التغريدة تبدأ بعبارة ""الف مبروك لنا ولكل السعوديات""، وهي تعبير عن الفرح والاحتفال بهذا الحدث. ثم يضيف الكاتب ""توكلي وانطلقي""، وهي عبارة تعني ""ثقي وانطلقي""، وهي دعوة للنساء بالثقة في قدرتهن على القيادة والانطلاق في هذا المجال الجديد. 

العبارة ""😝🙏🏻"" تتضمن تعبيرات وجهية تعبر عن الفرح والامتنان، مما يعزز من الشعور الإيجابي الذي يحاول الكاتب نقله.",Favor
136,781,724700183427190784,Women Driving,Against,Against,False,"الكاتب يعبر عن إحباطه واستيائه من مجلس الشورى بسبب مناقشته المستمرة لموضوع قيادة المرأة، الذي يعتبره الكاتب موضوعاً محسوماً. الكاتب يستخدم السخرية في قوله ""ارجعو ابحثو في مواضيع اهم من السواقه"" للتعبير عن أن مجلس الشورى يضيع وقته في مناقشة أمور غير مهمة. التغريدة مليئة بالاستياء والتذمر، حيث يطلب الكاتب من مجلس الشورى التوقف عن مناقشة هذه القضية والتركيز على قضايا أكثر أهمية أو الاستقالة.",Against
137,782,729609993603911680,Women Driving,Against,Against,False,الكاتب يستخدم هذه التغريدة بطريقة ساخرة وغير محترمة، حيث يقترح أن المرأة يمكن أن تذهب مع رجل هندي عازب أو تتعرض للجلد في السعودية بدلاً من قيادة السيارة. التغريدة تحمل نبرة تحدي واستهزاء تجاه القوانين التي منعت النساء من القيادة في المملكة.,Against
138,783,724718819365756928,Women Driving,Favor,Favor,False,"في هذه التغريدة، يعبر الكاتب عن استياءه وغضبه تجاه بعض الأفراد في المجتمع الذين يرى أنهم يروجون للصور النمطية السلبية عن المرأة. يستخدم الكاتب لغة قوية ومهينة لوصف هؤلاء الأفراد بأنهم ""بهايم متخلفين"" و""مجتمع مريض"". الهدف من هذه التغريدة هو الاحتجاج على المواقف الرجعية التي تعيق تقدم المرأة وتمنعها من ممارسة حقوقها الأساسية مثل حق القيادة.

التغريدة تعبر عن موقف متشائم ومتحامل تجاه بعض الأفراد في المجتمع الذين يعارضون حقوق المرأة، وهذا يعكس استياء الكاتب من هذه المواقف.",Favor
139,784,703141378180542464,Women Driving,Favor,Favor,False,"التغريدة تعني أن الكاتب يعبر عن أمنيته في أن يصدر قرار يسمح للموظفات بقيادة السيارات في المملكة العربية السعودية، ويشير إلى أن الأغلبية ترفض ذلك بينما يرون أن ركوب بناتهم مع سائقين أجانب أمر طبيعي. الكاتب يستخدم السخرية في قوله ""😂"" للتعبير عن دهشته أو عدم تصديقه للواقع الاجتماعي الحالي.",Favor
140,785,1010673725656662017,Women Driving,Against,Against,False,"The writer is expressing concern about the potential dangers and negative consequences that may arise from Saudi women driving. They are worried about women who do not adhere to traffic and safety regulations, as well as those who drive without a valid driver's license and lack the necessary driving skills. The writer prays for protection and asks for divine guidance and wisdom to navigate these new societal changes.",Against
141,786,1010672056684433408,Women Driving,Favor,Favor,False,"The literal meaning of this tweet is that the user is expressing gratitude towards King Salman and the security forces for permitting women to drive, a decision that came into effect in June 2018. The user is using the hashtag #المراه_السعوديه_تسوق, which translates to ""the Saudi woman drives,"" to celebrate this milestone. The tone of the tweet is celebratory, and the user is expressing appreciation for the efforts and decisions made by the King and the security forces. The user also mentions ""سبحان الذي سخر لنا هذا وما كنا بمقرنين 🙏,"" which is a phrase often used in the Saudi Arabic dialect to show gratitude and reliance on God for blessings and protection.",Favor
142,787,912828561869991936,Women Driving,Against,Against,False,"الكاتب هنا يستخدم السخرية للتعبير عن موقف معين. في التغريدة، يستخدم الكاتب الوسم ""#السماح_بقيادة_المرأة"" بطريقة ساخرة. العبارة ""ههههههههههههههههههههه"" تعبر عن الضحك الساخر، مما يعني أن الكاتب يسخر من فكرة قيادة المرأة. ""ههههههههههههههههههههه"" يمكن أن تكون تعبيراً عن المبالغة في السخرية أو الاستهزاء. 

الجزء الثاني من التغريدة ""وكمان تكون مستعجلة"" يشير إلى أن الكاتب يسخر من فكرة أن المرأة تقود بسرعة زائدة. ""هى خذلك رباط صليبي"" هو تعبير عام يستخدم في اللهجات المحلية في المملكة العربية السعودية للإشارة إلى الإصابة. الكاتب هنا يستخدمه بطريقة ساخرة للإيحاء بأن المرأة ستصاب بإصابة بسبب قيادتها السريعة، مما يعزز من السخرية في التغريدة.

بشكل عام، الكاتب يستخدم السخرية في التغريدة للتعبير عن رأيه بطريقة ساخرة ومتهكمة حول قرار السماح للنساء بقيادة السيارات في المملكة العربية السعودية.",Against
143,788,746933561907945473,Women Driving,Against,Against,False,"في هذه التغريدة، يستخدم الكاتب تعبيرًا ساخرًا ومباشرًا في الوقت نفسه. الكاتب يقول بشكل ساخر إن فكرة القيادة لم تخطر بباله من الأساس، مما يشير إلى أنه لا يشعر بأي رغبة في تعلم القيادة. بالإضافة إلى ذلك، يستخدم الكاتب تعبير ""المطافيق كثير"" للإشارة إلى أن هناك الكثير من الناس الذين لا يقودون السيارات، مما يعزز فكرة أن القيادة ليست ضرورة أو مهمة. 

تعبير ""من قال اني ابي اسوق اصلا"" يوحي بأن الكاتب لم يفكر في القيادة على الإطلاق، حتى وإن كانت هناك حاجة لذلك. ومن خلال استخدام الوسم #لن_تقودي، يعبر الكاتب عن دعمه للحملة التي تسعى لمنع النساء من القيادة في السعودية.",Against
144,789,739905909682515968,Women Driving,Against,Against,False,الكاتب هنا يستخدم تعبيرًا متكررًا مع هاشتاغ #لن_تقودي ليعبر عن رفضه للسماح للنساء بقيادة السيارات في المملكة العربية السعودية، والتي كانت محظورة حتى عام 2018. التغريدة تحمل نبرة تحدي وتأكيد على هذا الموقف.,Against
145,790,881661686146531328,Women Driving,Favor,Favor,False,الكاتب هنا يستخدم السخرية للتعبير عن شعوره تجاه الرجال الذين يبقون في المنزل طوال الوقت. يقصد الكاتب أن هؤلاء الرجال ربما يشعرون بالملل والكسل، ويقارن بين حالتهم وما سيكون عليه الوضع لو كان هو يقود السيارة. يستخدم الكاتب الوسم #لن_تقودي بشكل ساخر، مشيراً إلى أنه يعرف أن هناك معارضة كبيرة لسماح النساء بالقيادة في السعودية. الكاتب يظهر نوعاً من الاستياء وعدم الرضا تجاه الوضع الحالي.,Favor
146,791,722942737113190402,Women Driving,Against,Against,False,في هذه التغريدة، الكاتب يستخدم الوسم #لن_تقودي بطريقة ساخرة، مشيرًا إلى أن البنات بدوا يتخيلون أنهم سيقودون السيارات. هذا يعكس مشاعر السخرية من الفكرة التي يروجها البعض بأن النساء قادرات على القيادة.,Against
147,792,1010673119894364160,Women Driving,Favor,None,True,الكاتب يعبر عن إحباطه من تأخر شركات التأمين في فتح خدماتها، ويشير إلى أن سيارته مؤمنة منتهيًا، مما يعني أنه ليس لديه تأمين ساري المفعول لقيادة السيارة. يستخدم الكاتب السخرية في الحديث عن تأخر فتح شركات التأمين، ويشير إلى الوسم المراه_السعوديه_تسوق بروح من الفكاهة أو التحدي.,Favor
148,793,1011396619076538368,Women Driving,Favor,Against,True,"الكاتب هنا يتحدث عن موضوع قيادة المرأة السعودية للسيارات. الكاتب يستخدم العبارة ""هذا الي يقول"" بأسلوب ساخر ليشير إلى شخص ما يتحدث عن شيء معين دون أن يقوم به. في هذه الحالة، الشخص الذي يتحدث هو من يعارض قيادة المرأة للسيارات في السعودية.

التغريدة تحمل نبرة ساخرة ومتهكمة على الشخص الذي يعارض قيادة المرأة للسيارات، حيث يشير الكاتب إلى أن هذا الشخص نفسه لم يقم بالتبخير (إستخدام البخور) من قبل، لذا قد يحترق. هذه النبرة الساخرة تعكس موقف الكاتب من الأشخاص الذين يعارضون قيادة المرأة للسيارات، ويعبر عن استيائه من عدم دعمهم لهذه القضية.",Favor
149,794,989468259735961601,Women Driving,Favor,None,True,"في هذه التغريدة، الكاتب يتحدث عن تجربته الشخصية في قيادة السيارة لأول مرة. يستخدم الكاتب السخرية للتعبير عن صعوبة العملية، وخاصة في حال حدوث اصطدام في السيارة المجاورة. 

الكاتب يشير إلى أنه كان يقود السيارة ببطء شديد حتى وصل إلى نقطة الخروج، ثم كسر المقود. هذا يشير إلى أنه كان يحاول تجنب الاصطدام بالسيارات المجاورة. الكاتب يعبر عن شعوره بالارتياح بعد الخروج من الموقف.

الإحساس العام في التغريدة هو ""مبتهج"" أو ""سعيد"" بنجاحه في الخروج من الموقف الصعب، على الرغم من السخرية التي استخدمها في وصف تجربته.",Favor
150,795,1010672647896748034,Women Driving,Favor,Favor,False,"الكاتب هنا يعبر عن فرحته وسعادته بقيادة المرأة في المملكة العربية السعودية. يستخدم عبارة ""بِسْم الله نبدأ"" ليعلن عن بداية جديدة، ويشير إلى التغريدة الأولى له لهذا الحدث العظيم. يشكر الكاتب الله على هذا القرار العظيم، ثم يشكر خادم الحرمين الشريفين الملك سلمان على إصدار هذا القرار، وكذلك ولي العهد الأمير محمد بن سلمان على متابعته الحثيثة والمتفانية. كما يعبر عن حبه وامتنانه بهذه الرموز التعبيرية: ❤️👏🏽، مما يعكس حماسه وسعادته بهذا التغيير الكبير في المجتمع السعودي.",Favor
151,796,1011017972046016518,Women Driving,Against,Against,False,الكاتب هنا يستخدم السخرية بطريقة خفيفة الظل للتعبير عن استيائه من تكرار الحوادث بين النساء السعوديات اللاتي يقدن السيارات. التغريدة تحتوي على رموز تعبيرية (😂😂) التي تشير إلى الضحك والمرح، لكن الكاتب يستخدم هذه الرموز للتعبير عن السخرية من تكرار الحوادث وكأنها لعبة. الكاتب لا يوافق على تكرار الحوادث، بل يعبر عن استيائه منها بطريقة مرحة.,Against
152,797,965185320282095616,Women Driving,Against,Against,False,الكاتب هنا يستخدم الوسم #الملك_ينتصر_لقياده_المراه بشكل ساخر. القرار المشار إليه هو رفع الحظر عن قيادة النساء في المملكة العربية السعودية، والذي صدر عن الملك سلمان بن عبدالعزيز. الكاتب يشير بشكل ساخر إلى أن القرار لا يشمل بنات قبيلة البقوم، مما يعكس أن الكاتب يرى أن القرار غير عادل أو مستبعد لبعض النساء. النبرة هنا ساخرة وتشعر بالإحباط، حيث يعبر الكاتب عن استيائه من عدم شمولية القرار للجميع.,Against
153,798,1011308200933675008,Women Driving,Favor,Favor,False,"الكاتب هنا يعبر عن سعادته البالغة وحماسها الكبير تجاه قرار السماح للنساء بقيادة السيارات في السعودية. يشعر الكاتب بالامتنان لله على هذه الفرصة التاريخية، حيث يصف هذا اليوم بأنه ""تاريخي"" ويعبر عن شعوره بالتحسن والانجاز الشخصي، مما يمنحه الشعور بأنه قادر على الاعتماد على نفسه دون الحاجة إلى الآخرين.

استخدام الرموز التعبيرية مثل 💜💜💜💜💁🏻‍♀️ يعبر عن الحب الكبير الذي يكنه الكاتب لهذه التغيرات الإيجابية، حيث أن كل رمز يمثل مشاعر مختلفة من الحب والدعم. الكاتب يشعر بأن هذا التغيير يمنحه الثقة والقدرة على تحقيق أهدافه الشخصية، مما يعزز شعوره بالفخر والانتماء الوطني.",Favor
154,799,1010671709903519744,Women Driving,Favor,Favor,False,"الكاتب هنا يستخدم تعبيراً عاطفياً للاحتفال بلحظة تاريخية، حيث يصف اللحظة بأنها ""طال انتظارها"". كما يبارك للمرأة السعودية الرجل السعودي على هذه الخطوة المهمة في حياتهم. يستخدم الكاتب الوسم #المراه_السعودي_تسوق للإشارة إلى القرار الذي اتخذ في يونيو 2018 الذي سمح للمرأة السعودية بقيادة السيارة لأول مرة. النبرة العامة للتغريدة إيجابية وتحتفل بالإنجاز، دون إظهار رأي شخصي حول الموضوع.",Favor
155,800,975136428203151360,Women Driving,Favor,Favor,False,"الكاتب يستخدم تلاعبًا بالكلمات في التغريدة، حيث يشير إلى حادثة معينة تتعلق بقيادة النساء في المملكة العربية السعودية، والتي تم السماح بها مؤخرًا من قبل الملك سلمان. الكاتب يستخدم السخرية والنبرة الفكاهية للإشارة إلى أن هذه القيادة تسببت في ""انقلاب"" أو تغيير في الوضع الاجتماعي أو السياسي. العبارة ""ارتحت لك يوم دقيتي اشارة"" تعني أن الكاتب مرتاح لأن المرأة قامت بشيء لم يكن مسموحًا به سابقًا، مما أدى إلى تغيير في الوضع.",Favor
156,801,1011017808388509696,Women Driving,Favor,Favor,False,الكاتب يعبر هنا عن دعم وتشجيع للفتاة السعودية من خلال التغريدة. يشير إلى أن الفتاة السعودية قادرة على القيادة والحفاظ على الحشمة والعفاف والحياء والحجاب. كما يوضح أن ما تقوم به الفتاة السعودية يمثل الفتاة المسلمة بشكل عام. يستخدم الكاتب هاشتاغ #المراه_السعوديه_تسوق لدعم القضية.,Favor
157,802,724696548999831557,Women Driving,Favor,Against,True,"الكاتب هنا يعبر عن مشاعر مختلطة من الأمل والثقة في أن الله سيختار لهم الطريق الصحيح. يستخدم الكاتب العبارة ""الله يريد بنا خير ويستر علينا"" ليشير إلى أنه يؤمن بأن الله يسعى لحمايتهم وتوجيههم نحو الصواب. 

بالنسبة لعبارة ""#لن_تقودي""، الكاتب يستخدمها بشكل ساخر أو متشكك. قد يكون الكاتب يشير إلى الحظر السابق على قيادة المرأة في المملكة العربية السعودية، لكنه يستخدم هذا الهاشتاغ بطريقة ساخرة أو مترددة، مما يشير إلى أن الكاتب قد لا يتفق تمامًا مع فكرة عدم السماح للنساء بالقيادة، ولكنه لا يزال يستخدم الهاشتاغ كجزء من الثقافة الاجتماعية المحيطة بهذا الموضوع.",Favor
158,803,729609080042573824,Women Driving,Against,Favor,True,"الكاتب هنا يستخدم السخرية من خلال استخدام الوسم #لن_تقودي، وهو الوسم الذي كان مرتبطًا بالحظر السابق على قيادة النساء في المملكة العربية السعودية. الجملة ""طيب ندري وش الجديد"" تُظهر استهزاءً بسيطًا، حيث أن الكاتب يشير إلى أن هذه المعلومة معروفة وليست جديدة. التعبير بـ ""نحزن"" (💔) يُظهر أن الكاتب يشعر بالحزن أو الإحباط من استمرار هذا الحظر.",Against
159,804,1010671299218362368,Women Driving,Favor,Favor,False,"الكاتب يعبر عن تجربته الشخصية في قيادة السيارة في الرياض منذ حوالي 10 سنوات، حيث كان يشعر بالقلق والازعاج من سلوك السائقين الآخرين الذين كانوا يلصقون بسيارته ويحاولون التواصل معه أثناء القيادة. استخدم الكاتب الفكاهة والسخرية عند ذكر أنه وضع ورقة على زجاج سيارته الخلفي مكتوب عليها ""السائق تحت التدريب"" وظلل سيارته لإخفاء هذه الحقيقة. الآن، ينصح الكاتب الفتيات بتجربة القيادة والاستفادة من هذه التجربة.",Favor
160,805,1011336271476805632,Women Driving,Against,Against,False,"الكاتب في هذه التغريدة يعبر عن قلقه الشديد حيال التغييرات الأخيرة التي سمحت للمرأة السعودية بقيادة السيارة. الكاتب يستخدم هذا الوسم (#المرأة_السعودية_تسوق) للإشارة إلى هذا الحدث التاريخي، ولكن في سياق التغريدة، يشير إلى التجاوزات والمخالفات التي يراها في المجتمع.

الكاتب يرى أن النساء يقودن السيارة بدون الالتزام بالضوابط الشرعية والآداب، مما يسبب فوضى وإثارة الجدل. في النهاية، الكاتب يعبر عن قلقه من أن هذه التغييرات قد تفتح باباً للشر ويدعو الله بالسلامة من هذه الفتن.",Against
161,806,811390159086387200,Women Driving,Against,Against,False,الكاتب يعبر عن إحباطه من ارتفاع أسعار البنزين في السعودية، ويستخدم السخرية ليشير إلى أن النساء في المملكة محظوظات بعدم السماح لهن بالقيادة بسبب الظروف الاقتصادية الصعبة التي يواجهها الشعب بسبب ارتفاع أسعار البنزين. التغريدة تحتوي على نبرة ساخرة ومتهكمة، حيث يتمنى الكاتب أن النساء لا يسعين للقيادة، وإلا كانوا سيتحملون نفس الصعوبات التي يواجهها الرجال في المملكة.,Against
162,807,1010670502145413120,Women Driving,Favor,Favor,False,"The writer is using the hashtag #لن_تقودي to make a point about the ban on women driving in Saudi Arabia, which is still in place. The phrase ""حتى على سطحه راضيه"" means ""even on the roof"" or ""anywhere"" as a sarcastic expression of willingness to drive, despite the restrictions. The writer is clearly frustrated and mocking the situation, emphasizing their desire to drive and the absurdity of the current restrictions.",Favor
163,808,724697761875107847,Women Driving,Favor,Favor,False,الكاتب هنا يستخدم السخرية ليقارن بين تكاليف النقل في المملكة العربية السعودية لو كانت النساء لا يقدن السيارات. يتحدث عن أن الناس في المملكة يضطرون لدفع مبالغ كبيرة للسائقين، والتي يمكن أن تصل إلى ربع مليون ريال أو نصف مليون ريال خلال عشر أو عشرين سنة. هذه المبالغ الكبيرة التي تضيع على السائقين تعكس التفاوت الاقتصادي في المملكة، حيث أن النساء لا يقدن السيارات.,Favor
164,809,842807529889546245,Women Driving,Favor,Against,True,"The tweet, ""الله يأخذ الحاجه. #قياده_المراه_السعوديه,"" literally means that ""God takes the need."" The phrase is often used to express relief or contentment, indicating that something desired has been granted or that the speaker is happy about an achievement. In this context, the writer seems to be expressing satisfaction and relief that the long-awaited allowance for Saudi women to drive has now been granted. The tone of the tweet is celebratory and positive, reflecting the writer's joy and gratitude.",Favor
165,810,729601290586689536,Women Driving,Against,Against,False,"The writer of the tweet is expressing sarcasm towards the #MBC_تحرض_علي_قياده_المراه hashtag, which translates to ""MBC incites women's driving."" The writer is implying that whether MBC is inciting women to drive or not, it doesn't really matter because no one is paying attention. The hashtag #لن_تقودي, which means ""you will not drive,"" also appears in the tweet, likely referencing the pre-2018 ban on women driving in Saudi Arabia. The writer's tone is sarcastic and dismissive, indicating a lack of concern for the issue being raised by MBC.",Against
166,811,724991760385056768,Women Driving,Against,Against,False,الكاتب يستخدم هاشتاغ #لن_تقودي في سياق فكاهي وساخر. التغريدة تشير إلى أن المرأة إذا سمح لها بالقيادة في المملكة، فإن استخدام البنزين سيتغير بحيث يتم تخزينه في أكياس الفريزر ويبيعونه عبر إنستقرام. هذا يعكس روح الدعابة والسخرية التي قد تكون مرتبطة بالظروف التي كانت تواجهها النساء قبل السماح لهن بالقيادة.,Against
167,812,1009482089094402051,Women Driving,Against,Against,False,الكاتب هنا يستخدم السخرية للتعبير عن استيائه من أسعار رخصة المرأة في السعودية. يعبر عن استغرابه من أن الناس يواجهون صعوبة في تدبير أمورهم المالية باستخدام رواتبهم بينما يدفعون مبالغ مبالغ فيها لرخصة المرأة. التغريدة تحمل نبرة استهجان وشعور بالإحباط من هذا التفاوت في الأسعار.,Against
168,813,1011022896335151107,Women Driving,Against,Favor,True,"الكاتب هنا يستخدم لهجة ساخرة، حيث يشير إلى أن المجتمع أصبح مرهقًا من موضوع قيادة المرأة للسيارة في السعودية. التغريدة تبدو وكأنها تعبر عن إحباط الكاتب من كثرة الحديث حول هذا الموضوع وكأنه أصبح ""موضة"" أو ""تجربة"" للمجتمع. استخدام عبارة ""امتحنتونا"" يوحي بأن الكاتب يشعر بأن المجتمع قد أصبح ""مختبرًا"" لهذا التغيير الاجتماعي، مما يعكس شعوره بالإرهاق من النقاشات المستمرة.",Against
169,814,724711547990364161,Women Driving,Favor,Favor,False,الكاتب هنا يستخدم السخرية بشكل واضح. هو يشير إلى الأشخاص الذين عارضوا السماح للنساء بالقيادة في المملكة العربية السعودية، وهم نفسهم الذين كانوا يعارضون الدشوش وجوالات الكاميرا. الكاتب يسخر منهم لأنهم لم يتغيروا في آرائهم على مر الزمن. الكاتب يستخدم الوسم #لن_تقودي للإشارة إلى حملة معارضة قيادة المرأة للسيارة.,Favor
170,815,1010671615938629633,Women Driving,Favor,Favor,False,"The literal meaning beneath the surface of this tweet is that the writer is expressing joy and excitement about a significant event related to Saudi women's driving. The phrase ""قشعر الف مبروك لنا"" translates to ""I feel a thousand congratulations to us,"" suggesting a sense of accomplishment and pride. The emotional tone is celebratory, and the use of multiple heart emojis (😭💕💕💕💕) further emphasizes the writer's emotional response. The hashtags #قيادة_المرأة_السعودية and #قيادة_المرأة provide context that the event being celebrated is women gaining the right to drive in Saudi Arabia, but the writer's tone is one of happiness and celebration rather than a neutral factual summary.",Favor
171,816,1010671702437752832,Women Driving,Against,Against,False,الكاتب يعبر عن مشاعر الإحراج والخجل من طريقة احتفال النساء السعوديات بالسماح لهن بالقيادة. يعتقد الكاتب أن الاحتفال كان مبالغاً فيه وأن الجميع لاحظ ذلك، مما يعكس خيبة أمل وإحباط من أن الناس أصبحوا على علم بهذا الحدث.,Against
172,817,729638138591719424,Women Driving,Favor,Against,True,"الكاتب يستخدم الهاشتاج #لن_تقودي بشكل ساخر، مما يعكس أنه لا يرى أهمية في هذا الحظر الذي فرض على النساء في المملكة العربية السعودية قبل عام 2018. السخرية تظهر من خلال استخدام عبارة ""هي #لن_تقودي"" التي تشير إلى أن القيادة ليست شيئًا يستحق الاهتمام في نظره.",Favor
173,818,729630781279223808,Women Driving,Against,Against,False,"الكاتب هنا يستخدم السخرية بشكل واضح، حيث يتحدث عن شخص معين يدعى ""أنت""، ويشير إلى أنه يعرف هذا الشخص جيداً ويثق به. ثم يذكر أن هذا الشخص هو من يقوم بتوصيله إلى المكان الذي يريد الذهاب إليه في السيارة. 

الكاتب يستخدم العبارة ""جاهز"" بطريقة ساخرة للإشارة إلى أن هذا الشخص مستعد دائماً للمساعدة، لكنه في نفس الوقت يسخر من هذا السلوك. بالإضافة إلى ذلك، يستخدم الكاتب الوسم #لن_تقودي، الذي يعني ""لن تقود""، ليشير إلى الحظر السابق على قيادة النساء في السعودية، مما يضفي على التغريدة طابعاً سخرية من هذا الحظر.

بهذا الشكل، يمكن فهم أن الكاتب يستخدم السخرية للإشارة إلى الثقة الزائدة في هذا الشخص والاعتماد عليه بشكل كبير، مما يعكس نوعاً من التهكم على هذا الاعتماد.",Against
174,819,912829121608028160,Women Driving,Favor,Favor,False,الكاتب هنا يستخدم صيغة شكر مباشرة للملك سلمان وولي عهده محمد بن سلمان. التغريدة تبدو كأنها احتفال أو تعبير عن الامتنان للقرار الملكي الذي يسمح للنساء بقيادة السيارات. الكاتب يشكر الملك سلمان على دعمه للقرار، ويشكر ولي العهد محمد بن سلمان على دوره في تنفيذ هذا القرار.,Favor
175,820,724711590587686920,Women Driving,Favor,Favor,False,"الكاتب هنا يستخدم عبارة ""الضرورات تبيح المحظورات"" بمعنى أن الحاجة الكبيرة للقيادة للنساء في السعودية يمكن أن تبرر كسر الحظر المفروض على قيادة النساء، رغم أن هذا الأمر كان محظورًا في السابق. الكاتب يشير إلى أن النساء اللواتي يحتجن بشكل ملح للقيادة يجب أن يسمح لهن بذلك تحت شروط وضوابط محددة، ويؤكد أن هذه الضرورة ليست مجرد ترف أو رغبة شخصية. استخدام الوسم ""#لن_تقودي"" يشير إلى أن الكاتب يتفق مع الحركة التي تدعو إلى رفع الحظر عن قيادة النساء في السعودية، ولكنه يوضح أن السماح بالقيادة يجب أن يكون مشروطًا بضوابط محددة لضمان السلامة والنظام.",Favor
176,821,724698370212802561,Women Driving,Favor,Against,True,"الكاتب هنا يستخدم السخرية والتهديد بشكل ساخر. هو يقول أن قيادة النساء للسيارات ""لن_تقودي"" قد تؤدي إلى حوادث، ولكن بطريقة فكاهية، وكأنه يقول إن الحوادث ستحدث بغض النظر عن قيادة النساء للسيارات، مما يعني أن الكاتب يسخر من فكرة الحظر ومن الحظر نفسه.",Favor
177,822,1010670609746022402,Women Driving,Favor,Against,True,"الكاتب يستخدم وسم #لن_تقودي بطريقة ساخرة للتعبير عن الإحباط أو السخرية من استمرار الحظر على قيادة المرأة للسيارة في المملكة العربية السعودية. تعبير ""باقي عايشين"" يعني أن الناس لا يزالون يعيشون في ظل هذا الحظر، بينما تعبيرات الضحك (🤣🤣🤣🤣) تعكس سخرية الكاتب من الوضع.",Favor
178,823,1010668482348879878,Women Driving,Favor,Favor,False,"الكاتب هنا يستخدم السخرية في تعليقه على موضوع قيادة المرأة في السعودية. من الواضح أن الكاتب يشعر بالإحباط من الضجة الإعلامية والتصفيق المبالغ فيه لهذا الحدث، ويشير إلى أن هذا الموضوع ليس بجديد وأنه يجب أن يتم التعامل معه بشكل عادي بدلاً من اعتباره حدثاً تاريخياً كبيراً.

التغريدة مكتوبة بلهجة ساخرة واضحة، حيث يستخدم الكاتب رموز تعبيرية مثل ""😶"" و ""🌚"" للتعبير عن عدم التصديق والسخرية من الضجة الإعلامية. الكاتب يعبر عن رأيه بأن قيادة المرأة ليست موضوعاً يستحق كل هذا الاهتمام، ويشير إلى أن السعودية هي آخر دولة تطبق هذا القرار، مما يعزز من نبرة السخرية في التغريدة.",Favor
179,824,1011391514340143104,Women Driving,Against,Against,False,الكاتب هنا يستخدم نهجًا ساخرًا في تغريدته. هو يلمح إلى أنه يجب على المرأة السعودية التي تقود السيارة أن تزيل مكياجها لكي تحميها من المتحرشين. التغريدة تحمل نغمة ساخرة بشكل واضح، حيث أن إزالة المكياج ليست وسيلة للحماية من المتحرشين. الكاتب يستخدم هذا الأسلوب الساخر ليبرز التناقض بين القوانين الحديثة التي تسمح للنساء بالقيادة وبين التقاليد الاجتماعية المحافظة، مما يعكس السخرية من هذه القوانين من منظور تقليدي.,Against
180,825,732747024395849728,Women Driving,Favor,Favor,False,الكاتب في هذه التغريدة يستخدم السخرية والتهديد في نفس الوقت. هو يهدد بشكل غير مباشر بأنه سيضع وسم #لن_تقودي في حالة قام بقيادة سيارته، مما يعني أنه سيظل متمسكًا بهذا الوسم مهما حدث. هذه التغريدة تعكس موقفًا ساخرًا ومتحديًا في الوقت نفسه، حيث يعبر عن استعداده لاستخدام الوسم بطريقة تثير استياء المعارضين.,Favor
181,826,1010672180437413889,Women Driving,Favor,Favor,False,"الكاتب يستخدم تعبير ""١٠/١٠"" ليشير إلى شيء ممتاز أو مثالي، وفي هذا السياق، يشير إلى قرار السماح للمرأة السعودية بالقيادة. استخدام الوسم #المرأة_السعودية_تسوق يعزز من هذا السياق، حيث يعبر الكاتب عن إعجابه بهذا الحدث التاريخي. النغمة العاطفية في التغريدة هي نغمة مبهجة ومرحة، حيث يعبر الكاتب عن سعادة وفرح بقرار السماح للمرأة بالقيادة في السعودية.",Favor
182,827,884746790192467969,Women Driving,Favor,Against,True,"The writer of this tweet is celebrating the fact that Saudi Arabia allowed women to drive, which was a significant milestone in the fight for women's rights. The phrase ""يا قرة عيني"" is a traditional Arabic expression that means ""my beloved"" or ""my jewel,"" and is used here in a celebratory and affectionate tone. The hashtag ""#لن_تقودي"" translates to ""you will not drive,"" which was a slogan associated with the pre-2018 ban on women driving in the country. The hashtag ""#اسقاط_الولاية"" translates to ""abolish guardianship,"" which refers to the separate Saudi male-guardianship system debate. The writer is using these hashtags to express their joy and support for the recent changes in Saudi Arabia that promote equality and freedom.",Favor
183,828,724704666982993920,Women Driving,Against,Against,False,"في هذه التغريدة، يتحدث الكاتب بشكل ساخر عن النساء اللواتي يحاولن القيادة في السعودية، حيث يشير إلى أن المجتمع لا يتقبل الفكرة. يستخدم الكاتب عبارات مثل ""المجتمع غير متقبل الفكرة"" و""المظلمومة المضطهدة"" للإشارة إلى أن هؤلاء النساء يواجهن صعوبات اجتماعية وثقافية في محاولتهن لتحقيق هذا الهدف. نبرة التغريدة تعبر عن إحباط الكاتب من عدم تقبل المجتمع لهذه الفكرة.",Against
184,829,1010671365479858177,Women Driving,Favor,Favor,False,"الكاتب هنا يستخدم عبارة ""أخيراً بعد طول انتظار"" بطريقة مرحة وساخرة، حيث يشير إلى أن السماح للمرأة السعودية بقيادة السيارة كان متوقعاً منذ فترة طويلة، ولكنه جاء أخيراً. استخدام رمز التعبير ""✌🏻"" يوحي بالارتياح والسعادة لتحقيق هذا الإنجاز. الهاشتاغ ""#المراه_السعوديه_تسوق"" يشير إلى حركة اجتماعية تدعم حقوق المرأة، والكاتب يستخدمه بطريقة فكاهية للتعبير عن دهشته وسعادته.",Favor
185,830,724727053954719744,Women Driving,Against,Against,False,"الكاتب يستخدم عبارة ""لن تقودي"" بشكل متكرر للتأكيد على رفضهم لفكرة قيادة المرأة في المملكة العربية السعودية، ويشير إلى أن الوضع الحالي لا يحتاج إلى مزيد من الزحام. نبرة الكاتب تعبر عن إحباط أو استياء من الوضع القائم، مع تلميح إلى أن الموضوع ليس جديدًا أو مفاجئًا بالنسبة لهم.",Against
186,831,724712557924200448,Women Driving,Favor,Favor,False,الكاتب هنا يستخدم سخرية وانتقادًا لاذعًا تجاه أولئك الذين يعتقدون أن السماح للمرأة بقيادة السيارة يعد أمرًا غير مناسب. يشير الكاتب إلى أن هؤلاء الأشخاص يعتبرون أن بقاء المرأة في المنزل مع سائق أجنبي هو الخيار الأفضل من قيادة السيارة بأنفسهم، ويصف هذا الرأي بالغباء الشديد. التغريدة تحمل نبرة ساخرة ومهينة تجاه هذه العقليات.,Favor
187,832,1010671274484527104,Women Driving,Favor,Favor,False,الكاتب يعبر عن امتنانه للملك سلمان وولي عهده على القرار الذي يمنح المرأة في السعودية حرية الاختيار. يشير إلى أنه على الرغم من أنه يفضل الجلوس في الخلف وإنجاز بعض المهام، إلا أنه يقدر القرار الذي يسمح له باختيار هذا النمط من الحياة. بالإضافة إلى ذلك، ينصح الكاتب السعوديات بتعلم القيادة لما لها من أهمية في الظروف الطارئة. يستخدم الكاتب لهجة احتفالية في تغريدته، حيث يظهر تقديره للقرار ويشجع النساء السعوديات على الاستفادة من هذا القرار.,Favor
188,833,1010147151362625536,Women Driving,Favor,Favor,False,"الكاتب هنا يستخدم السخرية للتعبير عن تغير الأحوال بشكل ملحوظ. في التغريدة، يشير الكاتب إلى التحول من وسم #لن_تقودي (أي ""لن تقود"")، الذي كان مرتبطًا بمنع قيادة المرأة للسيارة في السعودية قبل عام 2018، إلى وسم #ستقودي_والشعب_معك (أي ""ستقودين والشعب معك"").

التغريدة تبدو وكأنها تعكس حالة من الرضا أو التحدي تجاه التغيرات الاجتماعية، حيث أن الكاتب يظهر وكأنه يحتفل بهذا التغيير. استخدام كلمة ""سبحان مغير الأحوال"" يضفي نغمة من الدهشة والإعجاب بقدرة الله على تغيير الأمور، مما يعزز من الشعور بالفرح أو الرضا.",Favor
189,834,724722730654900224,Women Driving,Against,Against,False,"الكاتب يعبر في هذه التغريدة عن مشاعر الرفض أو اللامبالاة تجاه موضوع قيادة المرأة في المملكة العربية السعودية. كلمة ""مابي"" تعني ""لا أريد"" أو ""ليس لدي نية""، مما يشير إلى أن الكاتب ليس مهتمًا بقيادة النساء ولا يرى فائدة في ذلك. استخدام الهاشتاج #لن_تقودي يشير إلى استخدام ساخر أو استهزائي من قبل الكاتب، حيث أن هذا الهاشتاج مرتبط بحملة حظر القيادة للنساء. النبرة هنا تتسم باللامبالاة وربما حتى بالسخرية تجاه موضوع قيادة النساء في المملكة.",Against
190,835,724701598287572993,Women Driving,Against,Against,False,الكاتب يعبر عن استغرابه من الاهتمام الكبير الذي يولى لهذا الملف، في حين توجد العديد من القضايا الأخرى التي تحتاج إلى تسليط الضوء عليها. ويشير إلى أن هذا الاهتمام قد يكون مدفوعًا بعوامل اجتماعية أو ثقافية. في هذا السياق، الكاتب يبدو منزعجًا ومستاءً من التركيز المفرط على هذا الملف، بينما يتم تجاهل القضايا الأخرى التي تؤثر على المرأة.,Against
191,836,724748165866463232,Women Driving,Favor,Favor,False,"الكاتب يستخدم الوسم #لن_تقودي الذي كان مرتبطاً بمنع النساء من القيادة في السعودية قبل عام 2018، ولكنه يستخدمه بطريقة ساخرة للتعبير عن رفضهن لهذا الحظر. التغريدة تعني حرفياً ""لن تقودي"" وتعبر عن عدم الرضا عن القيود المفروضة على قيادة النساء. الكاتب يشير إلى أن النساء هن معززات مكرمات ولسن بحاجة لأن يكن ملكات، بل يرغبن فقط في القيادة. نبرة التغريدة تعبر عن تحدي واستياء من الوضع الحالي الذي يمنع النساء من القيادة.",Favor
192,837,793026896393101313,Women Driving,Favor,Against,True,"The literal meaning of this tweet, considering the context and tone, is that the person is expressing frustration and a sense of repetition regarding the debate over women's driving in Saudi Arabia. The hashtag ""#الشورى_يرفض_قيادة_المرأة"" refers to the Shura Council (Saudi consultative assembly) and their decisions or discussions about the driving ban for women. The phrase ""كم مره نقول"" translates to ""how many times do we say."" The writer is likely frustrated with the ongoing discussion and the need to reiterate the point that ""#لن_تقودي"" (you will not drive) is not a valid argument for the ban. The overall tone of the tweet is one of frustration and a desire for progress on this issue.",Favor
193,838,1011386322777509889,Women Driving,Favor,Favor,False,"الكاتب يعني حرفياً أن الجملة ""خلاص والله دريت إننا صرنا نقود صدق خلاص"" تعبر عن إحساسهم بالاندهاش والفخر بأنهم أصبحوا قادرين على قيادة السيارة بأنفسهم في المملكة العربية السعودية. استخدام علامات التغميق المزدوجة 👁️👁️ يعكس هذا الشعور بالاندهاش.",Favor
194,839,1011021078255284225,Women Driving,Favor,Against,True,الكاتب هنا يتحدث عن الرجال ويدعو الله لحمايتهم، ويشير إلى أن النساء في السعودية يستطعن الآن القيادة (#المراه_السعوديه_تسوق). التغريدة تحمل نبرة احتفالية وفرحة بهذا القرار، حيث يعبر الكاتب عن شكره لله على هذا الإنجاز الذي يعتبره خطوة مهمة في تمكين المرأة السعودية.,Favor
195,840,725042015050850308,Women Driving,Against,Against,False,"الكاتب هنا يعبر عن مشاعر إحباط أو قلق من خلال استخدام لغة ساخرة. الجملة الأولى ""مجتمعنا رافض"" تشير إلى أن المجتمع ليس مستعدًا أو موافقًا على السماح بقيادة المرأة، وهو موضوع أثار جدلاً واسعًا في المملكة العربية السعودية. استخدام الوسم #السماح_بقيادة_المرأة يؤكد على أهمية الموضوع ويظهر أن الكاتب يشير إلى القرار الرسمي الذي يسمح للنساء بالقيادة.

الجملة التالية ""إذا بغيتون وأنتم صاماين"" تعني ""إذا أردتم وأنتم صامتون""، وهي تعبير ساخر يستخدم للإشارة إلى أن المجتمع لا يريد التغيير أو التقدم. الكاتب هنا يلمح إلى أن المجتمع قد يكون متحفظًا جدًا أو مترددًا في قبول التغيير.",Against
196,841,994063923451191296,Women Driving,Favor,Favor,False,"الكاتب يستخدم عبارة ""بكره تزين الأيام"" بمعنى ""غدًا ستتحسن الأيام""، وهو تعبير يعبر عن التفاؤل بأن الحظر على قيادة النساء في السعودية سينتهي قريبًا. التغريدة تحتوي أيضًا على رمز تعبيري لشخصتين ترقصان، مما يعكس الاحتفال والتفاؤل.

أما بالنسبة للهاشتاغ #لن_تقودي، فهو يُستخدم بشكل ساخر أو تحديًا للإشارة إلى الحظر السابق على قيادة النساء في السعودية، حيث يُفترض أن الحظر سينتهي قريبًا.",Favor
197,842,724708982670151681,Women Driving,Favor,Favor,False,"The writer is addressing the topic of women driving in Saudi Arabia, specifically addressing those who argue that it would lead to more women needing to drive themselves, which they claim is not true in neighboring countries where women drive and still rely on house drivers. The writer uses a sarcastic tone to question the logic behind this argument.",Favor
198,843,902786684630302720,Women Driving,Against,Against,False,"الكاتب يستخدم السخرية هنا، حيث يصف النسويات اللواتي يفترض أنهن يدافعن عن حقوق المرأة بأنهن ""نسويات مأزومات أخلاقياً"". يبدو أن الكاتب يشير إلى أن هذه النسويات يتصرفن بطريقة تضر بمصلحتهن الخاصة بدلاً من العمل على تحقيق العدالة بين الرجل والمرأة. 

التغريدة تحمل نبرة ساخرة ومتهكمة، حيث يشير الكاتب إلى أن هذه النسويات لا يفهمن مصلحة المرأة الحقيقية وأنهن يتصرفن بطريقة مضرة بمصلحتهن الخاصة. الكاتب يستخدم الوسم #لن_تقودي، الذي كان مرتبطاً بحظر قيادة المرأة في السعودية قبل 2018، للإشارة إلى أن هؤلاء النسويات لا يرون الفائدة من قيادة المرأة.",Against
199,844,1010668958863765504,Women Driving,Against,Against,False,"The writer is discussing the recent permission for Saudi women to drive under the hashtag #المراه_السعوديه_تسوق (the Saudi woman drives). However, the writer seems to be mocking the idea of women in Saudi Arabia dressing up and putting makeup and wearing bright colors like they would in a circus show, even though they are allowed to drive. The writer is using a humorous tone to criticize how women are dressing up in an exaggerated way, as if they are performing in a circus.",Against
200,845,723773119530438656,Women Driving,Favor,Favor,False,"الكاتب هنا يستخدم الهاشتاج #اذا_سقنا والذي يعني ""إذا قدنا"". التغريدة تعبر عن موقف تحدي وسخرية من الحظر السابق على قيادة النساء في المملكة العربية السعودية. الكاتب يتخيل نفسه يقود السيارة بالرغم من اعتراض الرجال، مستخدمًا تعبير ""دعس"" للإشارة إلى القيادة بسرعة وقوة. التغريدة تحمل نبرة مزاح وسخرية، تعكس موقفًا مرحًا ومستفزًا تجاه الحظر الذي تم إلغاؤه مؤخرًا.",Favor
201,846,1010670020530188289,Women Driving,Favor,Favor,False,"الكاتب هنا يستخدم السخرية والتهديد بشكل خفي، ولكنه يعبر عن فرحته وسعادته بالسماح للمرأة السعودية بقيادة السيارة. يشعر بالفرح للاحتفال بهذه اللحظة التي تمثل انتصاراً للمرأة السعودية. 

التغريدة تحمل نبرة احتفالية ومزيجاً من السخرية والتهديد لمن يحاول التقليل من هذا القرار. الكاتب يستخدم السخرية في قوله ""اللي بسمّعكم كلمة استهزاء"" ثم يتبعها بتهديد غير مباشر باستخدام كلمة ""اضربوا"" في إشارة إلى ضرب سيارة الشخص الذي يسخر منهم.

#المراه_السعوديه_تسوق هو الهاشتاق المستخدم للإشارة إلى السماح للمرأة بالقيادة في السعودية.",Favor
202,847,729663701469544448,Women Driving,Against,Against,False,"الكاتب هنا يستخدم الهاشتاغ #لن_تقودي (لن_تقودي: لن تقودي) في سياق تعبيري لتأكيد رفضهم لفكرة قيادة المرأة في السعودية. العبارة ""ولن تقودي بإذن الله"" تعكس تأكيد الكاتب على هذا الرفض بشكل قوي. النبرة هنا احتفالية ومتحدية، حيث يعبر الكاتب عن قناعته بأن القيادة لن تحدث مهما كانت الضغوط.",Against
203,848,683370958963535872,Women Driving,Against,Against,False,"الكاتب هنا يستخدم السخرية والتهكم بطريقة ساخرة. هو يتحدث عن تصرفات معينة يعتقد أنها تهدف للفت الانتباه وإثارة الحديث عنه. ويضيف تعليقًا ساخرًا يقول ""بس ليتك حددتي من تترحمين عليه عشان نعرف"" مما يعني أنه يريدها أن تحدد من تتحدث عنه حتى يعرف الجميع من المقصود. كما أنه يستخدم الهاشتاق #لن_تقودي الذي يشير إلى منع النساء من القيادة في السعودية قبل عام 2018، مما يبرز السخرية من الوضع الحالي.",Against
204,849,1011018128892022785,Women Driving,None,None,False,الكاتب يعبر عن فضوله واستغرابه بشأن موقف هيئة كبار العلماء تجاه قرار قيادة المرأة السعودية. يشير الكاتب إلى أن الهيئة أعلنت أن هناك من أيد القرار وهناك من اعترض عليه. كما يسأل عن الأسس التي اعتمد عليها كل فريق في مواقفهم، ويطلب معرفة عدد المعترضين وعدد المؤيدين.,None
205,850,724714560653955072,Women Driving,Against,Against,False,الكاتب يستخدم تعبيرًا ساخرًا ومتهكمًا في هذه التغريدة. هو يتحدث عن النساء اللواتي يركبن السيارة ويتركن الرجل هو الذي يقود السيارة، ويتساءل عن حال الأمور إذا قررت المرأة القيادة بنفسها. يستخدم الكاتب أسلوبًا غير مباشر لإيصال فكرته، مما يعكس موقفًا ساخرًا أو متشككًا تجاه النساء اللواتي يقودن. الهاشتاج #لن_تقودي يشير إلى الحركة التي كانت تعارض قيادة النساء للسيارات في السعودية قبل أن يتم السماح لهن بذلك في عام 2018.,Against
206,851,1011306757799362571,Women Driving,Favor,Favor,False,"في هذا التغريدة، يعبر الكاتب عن مشاعر الفرح والاحتفال بقرار السماح للمرأة السعودية بقيادة السيارة. يستخدم الكاتب العبارة ""اليوم نكتب تاريخاً جديداً""، والتي تعني أنه اليوم سيتم إنشاء صفحة جديدة في تاريخ المملكة. كما يعبر الكاتب عن تهانيه لأمهاتهن وأخواتهن وزوجاتهن وبناتهن، مما يدل على دعمه لهذا القرار وتقديره للمرأة في المجتمع السعودي.

بالنسبة للهاشتاغ #المراه_السعوديه_تقود_السياره، فإن استخدام الكاتب لهذا الهاشتاغ هو احتفال بهذا القرار وليس سخرية أو رفض.",Favor
207,852,1010018743945064449,Women Driving,Favor,Favor,False,"The writer is expressing a sense of mocking frustration towards the hashtag #ستقودي_والشعب_معك. They are using the phrase ""ماشاءالله"" to highlight the hypocrisy of those who now support women driving after years of opposing the ban. The writer sarcastically mentions ""وسم #لن_تقودي"" and ""الله يخلي ابو فهد بسسسسس"" to emphasize their skepticism about the change, implying a sense of relief that the ban is lifted. The use of 😉😂 suggests a lighthearted, playful tone, but the underlying message is one of annoyance and irony.",Favor
208,853,724733181920972800,Women Driving,Favor,Favor,False,"الكاتب هنا يستخدم الوسم #لن_تقودي بطريقة ساخرة. هو يشير إلى أن النساء في السعودية سيقمن بقيادة السيارات على الرغم من أن بعض الأشخاص لا يوافقون على ذلك. الكاتب يستخدم عبارة ""رغم أنف التزمت وأنوف المتزمتين"" للتعبير عن السخرية من الأشخاص الذين يعارضون قيادة المرأة للسيارة. كما أن الكاتب متفائل بالمستقبل ويشير إلى أن السعودية تعيش في عهد التحول، مما يعني أن زمن القيود القديمة قد انتهى.",Favor
209,854,785443035714875392,Women Driving,Favor,Against,True,"The literal meaning of the tweet is that the speaker is addressing the Saudi government, particularly King Salman, urging him to allow women to drive. The hashtag #لن_تقودي is a reference to the pre-2018 ban on women driving in Saudi Arabia, and the phrase #بناتك_ياملكنا is a way of addressing the king as 'your daughters, our king'. The tone of the tweet is celebratory and defiant, as the speaker is advocating for a significant change in the country's laws and practices.",Favor
210,855,1010670426681499648,Women Driving,Favor,Favor,False,الكاتب هنا يستخدم الهاشتاغ #المرأة_السعودية_تسوق في تغريدة تعبر عن دعمه لفكرة أن المرأة السعودية بدأت بالسماح لها بقيادة السيارة، والتي تم السماح بها في يونيو 2018. في هذه التغريدة، الكاتب يعبر عن تمنياته بالتوفيق للجميع، لكنه يشير في نفس الوقت إلى أن بدايات هذه التغييرات ستكون صعبة على الجميع. نبرة الكاتب تبدو احتفالية وداعمة، لكنه في نفس الوقت يعترف بالتحديات التي قد تواجه الجميع في هذه المرحلة الجديدة.,Favor
211,856,1010668614037405697,Women Driving,None,Favor,True,"الكاتب هنا يستخدم الوسم #المراه_السعوديه_تسوق بطريقة خفيفة ومباشرة. هو يعبر عن سعادته الشخصية بعملية التسوق باستخدام تعبير ""انا تسووووق 😍"". هذا يعكس شعوراً إيجابياً وحماسياً تجاه التسوق بشكل عام، بغض النظر عن السياق الأوسع الذي يشير إليه الوسم.",None
212,857,1360120483119775744,Women Driving,Favor,None,True,"The tweet is written in a sarcastic tone and uses irony to highlight the double standards in Saudi society regarding women's driving and adherence to traffic rules. The writer seems to be frustrated by the societal pressure on women to conform to specific standards of beauty and behavior.

The tweet's literal meaning is as follows:

- The writer is sarcastically imagining a scenario where women are not wearing makeup and driving.
- The sarcasm is evident in the phrase ""عدم الالتزام بالمسار الصحيح يعرضك للخطر وللمخالفات المرورية"" (not adhering to the correct path puts you at risk of traffic violations).
- The writer is using hashtags #ين_حر (which refers to the controversial Saudi film industry) and #السمينه_ولا_النحيفه (fat women or skinny women) as ironic references to the societal pressure on women's appearance.
- The hashtag #المدرسة_السعودية_للقيادة (Saudi driving schools) is included to emphasize the availability of facilities for women to learn to drive post-decree.
- The hashtag #قياده_المرأه_السعودية (Saudi women's driving) is included as a general reference to the topic at hand.",Favor
213,858,1011329340670468096,Women Driving,Favor,Favor,False,الكاتب هنا يستخدم السخرية بشكل واضح. هو يقول إن الذين يشتكون من عدم رؤية النساء يقدن السيارات في الشوارع، عليهم الانتظار شهر فقط حتى تصدر رخص القيادة، وبعدها سيرون بأنفسهن كيف ستملأ النساء الشوارع بسياراتهن. استخدام الرموز التعبيرية (🤩❤️❤️❤️) في نهاية التغريدة يوحي بأن الكاتب سعيد ومتحمس لهذا التغيير. الهاشتاج #المراه_السعوديه_تسوق يضيف إلى السياق الثقافي ويجعل التغريدة مرتبطة بحركة السماح للنساء بقيادة السيارات في السعودية.,Favor
214,859,1010671230167474176,Women Driving,Favor,Favor,False,"الكاتب هنا يستخدم السخرية بشكل ساخر للإشارة إلى أن بطاقات الشحن، التي كانت وسيلة شائعة للشحن وإعادة شحن الهواتف المحمولة، قد استبدلتها الآن ضرورة تسديد المخالفات المرورية. استخدام الكاتب لعبارات مثل ""راح وقت"" و""جاء وقت"" يعكس شعوراً بالارتياح أو حتى الفرح لأنه لم يعد بحاجة إلى شراء بطاقات الشحن. هذه السخرية تبرز بشكل خاص مع استخدام وسم #المراه_السعوديه_تسوق، الذي يُستخدم للاحتفال بالسماح للنساء في المملكة العربية السعودية بقيادة السيارة. الكاتب هنا يمزج بين السخرية والاحتفال بطريقة تعكس مشاعر مختلطة من الارتياح وربما حتى الحماس.",Favor
215,860,726779201836179457,Women Driving,Against,Against,False,الكاتب يستخدم السخرية في هذا التغريدة. يقصد أن قيادة النساء هي شيء غير مهم ويمكن الاستغناء عنه، حيث أنه قادر على قيادة كل أفراد أسرته بنفسه ويفتخر بذلك. يشير إلى أن من يهتفون لصالح قيادة النساء هم في الحقيقة يسعون لاستغلال الفرصة. الكاتب يعبر عن ثقته في قدرته على حماية ورعاية أفراد أسرته دون الحاجة إلى القيادة، ويحذر من المتربصين الذين يريدون استغلال هذه القضية.,Against
216,861,1010672372754640897,Women Driving,Favor,Favor,False,الكاتب هنا يستخدم السخرية بشكل واضح للتعبير عن دهشته من مدى أهمية الحدث الكبير، وهو السماح للمرأة السعودية بالقيادة، لدرجة أنهم نسوا الشكوى من الدوام. التغريدة تحمل نبرة سخرية خفيفة وتعكس شعور الكاتب بالدهشة من مدى تأثير هذا الحدث الكبير على حياتهم اليومية.,Favor
217,862,1011365552084922370,Women Driving,Against,Against,False,"الكاتب هنا يستخدم تعبيرًا ساخرًا للتعبير عن استيائه من الحماس الذي يظهره البعض تجاه النساء في السعودية وهن يقدن السيارة. يبدو أن الكاتب يسخر من هذا الحماس ويشير إلى أنه ليس بالأمر المهم أو يستحق كل هذا الاحتفال. الكلمة ""الحمدلله والشكر"" تُستخدم بطريقة ساخرة للتعبير عن الامتنان أو السخرية من الحدث.",Against
218,863,1010669922454855680,Women Driving,Favor,Favor,False,الكاتب في هذه التغريدة يستخدم لهجة ساخرة ومرحة. هو يشير إلى أن قيادة المرأة في السعودية أصبحت حقيقة واقعة، وأن هذا القرار قد وفر على الأسر ذات الدخل المحدود عبئًا ماليًا كبيرًا، حيث لم يعدوا بحاجة لدفع رواتب السائقين الوافدين. التغريدة توحي بأن الكاتب يرى في هذا القرار تغييرًا إيجابيًا، رغم أنه قد يكون مبالغًا فيه بعض الشيء.,Favor
219,864,1010669608641187841,Women Driving,Favor,Favor,False,"الكاتب هنا يستخدم لغة التهنئة والاحتفال، حيث يعبر عن فرحته وسعادته بمنح النساء السعوديات حق القيادة، وهو أمر كان محظورًا في الماضي. استخدام العبارة ""بنت وطني"" يضفي طابعًا وطنيًا على الموضوع ويبرز الفخر بأن النساء السعوديات قد حصلن على هذا الحق.

العبارة ""ألف مبروك"" تحمل نبرة احتفالية واضحة وتدل على مشاعر الفرح والسعادة. استخدام الجملة ""الحمد لله ان قدتي مركبتك في وطنك"" يعزز الفكرة بأن قيادة السيارة هي حق طبيعي للمرأة السعودية، مما يعني أنها تستحق هذا الإنجاز.

هاشتاق ""المراه_السعوديه_تسوق"" يعكس اللحظة التاريخية التي حدثت في يونيو 2018 عندما تم السماح للنساء السعوديات بالقيادة لأول مرة. الكاتب هنا يستخدم هذا الهاشتاق كجزء من تهانيه واحتفاله بهذا الحدث، مما يضفي سياقًا تاريخيًا على التغريدة.",Favor
220,865,796274366078156800,Women Driving,Favor,Against,True,"الكاتب هنا يستخدم عبارة ""يمكن تقود السياره مع زوجها او ولي أمرها في البر عن النفس فقط"" للتعبير عن موقف مؤيد لقيادة المرأة للسيارة في ظروف معينة، مثل القيادة في البر بصحبة الزوج أو ولي الأمر. لكن، تحت السطح، يمكن أن يكون الكاتب يسخر من الحظر السابق على قيادة المرأة للسيارة في السعودية، والذي كان يعتبر قيادة المرأة في البر مع محرمها نوعًا من الاستثناء. التغريدة تحمل نغمة تحدي وربما سخرية من القيود القديمة.",Favor
221,866,1010670147223343105,Women Driving,Favor,Against,True,"الكاتب يعبر عن شعوره بالإحباط والاستياء بسبب تجربته مع السلطات المرورية في المملكة العربية السعودية. الكاتب وجد نفسه متورطًا في مخالفة مرورية، على الرغم من أنه كان يوزع الورود في إطار دعم قرار السماح للمرأة بالقيادة (#المراه_السعوديه_تسوق). 

النغمة العاطفية في التغريدة هي نغمة من الاستياء وربما السخرية الخفيفة. الكاتب يستخدم عبارة ""مخالفة"" بطريقة ساخرة للإشارة إلى أن المخالفات لم تقتصر على الرجال فقط بل امتدت لتشمل النساء أيضًا.",Favor
222,867,1010671904422850560,Women Driving,Favor,Favor,False,"الكاتب يعبر عن حماسه وفخره بقرار السماح للمرأة السعودية بالقيادة باستخدام عبارة ""عاشّت بلادي"" والتي تحمل في طياتها سخرية مرحة من القيود التي كانت مفروضة في الماضي، حيث كان يُعتبر من المحرمات على النساء أن يقدن السيارات. 

عبارة ""10/10"" تعني أن الكاتب يرى أن القرار مثالي ويعبر عن رضا كامل. 

الوسم ""المرأة_السعودية_تسوق"" يشير إلى الحدث التاريخي في يونيو 2018 عندما سُمح للنساء بالقيادة لأول مرة في المملكة. 

الوسم ""قيادة_المراة_السعودية"" هو تأكيد على أن المرأة السعودية الآن قادرة على القيادة.

بشكل عام، الكاتب يستخدم هذه الوسوم ليعبر عن سعادته وفرحته بالقرار بطريقة مرحة وساخرة، مما يعكس موقفًا إيجابيًا تجاه الحدث.",Favor
223,868,1011025554571759618,Women Driving,Favor,Favor,False,الكاتب هنا يستخدم الهاشتاغ #المراه_السعودي_تقود_السياره بطريقة احتفالية ومبتهجة. التغريدة تعبر عن تشجيع ودعم لفكرة قيادة المرأة السعودية للسيارة، وتستخدم الرموز التعبيرية (💃🏻) للإشارة إلى أن هذا إنجاز يستحق الاحتفال.,Favor
224,869,1011328199010275330,Women Driving,Against,Favor,True,الكاتب هنا يستخدم السخرية في تغريدته، حيث يشير إلى أن النظام يعاقب من يتعرض للمرأة ويصوّرها أثناء قيادة السيارة، مما يعكس نوعًا من المبالغة في التعامل مع الموضوع. الإعلام يُتهم بالتضخيم والمبالغة في التغطية الإعلامية، مما يثير الفتنة في المجتمع. الكاتب يصف المجتمع السعودي بأنه محافظ، ويشير إلى أن المتبرجات الكاشفات لشعورهن يمثلن أنفسهن. في النهاية، يوجه تحية للمحجبة المحتشمة التي يفخر بها المجتمع السعودي المحافظ.,Against
225,870,1010672674027294723,Women Driving,Favor,Favor,False,"الكاتب هنا يستخدم السخرية للتعبير عن قلقه بشأن الطريقة التي يتعامل بها البعض مع قرار قيادة المرأة في السعودية. في التغريدة، الكاتب يشير إلى أن بعض الناس يأخذون قرار السماح للمرأة بالقيادة وكأنه أمر بسيط وممتع، لكنه يريد أن يوضح أن هذا القرار يحمل في طياته مسؤوليات كبيرة، خصوصاً في حالة الإعاقة أو الحاجة الماسة لسائق.

الكاتب يستخدم الرموز التعبيرية ""✋🏻"" للتأكيد على أن من يحاول التعرض لأي بنت في الشارع سيواجه عواقب قانونية صارمة. 

التغريدة تحمل نغمة ساخرة ومزيجاً من الفخر والتحذير. الكاتب يظهر فخراً بقرار السماح للمرأة بالقيادة لكنه يحذر من عدم أخذ المسؤوليات بجدية.",Favor
226,871,724697559382515712,Women Driving,Against,Against,False,"الكاتب هنا يستخدم السخرية والاستهزاء بشكل واضح. التغريدة تتحدث عن شخص يعتقد الكاتب أنه يجب أن ينشغل بقضايا أكثر أهمية بدلاً من الحديث عن قضية قيادة المرأة للسيارة. الكاتب يصف هذا الشخص بأنه ""خبلة"" ويستخدم عبارات مهينة مثل ""قلة أدب وحيا خبلة"". التغريدة تتبنى موقفاً سلبياً تجاه الشخص المذكور وتستخدم عبارات مهينة للتعبير عن ذلك.",Against
227,872,1009998092542906368,Women Driving,Favor,Against,True,"The tweet is filled with sarcastic humor, as the writer is pretending to be a man who, in a playful way, claims he would leave his car running while driving because leaving it idling is more important than the actual driving itself. The tone is joking and mocking, highlighting a common stereotype of men who don't take driving seriously. The hashtags #ستقودي_والشعب_معك and #قياده_المرأه_السعودية are used to align with the supportive stance towards women's driving in Saudi Arabia.",Favor
228,873,912827835391332357,Women Driving,Favor,Favor,False,في هذه التغريدة، يعبر الكاتب عن مشاعر الإحباط والنوم بسبب السهر، حيث يذكر أنه عادة ما ينام في هذا الوقت ولكنه لا يستطيع النوم الآن بعد قرار السماح للنساء بالقيادة. التغريدة تستخدم السخرية لإيصال الفكرة، حيث أن السهر والنوم في هذا الوقت غير معتاد بالنسبة للكاتب.,Favor
229,874,1009168001428545538,Women Driving,Against,Against,False,الكاتب يستخدم أسلوب السخرية والاستهزاء عندما يتحدث عن السماح للمرأة في السعودية بقيادة السيارة. هو يقصد أن يتوقعوا الكثير من الكوارث والمشاكل نتيجة لهذا القرار.,Against
230,875,1011025386652782593,Women Driving,Favor,Favor,False,الكاتب هنا يستخدم السخرية الخفيفة في تعبيراته. في الواقع، هو يعبر عن موقفه المحايد تجاه السماح للنساء بالقيادة في السعودية، ويشير إلى أنه لا يؤيد القرار ولا يعارضه. لكنه يستخدم كلمات تعبر عن الفرح والاحتفال بهذا القرار، مما يعكس شعوراً إيجابياً تجاه الحدث. التغريدة تتضمن أيضاً لهجة احتفالية ومزيجاً من الرموز التعبيرية (💜💜) التي تعكس الفرحة والسعادة. الكاتب يعبر عن التهاني للنساء السعوديات بهذا التمكين، مما يعكس موقفاً داعماً ولكنه في نفس الوقت ساخر.,Favor
231,876,724745300653514756,Women Driving,Against,Favor,True,"الكاتب يعبر عن إحباطه من القيود الاجتماعية التي تمنع المرأة من القيادة في السعودية. يستخدم السخرية في قوله ""مافي مشكلة في السواقة المراه المشكلة في المجتمع!"" ليشير إلى أن المجتمع هو السبب الرئيسي في عدم السماح للمرأة بالقيادة. الهاشتاغ #لن_تقودي يعبر عن معارضته لقرار السماح للمرأة بالقيادة، مما يعكس موقف الكاتب المعارض لهذا القرار.",Against
232,877,853471250668290048,Women Driving,Favor,Favor,False,الكاتب هنا يستخدم السخرية بطريقة غير مباشرة للتعبير عن رأيه حول حظر قيادة المرأة في السعودية. يقول الكاتب إن المشكلة ليست في القوانين نفسها، بل في أن بعض الناس يرفضون السماح لأخواتهم بالقيادة. يشير الكاتب إلى أن من يرفض السماح لأخواته بالقيادة يمكنه أن يترك هذا القرار للسائقين الأجانب. يستخدم الكاتب الوسم #لن_تقودي ليعبر عن رفضه لهذا الحظر بطريقة ساخرة، حيث يلمح إلى أن الذين يعارضون قيادة النساء هم فقط من يرفضونها.,Favor
233,878,1011010887187161088,Women Driving,Favor,Favor,False,الكاتب في هذه التغريدة يستخدم السخرية والإشارة إلى أن النساء في السعودية سيقدن السيارات قريبًا، في محاولة لإبراز أن المملكة تلحق بالدول الأخرى في السماح للنساء بقيادة السيارات.,Favor
234,879,724742977994821632,Women Driving,Against,Against,False,الكاتب يعبر عن شعور بالفخر والاعتزاز بالقيم والتقاليد في الثقافة السعودية، ويشير تحديداً إلى أن القيادة هي جزء من هذه القيم والتقاليد. التغريدة تحمل نبرة احتفالية وتعبيراً عن الفخر الوطني.,Against
235,880,1010673610716073984,Women Driving,Favor,Favor,False,"الكاتب هنا يبدو متحمساً ومبتهجاً، ويستخدم الرموز التعبيرية مثل ""👌"" و""🏻"" للتعبير عن فرحته. التغريدة تحمل نبرة احتفالية، حيث أن استخدام هذه الرموز يشير إلى الموافقة والرضا، مما يعني أن الكاتب سعيد بقرار السماح للمرأة السعودية بقيادة السيارة ويرحب بهذا التغيير.",Favor
236,881,1011349178298130433,Women Driving,Against,Against,False,الكاتب هنا يستخدم السخرية للتعبير عن إحباطه من قرار السماح للنساء بقيادة السيارات. هو يقول إن الناس يتحدثون كثيراً عن هذا الأمر وكأن الشعب السعودي كله ينتظر بفارغ الصبر قيادة النساء للسيارات، بينما الحقيقة أن نسبة قليلة فقط من النساء قد قدن السيارات من قبل. الكاتب يشير إلى أن هذا القرار لم يُقابل بالترحيب، مما يعكس شعوراً بالإحباط والرفض تجاهه.,Against
237,882,724761163154788352,Women Driving,Favor,Against,True,"الكاتب يعبر عن إحباطه من موضوع قيادة المرأة في السعودية، باستخدام السخرية والاتهام. يشير إلى أن مشكلة قيادة المرأة هي ""غباء"" قيادة وتشكيل الرأي العام. كما ينتقد المجتمع الذي يرفض قيادة المرأة ويصفها بكلمات مثل ""متحررة"" و""متمردة"".",Favor
238,883,724915436211556352,Women Driving,Against,Against,False,"The writer is expressing frustration and a touch of sarcasm about the ongoing debate over women's driving in Saudi Arabia. They are humorously mentioning their habit of speaking to themselves in English (presumably to avoid speaking in Arabic, which might imply a personal stance) due to the ongoing discussion. The use of the hashtag #لن_تقودى suggests a defiant stance against the idea of allowing women to drive, but the tone here is more about humor and frustration rather than a clear-cut stance.",Against
239,884,1010673752777076738,Women Driving,Favor,Favor,False,الكاتب يتمنى النجاح للسيدات في المملكة العربية السعودية في سياق حملة #المراه_السعوديه_تسوق. التغريدة تتضمن رموز تعبيرية للوردة الحمراء (🌹) ووجه مبتسم (👍🏼)، مما يعكس شعوراً إيجابياً ومبتهجاً. الكاتب يستخدم الوسم #المراه_السعوديه_تسوق للتعبير عن دعمه للقرار التاريخي الذي سمح للنساء بالقيادة في المملكة، والذي حدث في يونيو 2018.,Favor
240,885,734254963388493825,Women Driving,Favor,Favor,False,الكاتب يعبر عن إحباطه من الوضع الحالي في المملكة العربية السعودية، حيث يرى أن الجهود المبذولة لتحسين فرص العمل للنساء ليست جدية. الكاتب يشير إلى أن هناك اهتمامًا متزايدًا بحملة #لن_تقودي، التي كانت مرتبطة بمنع النساء من القيادة سابقًا. الكاتب ينتقد أن هذه الحملة تُستخدم فقط كوسيلة للاعتراض على القوانين، بينما لا تُبذل جهود حقيقية لتمكين النساء من الوصول إلى الفرص المتاحة.,Favor
241,886,724738296526561280,Women Driving,Favor,Favor,False,"الكاتب هنا يستخدم الهاشتاغ #لن_تقودي للتعبير عن موقفهم تجاه حظر قيادة المرأة في السعودية. في التغريدة، يعبر الكاتب عن تفاؤله بأن الحظر سيرفع في المستقبل. الكاتب يشير إلى أن القرار النهائي بشأن قيادة النساء يعود للمجتمع السعودي، سواء سمحوا لهن بالقيادة أو لم يسمحوا. الكاتب يعبر عن مشاعره من خلال استخدام لغة مرحة، حيث يختم التغريدة بكلمة ""شكرا"" كنوع من التحدي والإيجابية تجاه الوضع الحالي.",Favor
242,887,724917466800001025,Women Driving,Favor,Against,True,"في هذا التغريدة، يعبر الكاتب عن تحدي واستخفاف بقانون حظر قيادة المرأة للسيارة في السعودية باستخدام وسم #لن_تقودي. من خلال وضع كلمة ""الا انا ساقود"" (إلا أنا سأقود) جنبًا إلى جنب مع الوسم، يعبر الكاتب عن رفضهم لهذا الحظر ويعبرون عن رغبتهم في القيادة بأنفسهم بدلاً من السماح للرجال بالقيادة نيابة عنهم. تعبير الكاتب عن القيادة بـ ""😎💜"" يضيف لمسة من الحماس والحب لهذه الفكرة.",Favor
243,888,1010672571400978432,Women Driving,Against,Against,False,"الكاتب هنا يستخدم السخرية من خلال استخدام تعبير ""بقاها"" بمعنى ""أبقى عليها"" أو ""أبقى معها""، في سياق الحديث عن حادثة تتعلق بقيادة المرأة. العبارة تعني أن أول امرأة سعودية تقود السيارة قد تعرضت لحادث، وهو ما يمكن تفسيره على أنه حادث طريف أو كوميدي. النبرة هنا مليئة بالسخرية والمزاح، حيث يبدو أن الكاتب يريد أن يثير ضحكة أو يبتسم من خلال هذا الموقف الطريف.",Against
244,889,724706009093124096,Women Driving,Favor,Against,True,The writer's literal meaning beneath the surface is that they are addressing someone with the term 'بيبي' (baby) and responding to the hashtag #لن_تقودي (you will not drive) with a dismissive 'اوكِ' (okay). The overall tone of the tweet is casual and dismissive.,Favor
245,890,1010669858822991872,Women Driving,Favor,Favor,False,التغريدة تعبر عن مشاعر الفرح والاحتفال بين البنات، حيث يستخدم الكاتب الوسم #المراه_السعوديه_تسوق. لكن الكاتب يشير بشكل ساخر إلى أنه لا يمتلك سيارة أو رخصة قيادة ولا يعرف كيفية القيادة، مما يضيف لمسة من الفكاهة إلى الموقف.,Favor
246,891,796276443642757120,Women Driving,Favor,Against,True,"The writer of the tweet literally means that they do not need to drive because they have someone else who can drive for them. The tone of the tweet is mocking and dismissive. The use of ""انت عندي"" (you are here) implies that the writer is not concerned with the need to drive, as they believe they already have someone to fulfill that need. The casual and confident tone suggests that the writer is not taking the topic seriously and is dismissing the hashtag ""#لن_تقودي"" (you will not drive).",Favor
247,892,1010308143300141057,Women Driving,Favor,Favor,False,"في هذا التغريدة، يعبر الكاتب عن استيائه من عدم قدرته على الانضمام إلى النساء اللواتي يقدن السيارات في المملكة العربية السعودية. يظهر هذا الشعور بالاستياء بشكل ساخر باستخدامه للكلمات ""اصفرر"" و""تسوق""، مما يعكس نبرة سخرية واستهزاء بالوضع الحالي. الكاتب يبدو متحمساً لرؤية النساء يقدن السيارات، ويستخدم الرموز التعبيرية للإشارة إلى دعمه وتشجيعه لهن.",Favor
248,893,1010668614318297088,Women Driving,Favor,Favor,False,"الكاتب يعبر عن مشاعر مختلطة تجاه وسم ""لن_تقودي"" الذي كان مرتبطًا بحظر القيادة على النساء في السعودية قبل عام 2018. من خلال استخدام عبارة ""جيب لي المراره""، يشير الكاتب إلى أن هذا الوسم كان يسبب له الإحباط والألم، ولكنه يعبر عن امتنانه الكبير لما حدث بعد ذلك. الكاتب يستخدم حرف ""💔"" للإشارة إلى الحزن على القيود التي كانت مفروضة على النساء، ويعبر عن شكره لمحمد بن سلمان على تغيير هذا الوضع.",Favor
249,894,1010671171057192961,Women Driving,Favor,Favor,False,"الكاتب هنا يستخدم تعبير ""يستاهلون"" متبوعًا بإيموجي الإبهام للأعلى مرتين، مما يعكس مشاعر إيجابية واحتفالية. التغريدة تتحدث عن النساء السعوديات اللواتي حصلن على حق القيادة في يونيو 2018. العبارة ""يستاهلون"" تعني حرفيًا ""يستحقون""، والكاتب يشير إلى أن النساء السعوديات يستحقن هذا الحق. استخدام الإيموجي للإبهام للأعلى مرتين يعبر عن الموافقة والدعم.",Favor
250,895,1010671122847813632,Women Driving,Against,Against,False,"الكاتب يستخدم الوسم #المراه_السعوديه_تسوق للإشارة إلى السماح للمرأة السعودية بقيادة السيارة، والذي حدث في يونيو 2018. التغريدة تحتوي على تعبير ""زانت نفسيات العسكر 🙄"" الذي يعني بشكل حرفي أن نفسيتهم (نفسية العسكر) أصبحت أفضل أو أكثر ارتياحًا. لكن، من سياق التغريدة، يمكن فهم أن الكاتب يستخدم هذا التعبير بشكل ساخر أو متشكك. الكاتب قد يشعر بعدم الارتياح أو السخرية من تأثير السماح للنساء بقيادة السيارة على ""نفسية العسكر"".",Against
251,896,756832736510373888,Women Driving,Against,Against,False,"The writer is using the hashtag #قياده_المراه_للسياره_ضروره, which literally translates to 'women driving the car is a necessity,' as a rhetorical device to mock and belittle the idea of women being allowed to drive. The repeated hashtag is meant to emphasize and ridicule the notion of driving as a necessity. By adding the hashtag #لن_تقودي, the writer is further emphasizing the absurdity and contradiction inherent in the claim that driving is essential for women. The sarcastic tone is evident in the phrase ""قرّي في بيتك أبرك لك ولغيرك"" (stay in your house is better for you and others), which highlights the writer's frustration and disapproval of the current situation and the perceived pressure on women to drive.",Against
252,897,1010672178466119680,Women Driving,Against,Against,False,"الكاتب يستخدم هاشتاج #المراه_السعوديه_تسوق بشكل ساخر للإشارة إلى أن قرار السماح للمرأة السعودية بقيادة السيارة قد يسبب زحمة مرورية في الصباح. التعبير ""الله يعين"" يعكس قلق الكاتب من تأثير هذا القرار على الروتين اليومي، بينما الرموز التعبيرية 😓😓 تعكس توتره الشخصي من هذا التغيير.",Against
253,898,1010673307392315392,Women Driving,Favor,Favor,False,"The writer is expressing their celebration and gratitude for the recent development of women being allowed to drive in Saudi Arabia, which took place around June 2018. The hashtags #شكراً_ملكنا_سلمان and #شكرا_محمد_بن_سلمان are used to express direct thanks to King Salman and Crown Prince Mohammed bin Salman for issuing the royal decree. The phrase ""اليوم ٢٤/ ٦/ ٢٠١٨م"" means ""Today, June 24, 2018,"" highlighting the specific date of the event. The mention of ""#المراة_السعوديه_تسوق"" emphasizes the tag used around this date. The writer's tone is celebratory and appreciative of this significant milestone for Saudi women.",Favor
254,899,795209767811686400,Women Driving,Against,Against,False,"الكاتب يعبر عن فكرة أن الشعب السعودي شعب جميل وغيور، ولكنه أيضًا شعب يفرض قيودًا على نفسه. يستخدم الكاتب هذه العبارة بطريقة ساخرة للتعبير عن فكرة أن ""القيادة"" قد تكون نوعًا من التحدي أو التحرر أو حتى عدم السيطرة. استخدام الرموز التعبيرية (❤️✋🏻) يضيف إلى السخرية، حيث يمكن أن تعني ""تحرير"" أو ""سيطرة""، ولكن الكاتب يتركها غامضة عمدًا لإثارة التفكير والنقاش.",Against
255,900,724711209812037632,Women Driving,Favor,Against,True,الكاتب يستخدم الهاشتاج #لن_تقودي للتعبير عن موقفهم من قيادة المرأة في المملكة العربية السعودية. في هذه التغريدة، يعبر الكاتب عن رأيه بأن المجتمع يعاني من جهل يمنعه من السماح للنساء بالقيادة. النبرة العاطفية للتغريدة ساخرة أو استهزائية، مع تلميح إلى أن الكاتب يشعر بالإحباط أو الاستياء من الوضع الحالي.,Favor
256,901,725913013094490112,Women Driving,Against,Against,False,الكاتب في هذا التغريدة يستخدم لهجة ساخرة ومتهكمة، ويبدو أن لديه موقفًا سلبيًا من قيادة المرأة للسيارة في المملكة العربية السعودية. التغريدة تُشير إلى أن المرأة التي تتحدث تُبالغ في تقدير نفسها وتتهم الآخرين بالجهل، وتنشر الفساد. الكاتب ينتقدها لأنها لا تميز بين الحرية والفساد، ويحثها على التفريق بينهما.,Against
257,902,724698811617165314,Women Driving,Against,Against,False,"The tweet uses the hashtag #لن_تقودي, which refers to the pre-2018 ban on women driving in Saudi Arabia. The writer is expressing a critical perspective on the media portrayal of divorced women in Saudi Arabia. The tone is sarcastic and mocking, highlighting the irony that while the government may claim to support women's rights, the media continues to focus on negative portrayals of divorced women. The writer suggests that this focus on the suffering of divorced women is not genuine, but rather an attempt to gain sympathy and attention.",Against
258,903,1010668373561217024,Women Driving,Favor,Favor,False,"الكاتب هنا يحتفل بشكل مرح وساخر بقرار السماح للنساء في السعودية بقيادة السيارات. عبارة ""ماشاءالله"" تعبر عن الإعجاب والتقدير، بينما ""الف الف الف مبروووووك"" تعني تهاني سعيدة. استخدام كلمة ""بناتهن"" و""أخواتهن"" و""أمهاتهن"" يعزز من الطابع العائلي والاحتفالي. الدعاء ""الله يوفقهم ويحفظهم"" يظهر التفاؤل والدعم للقرار. السخرية تكمن في أن الكاتب يبدو وكأنه يأخذ القرار كأمر مسلم به أو شيء مألوف، مما يعكس عدم وعي كامل بمدى التغيير الكبير الذي حدث.",Favor
259,904,1011005044563632129,Women Driving,Favor,Favor,False,الكاتب يعبر عن وجهة نظره بشكل ساخر بشأن من يعارض قيادة المرأة للسيارة في المملكة العربية السعودية. الكاتب يشير إلى أن السماح للمرأة بقيادة السيارة يمكن أن يكون حلاً لمشكلة وجود سائق غير محرم، مما يعني أن الكاتب يسخر من أولئك الذين يرون أن وجود السائق هو الخيار الأنسب.,Favor
260,905,1011362492449247233,Women Driving,Against,Against,False,"في هذه التغريدة، يستخدم الكاتب #المراه_السعوديه_تسوق بطريقة ساخرة. يعبر عن معلومة يعرفها الجميع، وهي أن المقصات والراديتر هما جزءان من السيارة. لكنه يضيف هذه المعلومة بطريقة مرحة ومضحكة، مما يوحي بأنه يمزح أو يسخر من الموضوع. 

نبرة التغريدة مرحة ومضحكة، مما يعكس موقفًا ساخرًا تجاه الموضوع.",Against
261,906,724701534278262788,Women Driving,Against,Against,False,"الكاتب هنا يستخدم الهاشتاغ #لن_تقودي للإشارة إلى الحظر السابق على قيادة المرأة في السعودية، لكنه لا يعبر بشكل مباشر عن دعمه أو معارضته لهذا الحظر. بدلاً من ذلك، يبدو أنه يمزح حول حظر قيادة الدراجات النارية أيضًا، مما يشير إلى أن الحظر كان غير منطقي أو مبالغ فيه. نبرة التغريدة تشير إلى نوع من السخرية أو التحدي، حيث يستخدم الرموز التعبيرية ""🙊😜😎"" التي تعبر عن المرح والفضول.",Against
262,907,912828482878689282,Women Driving,Favor,Favor,False,"الكاتب هنا يستخدم هاشتاج ""الملك_ينتصر_لقياده_المراه"" في تغريدة مليئة بالسخرية. التغريدة تتحدث عن مجموعة من الأشخاص الذين كانوا يستهزئون بالسماح للمرأة بالقيادة في السعودية. الكاتب يرد عليهم بعبارة ""وين شلة لن تقودي ؟"" والتي تعني ""أين جماعة 'لن تقودي'؟"" مع وجوه تعبيرية تدل على الضحك والسخرية. 

النبرة هنا ساخرة ومتهكمة بوضوح، والكاتب يستخدم هذا الهاشتاج بطريقة تهدف إلى تحدي أولئك الذين عارضوا قرار السماح للمرأة بالقيادة.",Favor
263,908,725193287750000640,Women Driving,Favor,Against,True,"The writer is expressing a sarcastic and dismissive tone towards the hashtag #لن_تقودي. They are implying that the ban on women driving is outdated and unimportant, suggesting that the current situation where women can drive is much better. The use of emojis such as 😑💔 and 😍💘, along with the phrase ""حنا أميرات 😌💅🏼😂""، indicates a celebratory and flattering tone towards the new era of women's rights in Saudi Arabia.",Favor
264,909,1010671978628440064,Women Driving,Against,Against,False,"الكاتب هنا يستخدم السخرية بأسلوب غير مباشر، حيث يتحدث عن عدم السماح للنساء بقيادة السيارات في السعودية سابقاً، ويشير إلى أن الأمور تغيرت الآن، حيث يمكن للنساء القيادة. لكن بطريقة غير مباشرة، يبدو أن الكاتب يسخر من تغير الأمور فجأة. 

بمعنى آخر، الكاتب يقول ""لن تقودوا السيارات بعد الآن""، ويعلق بشكل ساخر على حادثة وقوفه بجانب امرأة حامل، حيث كان ينتظر حتى تتمكن من القيادة بنفسه. هذا التعليق مليء بالسخرية، حيث يسخر الكاتب من الوضع الجديد الذي يسمح للنساء بقيادة السيارات، مما يعكس عدم الرضا أو السخرية من التغييرات الاجتماعية.",Against
265,910,725043722602340352,Women Driving,Against,Against,False,الكاتب يعبر عن موقف ساخر تجاه النساء الأثرياء اللواتي يقودن السيارات بينما يُجبر النساء الفقيرات على البقاء في الخلف. الكاتب يشير إلى أن هؤلاء النساء الأثرياء يظهرن التبرج بشكل كبير، بينما يُفترض أن النساء الفقيرات يتبعن قواعد الحشمة. استخدام الوسم #لن_تقودي يعكس السخرية من الوضع الحالي حيث يُسمح للنساء الأثرياء بقيادة السيارات بينما يُمنع النساء الفقيرات من ذلك.,Against
266,911,724738632544870400,Women Driving,Against,Against,False,"الكاتب هنا يتحدث عن الفتاة المحتشمة بشكل إيجابي جدًا. يصفها بأنها فخر لوالديها، وكرامة لزوجها، ومثال لبناتها، وقائدة للمجتمع. يستخدم الكاتب كلمة ""مفخره"" ليعبر عن الفخر الكبير الذي يشعر به الوالدان تجاه بناتهما المحتشمات. هذه التغريدة تبدو وكأنها احتفال بالقيم الثقافية المحتشمة، وتبدو كأنها تعبر عن دعم قوي لحقوق المرأة في السعودية. الهاشتاج #لن_تقودي يعكس مقاومة ضد قيادة المرأة، ولكن في هذه التغريدة، الكاتب لا يستخدمه بطريقة سلبية. بدلاً من ذلك، يرى في هذه المقاومة جزءًا من القيم الثقافية المحتشمة التي يدعمها.",Against
267,912,1010670488111104000,Women Driving,Against,Favor,True,"في هذا التغريدة، يعبر الكاتب عن موقف ساخر تجاه النساء اللواتي يقودن السيارات في المملكة العربية السعودية. يستخدم الكاتب مصطلح ""لن_تقودي"" وهو شعار مرتبط بحظر قيادة النساء قبل عام 2018، ولكنه يستخدمه بشكل ساخر لإظهار التناقض في الوضع الحالي. الكاتب يجلس في مغسلة سيارات بينما تغسل سيارته، ويشير إلى أن النساء هن من يقمن بقيادة السيارات في هذا السياق. النغمة العامة للتغريدة هي نغمة فكاهية وساخرة، حيث يستخدم الكاتب الرموز التعبيرية (😂😂😂😂😂) للتعبير عن الضحك والاستمتاع بالموقف.",Against
268,913,729594077604401152,Women Driving,Favor,Favor,False,"الكاتب يعبر عن سخرية واستنكار تجاه قرار السماح للرجال بقيادة السيارات بينما لا يزال الحظر قائمًا على النساء. يستخدم تعبير ""حماية لك"" للإشارة إلى أن هذا القرار يخدم الرجال فقط، بينما يتم السماح للرجال بقيادة السيارة مع سائق. في النهاية، يستخدم الكاتب تعبير ""عندما تتفلسف الحمير!"" للإشارة إلى أن هذه التصرفات سخيفة وغير منطقية.",Favor
269,914,1010671144221933568,Women Driving,Favor,Favor,False,الكاتب يعبر عن مشاعر الفخر والسعادة تجاه قرار السماح للنساء بقيادة السيارات في المملكة العربية السعودية. يستخدم الكاتب الهاشتاج #المراه_السعوديه_تسوق للإشارة إلى هذا القرار التاريخي الذي تم في يونيو 2018. يعبر الكاتب عن تقديره للملك سلمان وولي العهد محمد بن سلمان على إصدار هذا القرار الذي يعزز المساواة بين الجنسين في المجتمع. كما يعبر الكاتب عن أمله في أن تكون المملكة عند حسن ظن القيادة، مشدداً على التعاون والتكاتف بين الرجال والنساء في المملكة لتحقيق مستقبل مشرق.,Favor
270,915,1010673112617291776,Women Driving,Against,Favor,True,"الكاتب هنا يستخدم السخرية بشكل واضح. الجملة ""حريمهم يسقن😂"" تعني حرفياً ""نساؤهم يقدن السيارات""، ولكن استخدام الوجه المبتسم في ""😂"" يشير إلى أن الكاتب يقصد عكس ما يقوله. بمعنى آخر، الكاتب يريد أن يعبر عن أن هذه الجملة مضحكة لأن النساء في المملكة العربية السعودية لم يكن من الممكن لهن القيادة في الماضي، والآن هذا الأمر أصبح ممكناً، وهو ما يبدو غير متوقع أو مضحك.",Against
271,916,1010671414842667008,Women Driving,Against,Against,False,الكاتب هنا يستخدم هاشتاج #المراه_السعوديه_تسوق بطريقة ساخرة أو متحدية، محاولاً توجيه رسالة للنساء اللواتي قد يسعين إلى التحرر من القيود الاجتماعية من خلال قيادة السيارة. التغريدة تحذر النساء من الخروج عن التقاليد المحافظة وتحثهن على الالتزام بأوامر الله. الكاتب يريد توصيل رسالة بأن قيادة السيارة لا تعني بالضرورة التحرر أو السفور أو الاختلاط، بل يجب على المرأة السعودية أن تتذكر أوامر الله وتحافظ على نفسها.,Against
272,917,1010672588178280454,Women Driving,Favor,Favor,False,الكاتب هنا يستخدم أسلوبًا ساخرًا للإشارة إلى تناقضات وانتقادات بعض الرجال الذين يعارضون قيادة المرأة للسيارة رغم أن بعضهم قد قاد السيارة لسنوات دون تعلم شيء. الكاتب يستخدم هاشتاغ #المرأة_السعودية_تسوق للإشارة إلى السماح الأخير للمرأة بقيادة السيارة في المملكة العربية السعودية، لكنه يشير إلى أن هناك رجالًا لا يرون هذه الخطوة سوى كفرصة لتعلم قيادة السيارة فقط.,Favor
273,918,1011374288534999040,Women Driving,Favor,Favor,False,"الكاتب هنا يعبر عن دعمه الكبير لقيادة المرأة السعودية للسيارة. هو يستخدم تعبير ""ضرورة"" ليشير إلى أن هذا الأمر ليس ترفاً بل هو ضرورة ملحة للمجتمع. الكاتب يرى أن قيادة المرأة ستعود بفوائد كبيرة على المجتمع من النواحي الاجتماعية والاقتصادية والأخلاقية. كما يشير إلى أهمية تجاوز التقاليد القديمة التي لم ينزل الله بها من سلطان، ويدعو إلى مواكبة العصر والمتغيرات. الكاتب يستخدم لهجة واثقة ومصرة، مما يعكس تفاؤله الكبير بقدرة المرأة السعودية على تحقيق التغيير الإيجابي في المجتمع.",Favor
274,919,724754014387232771,Women Driving,Against,Against,False,"The tweet is sarcastic and uses rhetorical devices to emphasize the irony. The writer is suggesting that because women in Saudi Arabia are not required to pray in public congregations (which is a religious obligation), it is absurd for them to be demanding the right to drive cars. The writer's tone is mocking and dismissive, implying that the idea of women driving is unnecessary because they are already exempt from a significant religious duty.",Against
275,920,1010673516268720128,Women Driving,Favor,Favor,False,"The writer of the tweet is expressing a playful and sarcastic tone. They are using the hashtag #المراه_السعوديه_تسوق, which literally means 'the Saudi woman drives.' The phrase ""اليوم الحلقه الاخيره لكلمة ياليتني ولد"" is sarcastically saying that today is the final episode of the phrase ""ياليتني ولد,"" meaning ""I wish I were a boy."" The writer is laughing and using multiple laughing emojis to emphasize their sarcasm and the humor in their statement.",Favor
276,921,997655568033763328,Women Driving,Favor,Favor,False,"The literal meaning of the tweet is: ""أجمل ما في الموضوع هو أن لجين بدأت تسوق وتجعلكم - أيها الشباب - تشعرون بالإحراج."" يستخدم الكاتب الرموز التعبيرية للابتسامة (😂😂😂😂😂) لإظهار نبرة مرحة وساخرة. التغريدة توحي بأن الكاتب يسخر من الشباب الذين يشعرون بالإحراج من أن لجين الهذلول قد بدأت في قيادة السيارة.",Favor
277,922,1011292278755913734,Women Driving,Against,Against,False,الكاتب هنا يستخدم نبرة مازحة ويطرح سؤالاً يثير السخرية حول كيفية التعرف على هوية السائقة المنقبة. يستخدم الكاتب رموزاً تعبيرية (👍 و 👏) لإبراز موقفهم الفكاهي من الموضوع. التغريدة تُظهر موقفاً مرحاً وساخراً، مما يعكس عدم الجدية في التعامل مع الموضوع.,Against
278,923,1010670470478299136,Women Driving,Against,Against,False,"الكاتب يستخدم تعبيرًا ساخرًا للإشارة إلى نزول النساء إلى سوق ""القديّة"" في الرياض بعد السماح لهن بالقيادة. العبارة ""هذا بلا ابوك يا عقاب"" هي عبارة محلية تحمل معنى ""يا له من عار عليك يا أبي""، في سياق سخرية أو نقد. الكاتب يعبر عن قلقه بطريقة مرحة قليلاً، مع الحفاظ على نبرة إيجابية خفيفة.",Against
279,924,1010670061001035776,Women Driving,Against,Against,False,"The writer uses the hashtag #المراه_السعوديه_تسوق to reference the recent historical event when Saudi women were first permitted to drive. The phrase ""الله يستر عليك"" is a common cultural phrase that expresses concern or worry. The writer adds ""من بنت جارنا"" which literally means ""from your neighbor's daughter,"" but it is used humorously to suggest that the writer is concerned about the social consequences of the new law, specifically in terms of behavior and relationships between men and women. The writer's tone is a mix of humor and sarcasm, indicating that they might be amused by the situation but also wary of its potential implications.",Against
280,925,818152557990346753,Women Driving,Against,Against,False,"الكاتب يستخدم هاشتاج #قياده_المراه_للسياره للإشارة إلى حملة هاشتاج ""قيادة المرأة للسيارة"" التي كانت مرتبطة بحظر سابق على النساء في السعودية من قيادة السيارات. يشير الكاتب إلى أن بعض الهاشتاجات تصدر في أوقات الأزمات من أشخاص مجهولين، مما يثير الشكوك حول نيتهم الحقيقية. الكاتب يعبر عن رفضهم لهذه الهاشتاجات التي تحاول مصادرة رأي المجتمع، ويؤكدون من خلال هاشتاج #لن_تقودي أنهم متمسكون بموقفهم ضد قيادة المرأة للسيارات.",Against
281,926,1010671734062764033,Women Driving,Favor,Favor,False,الكاتب يعبر عن شعوره بالندم على عدم الحصول على رخصة القيادة الأمريكية خلال سنوات بعثته. يستخدم الكاتب السخرية من خلال الإشارة إلى الرخصة الأمريكية، التي تعتبر رمزًا للحريات والفرص التي يتمتع بها الأمريكيون. يظهر الكاتب شعوراً بالإحباط والاستياء من عدم تمكنه من استغلال هذه الفرصة خلال فترة دراسته في الخارج.,Favor
282,927,999309871513292800,Women Driving,Against,Against,False,"الكاتب هنا يستخدم السخرية والاستهزاء في التغريدة. يبدو أنه يرد على شخص ما حول حادثة معينة، ولكنه بدلاً من تقديم إجابة مباشرة أو منطقية، يستخدم عبارات مثل ""قريباً"" و""هههههههههههههههههههههههههههههههههههههههههههههههههههههههههههههههههههههههههههههههههههههههههههههههههههه"" لخلق جو من السخرية وعدم الجدية. 

العبارات المستخدمة مثل ""وين سويتي الحادث؟"" و""لو يهمك كان عرفت"" تأتي بنبرة استهزائية تهدف إلى التقليل من أهمية الحادثة أو السؤال المطروح. النغمة العامة للتغريدة هي استهزاء وسخرية، مما يعكس الموقف المرح والساخر الذي يتبناه الكاتب تجاه الموضوع المطروح.",Against
283,928,1005056935522111488,Women Driving,Favor,Favor,False,الكاتب هنا يستخدم سخرية خفيفة ليؤكد نقطة معينة وهي أن تأمين سيارة المرأة في أمريكا أرخص من تأمين سيارة الرجل، وذلك لأن المرأة تتعرض لحوادث أقل من الرجال. الكاتب يستخدم لغة الأرقام كدليل موضوعي لدعم حجته.,Favor
284,929,756885218150191104,Women Driving,Favor,Against,True,"الكاتب يستخدم بشكل متكرر وسمي ""#قياده_المراه_للسياره_ضروره"" و ""#لن_تقودي"" بشكل ساخر ومتكرر للتأكيد على رسالته. يبدو أن الكاتب يسخر من فكرة حظر قيادة المرأة للسيارات، ويستخدم التكرار بشكل مبالغ فيه لإظهار مدى عدم جدّية هذا الحظر. نبرة الكاتب هنا تبدو ساخرة ومتعجرفة، وكأنها تقول ""لن تقودي"" بطريقة ساخرة ومكررة.",Favor
285,930,724738820013461504,Women Driving,Against,Against,False,الكاتب يستخدم السخرية للتعبير عن استيائه من التحرش المزعوم بالنساء في السعودية. هو يتساءل بسخرية عن عدد الأشخاص الذين يتحرشون بالنساء على الطريق عندما يكون الطريق مقفلًا، مما يعني أنه لا أحد يتحرش بهن. التغريدة تحمل نبرة ساخرة ومزيجًا من التهكم وعدم التصديق.,Against
286,931,724705883121430528,Women Driving,Against,Against,False,"The literal meaning of the tweet is: ""#لن_تقودي and who said we want to drive? If you want to drive, come here and let me make you instead of my driver. My driver's salary is 800, and only a real woman can drive. Where did the drivers and the people responsible for me go?"" 

The tone of the tweet is sarcastic and frustrated, indicating that the writer is mocking the idea of women driving in Saudi Arabia and expressing disapproval of the current situation. The writer is emphasizing that they do not want a female driver and that only a woman who can handle the responsibility of driving is suitable.",Against
287,932,1011300392607592448,Women Driving,Favor,Favor,False,"الكاتب هنا يبدو وكأنه مستاء من الأشخاص الذين يتدخلون في شؤون السعوديات فيما يتعلق بقيادة السيارات، ويوجه رسالة لهؤلاء الأشخاص بأنهم يجب أن يتركوا النساء يعبرن ويستمتعن بحرية في كيفية اختيارهم. الكاتب يستخدم السخرية في هذه التغريدة، حيث يتمنى ""عافان الله"" على المتطفلين الذين يفرضون أنفسهم في كل مكان، ويشير إلى الوسم #المراه_السعوديه_تسوق لتأكيد أن النساء السعوديات قادرات على قيادة السيارات.",Favor
288,933,796273465045172224,Women Driving,Against,Against,False,"The literal meaning of the tweet is ""We didn't hear about you or your driving #لن_تقودي."" However, beneath the surface, the writer is expressing a sarcastic and dismissive attitude towards the idea of women driving in Saudi Arabia. The use of the hashtag #لن_تقودي, which translates to ""you will not drive,"" underscores the writer's defiance and rejection of the notion that women should have the right to drive. The tone is mocking and dismissive, implying that the writer does not care about women's driving rights and is unconcerned about the topic.",Against
289,934,724700108902830080,Women Driving,Favor,Against,True,التغريدة تعبر عن شعور الفخر والاعتزاز بالمرأة السعودية ودورها الحيوي في المجتمع. الكاتب يستخدم هاشتاغ #لن_تقودي (لا تقودي) بشكل ساخر أو متعنت، مما يعني أن المرأة السعودية تستطيع القيادة وتتحكم في المجتمع، بل إنها هي التي تربي الأجيال وتقوم بأدوار أساسية مثل كونها أماً وأختاً وزوجة. الكاتب يطلب من الله أن يحفظ المرأة ويحميها ويجعلها دائماً عزيزة وقوية.,Favor
290,935,724711974458802177,Women Driving,Against,Against,False,"The writer is mocking the idea of women driving in Saudi Arabia. They imply that women are already treated like princesses within their families, using the hashtag #لن_تقودي to reference the pre-2018 ban on women driving. The writer's tone is sarcastic and dismissive, emphasizing that women don't need to drive.",Against
291,936,989476596867354625,Women Driving,Favor,Favor,False,الكاتب يتحدث عن النساء اللواتي يعشن في العاصمة السعودية، ويشير إلى أنهن يواجهن تحديات بسبب القيادة في شوارع العاصمة ذات الأربعة حارات. على الرغم من ذلك، يبدو أن الكاتب يعتقد أن التعليم سيساعد هؤلاء النساء على تجاوز هذه التحديات بسهولة. يظهر في التغريدة شعور احتفالي أو تفاؤلي، حيث يعبر الكاتب عن تفاؤله بأن بناتهم في السنة الأولى من الجامعة سيكونون قادرين على التكيف مع القيادة في العاصمة بفضل التعليم.,Favor
292,937,1010672164826165248,Women Driving,Favor,Favor,False,الكاتب هنا يبدو في حالة فرح واحتفال. التغريدة تعبر عن مشاعر إيجابية وحماس تجاه اليوم الجديد والبداية الجديدة التي تأتي مع السماح للنساء بقيادة السيارات في المملكة العربية السعودية. استخدام الرموز التعبيرية للقلب (💜) يعزز الشعور بالاحتفال والسعادة.,Favor
293,938,724708550249992192,Women Driving,Against,Against,False,الكاتب هنا يستخدم تعبيرًا مجازيًا، حيث يشبه الشجرة التي تفقد أوراقها بالعنصر الذي يُستخدم كوقود للنار، مما يرمز إلى شيء أو شخص يفقد قيمته ويصبح بلا فائدة. التغريدة تحمل نبرة ساخرة وتستخدم السخرية بشكل غير مباشر.,Against
294,939,732205214095282176,Women Driving,Against,Favor,True,الكاتب يعبر عن إحباطه من الجدل المستمر حول السماح للمرأة بقيادة السيارة في السعودية. يستخدم الهاشتاج #قياده_المرأه_للسيارة ليصف الموضوع بشكل عام، بينما #لن_تقودي يعبر عن الموقف المعارض. الكاتب يشير إلى أن الجدل لا يتعلق بالدين أو التغريب بقدر ما هو صراع بين التيارات المختلفة. باختصار، هو يرى أن النقاش يجب أن يختصر في هذه العبارة #لن_تقودي.,Against
295,940,1010671120285085701,Women Driving,Against,Favor,True,"الكاتب هنا يستخدم السخرية للتعبير عن استغرابه من الضجة الكبيرة حول النساء في السعودية اللواتي يقدن السيارات. هو يشير إلى أن الناس يبالغون في ردة فعلهم وكأن النساء كن محبوسات في منازلهن طوال الوقت. استخدام الرموز التعبيرية ""🙄"" و ""👊🏻"" يوحي بأن الكاتب يشعر بالملل من المبالغة في الحماس أو الإفراط في التفاعل مع هذا الحدث.",Against
296,941,1010671483226554368,Women Driving,Favor,Favor,False,الكاتب يتحدث عن حقيقة أن قيادة المرأة للسيارة في السعودية لا تؤثر على سوء الأخلاق في المجتمع. يستخدم الكاتب هذا الموضوع كمثال على الأمور التي كانت محرمة سابقاً في المملكة والتي أصبحت مقبولة الآن. من خلال استخدام هذه الهاشتاغات المحددة، يعبر الكاتب عن أن هذه التغييرات تساهم في تقدم المجتمع السعودي وتحسينه.,Favor
297,942,756844661008982016,Women Driving,Against,Against,False,"الكاتب هنا يستخدم السخرية والتهكم للتعبير عن رأيه. العبارة ""حتى لو لحستي كوعك"" تعني بذل أقصى جهد أو تحمل مشقة كبيرة لتحقيق شيء ما. لذا، الكاتب يقول إنه حتى لو بذلتِ جهدًا كبيرًا وقمتِ بكل ما هو ممكن، لن يُسمح لكِ بقيادة السيارة. يعكس هذا الشعور بالإحباط والاستياء من الوضع الحالي في السعودية حيث لا تزال النساء بحاجة إلى إذن من ولي أمر ذكر للحصول على رخصة قيادة، رغم أن القيادة تُعتبر حاجة عملية.",Against
298,943,724746493417152513,Women Driving,Favor,Favor,False,"الكاتب هنا يستخدم السخرية بشكل غير مباشر للتعبير عن رأيه حول موضوع قيادة النساء للسيارات في المملكة العربية السعودية. 

بالمعنى الحرفي، الكاتب يتحدث عن دور المرأة في الأسرة والمجتمع. يشير إلى أن المرأة تكون مربية، حنونة، وشريكة للرجل في كل الأحوال، سواء كانت تقود السيارة أم لا. يستخدم الكاتب تعبيرات مثل ""قائدة لنا بكل الأحوال"" للتعبير عن أن المرأة تقوم بأدوار مهمة في المجتمع، بغض النظر عن قدرتها على القيادة.

التغريدة تنتهي بالهاشتاغ #لن_تقودي، الذي كان مرتبطًا بحملة معارضة لقيادة النساء في السعودية قبل أن تصبح قانونية. الكاتب هنا يستخدم الهاشتاغ بشكل ساخر، مشيرًا إلى أن السيارة ليست مهمة بقدر الأدوار القيادية الأخرى للمرأة في المجتمع.

التغريدة تحمل نغمة ساخرة ومتهكمة، مع تعبير عن موقف إيجابي من قدرة المرأة على القيادة ودورها في المجتمع.",Favor
299,944,1011364477554610176,Women Driving,Against,Against,False,"في هذا التغريدة، يستخدم الكاتب هاشتاغ #المراه_السعوديه_تقود_السياره للتعبير عن رأيه حول قضية اجتماعية حساسة في المملكة العربية السعودية. التغريدة مكتوبة بلهجة ساخرة وتتناول الجدل المستمر حول قيادة المرأة للسيارة. 

الكاتب يشير إلى أن المبادئ والقيم في المجتمع السعودي ثابتة ولا تتغير، وأن الجدل حول قضية قيادة المرأة محسوم ولا يؤدي إلى نتائج ملموسة. كما يوضح الكاتب أن دور القيادة يجب أن يبقى للرجل، بينما يكون دور المرأة محصوراً في أدوارها التقليدية.

الكاتب يستخدم الهاشتاغ المذكور بطريقة ساخرة، مما يعكس موقفًا نقديًا أو ساخرًا من الجدالات المستمرة حول هذا الموضوع في المجتمع السعودي.",Against
300,945,724734689571921921,Women Driving,None,Against,True,الكاتب يستخدم هنا الهاشتاج #لن_تقودي للتعبير عن موقف محايد تجاه قضية قيادة المرأة في السعودية. رغم أنه لا يطالب بالقيادة، إلا أنه يتمنى أن يتم توفير وسائل مواصلات أخرى مثل الباصات وتنظيم عملها وأوقاتها والاهتمام بها لتلبية احتياجات النساء اللاتي لا يستطعن القيادة. الكاتب يعبر عن أمله في تحسين البنية التحتية للمواصلات في البلاد، مما يعكس شعوراً بالمسؤولية الاجتماعية والرغبة في تحسين ظروف المواصلات للنساء في المملكة.,None
301,946,724698670734696448,Women Driving,Against,Against,False,"الكاتب يعبر عن استيائه من قرار السماح للنساء بقيادة السيارات. يستخدم عبارة ""مافيه قياده"" بمعنى ""لا قيادة"" أو ""لا توجد قيادة""، ويشير إلى عبارة ""لن_تقودي"" المرتبطة بحظر القيادة على النساء قبل عام 2018. التغريدة تحتوي على نغمة ساخرة، حيث يستخدم الكاتب الرموز التعبيرية للرقص للتعبير عن الفرح أو الاحتفال بالقرار الجديد، لكنه في الواقع يعبر عن عدم رضاه وسخريته من القرار.",Against
302,947,1010668754215284736,Women Driving,Against,Against,False,الكاتب هنا يستخدم السخرية في التغريدة. هو يعبر عن استياءه من الرجال الذين يمنعون النساء من قيادة السيارات إلا في حالات الضرورة القصوى، مثل الذهاب إلى المستشفى. الكاتب يستخدم السخرية لإيصال رسالة تفيد أن هؤلاء الرجال يتصرفون بغباء عندما يفرضون مثل هذه القيود، مما يؤدي إلى مشكلات مثل تعطيل حركة المرور وإزعاج الآخرين. التغريدة تحمل نبرة من الإحباط والاستياء من القيود المفروضة على النساء في السعودية، مع تلميح إلى أن هذه القيود تعيق تقدم المجتمع وتؤثر سلباً على حياة الناس اليومية.,Against
303,948,739866516280225792,Women Driving,Favor,Against,True,"الكاتب يستخدم الوسم #لن_تقودي بطريقة ساخرة ومستهزئة. العبارة ""ولو بعد 100 سنة"" تعني ""حتى بعد مئة سنة"". من خلال استخدام هذا الوسم، يعبر الكاتب عن شعوره بعدم الرضا عن الوضع الحالي، وكأنه يقول إنه حتى بعد مرور مئة سنة، لن يُسمح للنساء بقيادة السيارات في المملكة العربية السعودية. النغمة العاطفية هنا هي نغمة سخرية واستهزاء، حيث يستخدم الكاتب الرموز التعبيرية (😂😂) لتأكيد موقفه الساخر.",Favor
304,949,724699687039672320,Women Driving,Favor,Favor,False,"الكاتب هنا يستخدم عبارة "" غصبا على شنيك"" والتي تعني باللغة العامية في السعودية ""بشكل إجباري أو قهري"". التغريدة تبدو وكأن الكاتب يسخر أو يمزح حول موضوع القيادة النسائية في السعودية. الهاشتاغ #لن_تقودي، الذي يعني ""لن تقودي""، يشير إلى الحظر السابق على النساء من القيادة، ولكن استخدام الكاتب لهذا الهاشتاغ يوحي بأنه يتبنى موقفًا أكثر تفاؤلاً أو تحديًا تجاه الحظر. بشكل عام، التغريدة تحمل نبرة سخرية ومزاح، مع تلميح إلى أن الكاتب سعيد أو مرتاح بشأن الوضع الحالي.",Favor
305,950,724704046704111616,Women Driving,Against,Against,False,الكاتب يعني أن قيادة النساء للسيارات في جيلهن مستحيلة تماماً بسبب السياق الثقافي والاجتماعي في المملكة العربية السعودية. استخدام الكاتب للهاشتاغ #لن_تقودي يعبر عن موقف حازم ضد قيادة النساء للسيارات في الوقت الحالي، مع الإشارة إلى أن القيادة قد تكون ممكنة في الأجيال المستقبلية عندما تتغير الظروف. 😊✋,Against
306,951,729652160837857280,Women Driving,Against,Against,False,"الكاتب هنا يستخدم عبارة ""نكرر"" للإشارة إلى تكرار نفس الشعار أو الفكرة عدة مرات، مما يعني أنهم يؤمنون بشدة بأن النساء لن يقدن في السعودية. النبرة هنا متعالية أو متجاهلة، وكأن الكاتب يقول إن هذه الفكرة واضحة ولا تحتاج إلى إعادة التأكيد.",Against
307,952,724700308274851846,Women Driving,Against,Against,False,"الكاتب هنا يستخدم تعبيرًا مرحًا وساخرًا. العبارة ""لان تقودي يا موردت الخدودي"" تعني ""لن تقودي يا من تتصنعين الجمال"". 

الكاتب يبدو وكأنه يسخر من النساء اللواتي يحاولن إبراز جمالهن أو مظهرهن الخارجي في محاولة لجذب الانتباه. استخدام التعبير ""موردت الخدودي"" هنا يأتي بلهجة ساخرة، وهو تعبير عامي يعني ""المرأة التي تتصنع الجمال"". 

التعبير #لن_تقودي هو جزء من حركة ""لن تقودوا"" التي كانت مرتبطة بحظر القيادة للنساء في السعودية قبل عام 2018. الكاتب يستخدم هذا الوسم للتعبير عن موقف ساخر أو تحدي ضد القيود التي كانت مفروضة على النساء.",Against
308,953,1010672162670247937,Women Driving,Against,Against,False,"الكاتب هنا يستخدم عبارة ""ورد وبكرا التشليح"" كنوع من السخرية من التغييرات السريعة في المجتمع السعودي. ""ورد"" تعني ورد طبيعي، و""بكرا التشليح"" هي العبارة التي تعبر عن ""التشليح"" بمعنى البيع أو النهب. الكاتب يلمح إلى أن المجتمع يتغير بسرعة وبشكل غير متوقع، وكأن هناك من ""يشلح"" الناس هذه التغييرات. استخدام الهاشتاغ #المرأة_السعودية_تسوق يشير إلى موضوع محدد وهو السماح للنساء بقيادة السيارات، ولكن الكاتب يستخدم هذا الموضوع كمثال على التغييرات السريعة في المجتمع.",Against
309,954,724819653508358150,Women Driving,None,None,False,"The writer is using a playful and lighthearted tone, with a hint of mockery directed at the people who are questioning their stance on women's driving. They are responding to a question about their position on the hashtag #المجتمع_مع_قياده_المراه (society is with women's driving) and the hashtag #لن_تقودي (you will not drive). The writer is sarcastically indicating that they are not interested in discussing the topic further.",None
310,955,912828427161542657,Women Driving,Against,Favor,True,"الكاتب هنا يستخدم السخرية والتلاعب بالكلمات بطريقة غير مباشرة. التغريدة تتحدث عن قرار الملك سلمان بالسماح للنساء بقيادة السيارات. ولكن الكاتب يشير إلى أن هذا القرار قد يؤدي إلى نوع من الانتقام من قبل الشباب ضد أخواتهم. 

الكاتب يستخدم هاشتاغ #الملك_ينتصر_لقياده_المراه ليعبر عن تأييد القرار، لكنه يضيف تعليقًا ساخرًا يدعو الشباب لإغلاق أبواب سيارات أخواتهم بقوة. استخدام الرموز التعبيرية مثل 😂 و ✋🏻 يعبر عن روح الدعابة والسخرية في نفس الوقت. 

النغمة هنا ساخرة ومستهزئة، ولكن بشكل غير مباشر، مع تلميح إلى أن الكاتب لا يرى أن هذا القرار يحقق العدالة بين الجنسين، بل قد يؤدي إلى مواقف غير مرغوبة من قبل الشباب تجاه أخواتهم.",Against
311,956,1011393825443590144,Women Driving,Favor,Favor,False,"الكاتب يتحدث عن بيع لوحة سيارته التي تحمل الأرقام ""ح ل و ١٠١٠"" بمناسبة قيادة المرأة السعودية للسيارة. في ١٠ أكتوبر ٢٠١٧، سمحت السعودية للنساء بقيادة السيارات لأول مرة، وهو تاريخ ذو أهمية كبيرة في هذا السياق. الكاتب يعرض اللوحة للبيع بسعر مرتفع، مما يعكس احتفالاً وفرحة بهذه المناسبة المهمة. نبرة الكاتب هنا احتفالية وفرحة، مع لمسة من التحدي أو الفخر في أن تكون جزءاً من هذا التغيير الكبير في المجتمع السعودي.",Favor
312,957,1010669515317891072,Women Driving,Favor,Favor,False,في هذا التغريدة، يبدو أن الكاتب يسخر من حملة #لن_تقودي، وهي حملة كانت مرتبطة بحظر قيادة النساء في السعودية قبل عام 2018. الكاتب يستخدم السخرية والتهكم في تعبيره عن الحملة. من الواضح أن الكاتب يعارض هذه الحملة ولكنه يستخدم أسلوباً مرحاً وساخراً للتعبير عن موقفه. يظهر من النبرة أنه متفاعل بشكل إيجابي مع الحملة، حيث يستخدم الرموز التعبيرية الضاحكة للإشارة إلى أنه يستمتع بالموقف ويجد فيه شيئاً مضحكاً.,Favor
313,958,912827819029385217,Women Driving,Against,Favor,True,الكاتب هنا يستخدم الوسم #الملك_ينتصر_لقياده_المراه بطريقة ساخرة. هو يشير إلى أن الملك سلمان قد قدم قرارًا تاريخيًا بالسماح للنساء بقيادة السيارات، ويعبر عن أن النساء السعوديات كن يقدن السيارات بشكل خفي قبل هذا القرار. الكاتب يلمح إلى أن هذا القرار كان متأخرًا وأنه ليس جديدًا أو مفاجئًا. النبرة هنا ساخرة، حيث يبدو أن الكاتب غير معجب بهذا القرار، وكأنه يقول إن النساء كن يفعلنه منذ زمن بعيد دون الحاجة إلى إذن رسمي.,Against
314,959,724761998441979905,Women Driving,Against,Against,False,في هذه التغريدة، يستخدم الكاتب الوسم #لن_تقودي، الذي كان مرتبطًا بحظر قيادة النساء في السعودية قبل عام 2018. يبدو أن الكاتب يسخر من فكرة أن النساء سيقدن السيارات في المستقبل القريب، ويصور تخيلًا مبالغًا فيه لشخصية امرأة لا تحترم النساء الأخريات في حفل زفاف وتحاول دهسهن بالسيارة.,Against
315,960,1010671231052517376,Women Driving,Favor,Favor,False,"الكاتب يعبر عن استياءه من فكرة السماح للنساء بقيادة السيارات في المملكة العربية السعودية. يستخدم الكاتب عبارة ""يعني عادي عندهم"" للإشارة إلى أن المجتمع قد اعتاد على رؤية النساء في الشارع دون حماية، بينما يرى أن قيادة السيارة أكثر أماناً لهن. في النهاية، يشير الكاتب إلى أن الهدف من منع النساء من القيادة ليس خوفاً على سلامتهن، بل مجرد وسيلة لمنع النساء من القيادة بأي طريقة ممكنة، دون مبرر منطقي.",Favor
316,961,1010672731543744512,Women Driving,Favor,None,True,"الكاتب يعبر عن مشاعر مختلطة بشكل واضح في هذه التغريدة. يستخدم الكاتب الوسم #المراه_السعوديه_تسوق للإشارة إلى اليوم الذي سمح فيه للنساء في السعودية بقيادة السيارات، وهو حدث تاريخي وقع في يونيو 2018.

الكاتب يبدأ التغريدة بالحديث عن اليوم التاريخي في تاريخ السعودية، ثم يضيف ""و تاريخيتي لما قررت اخذ صيفي بعد معارضاتي الشديده""، مما يشير إلى أنه اتخذ قرارًا شخصيًا بعد معارضته الشديدة لهذا القرار.

الكاتب يستخدم علامات القلب المكسورة (💔💔💔💔💔💔) للتعبير عن الحزن أو الفقدان، وربما يشير إلى تأثير هذا القرار عليه بشكل عاطفي.

الكاتب يختتم التغريدة بنداء إلى الجماعة ""واسووني يا جماعه""، مما يعني أنه يشعر بالحاجة إلى دعم أو مواساة من الآخرين.

بشكل عام، الكاتب يعبر عن مشاعر مختلطة من الفرح بتاريخية هذا اليوم والحزن أو الفقدان من قراره الشخصي، بالإضافة إلى الحاجة إلى الدعم العاطفي من الآخرين.",Favor
317,962,1010668712217731072,Women Driving,Favor,Favor,False,"The literal meaning of this tweet is that the writer is congratulating the Saudi women on a historic night similar to a celebratory or joyful occasion. The tweet uses the hashtag #المراه_السعوديه_تسوق to reference the significant milestone of Saudi women being permitted to drive, a change that took place around June 2018. The tone of the tweet is celebratory, with the writer expressing their happiness and excitement for the women.",Favor
318,963,724750656783978496,Women Driving,Favor,Against,True,الكاتب يستخدم الهاشتاغ #لن_تقودي بطريقة ساخرة للإشارة إلى أن النساء في السعودية لن يتمكن من القيادة إلا في أماكن معينة، مثل الشلال. في هذا السياق، الكاتب يستهزئ بالقيود المفروضة على النساء في السعودية، ويستخدم صورة سيارات صدام حسين للإشارة إلى أن هذه القيود قد تبدو صارمة وقديمة. النغمة هنا تعبر عن الفرح والسخرية من القيود المفروضة.,Favor
319,964,1011027211179233281,Women Driving,Favor,Favor,False,"الكاتب يعني حرفياً: ""في اليوم الذي تقود فيه المرأة السعودية السيارة، ستكون القيادة بحشمة وسترها."" الكاتب يعبر عن دعمه لقيادة المرأة في المملكة العربية السعودية، مع التأكيد على الالتزام بالتقاليد والقيم الثقافية المتعلقة بالاحتشام.",Favor
320,965,1010670377129963520,Women Driving,Favor,None,True,"الكاتب هنا يستخدم السخرية بطريقة خفيفة ومرحة للتعليق على موضوع الأسر المنتجة في المملكة العربية السعودية. يشير الكاتب إلى أن الأسر المنتجة بدأت تبيع ""جنوط"" (وهي قطع العجلات) كوسيلة لكسب المال. هذا التعليق يأتي ضمن سياق أوسع حول تمكين المرأة السعودية والسماح لها بقيادة السيارات (#المراه_السعوديه_تسوق). السخرية هنا تهدف إلى تسليط الضوء على الأمور المضحكة والمفاجئة في هذا السياق الجديد.",Favor
321,966,912828154263343107,Women Driving,Favor,Favor,False,الكاتب يعبر عن حماسه وفرحته بالقرار الذي يسمح للنساء بقيادة السيارات في السعودية. يستخدم الكاتب الرموز التعبيرية (😍😍😍) لتعزيز شعوره بالسعادة والإيجابية تجاه هذا القرار. يعبر الكاتب عن أمله في أن تتحسن أوضاع المرأة في السعودية بشكل أكبر وأن تنتهي أي عقبات تعيق تقدمها.,Favor
322,967,724812935915294720,Women Driving,Favor,Favor,False,"الكاتب هنا يستخدم السخرية للتعبير عن فكرة أن المجتمع السعودي يرفض قيادة المرأة بناءً على افتراض أن هذا المجتمع لديه برلمان ويحق له التصويت على أي قرار. السخرية واضحة في الجملة الأخيرة ""ليتك ساكت :)"" حيث يشير الكاتب إلى أن الشخص الذي يتحدث معه (ربما رجل) يتمنى أن يبقى صامتًا بشأن قيادة المرأة.",Favor
323,968,740731249912885248,Women Driving,Favor,Against,True,"الكاتب هنا يستخدم لهجة تحدي وإهانة خفيفة، حيث يرد على من يعارضون قيادة المرأة. العبارة ""لن تقودي"" تتكرر في التغريدة، ولكنها تحمل معنى مزدوجاً. حرفياً تعني ""لن تقودي""، ولكن الكاتب يستخدمها بشكل ساخر للتعبير عن تحدي القيادة في الأماكن التي لا تسمح بها. العبارة ""فوق خشومكم"" هي عبارة عامية تعني ""فوق اعتراضاتكم""، وتستخدم بشكل ساخر لتأكيد أن القيادة ستتم بغض النظر عن الاعتراضات.",Favor
324,969,1011022585461727232,Women Driving,Favor,Favor,False,"الكاتب هنا يستخدم السخرية للتعبير عن مشاعره تجاه قيادة المرأة السعودية للسيارة. تعبير ""الله لنا"" يعني في الثقافة السعودية أن الله معهم في كل موقف صعب أو إيجابي يمرون به، ولكن في هذا السياق، الكاتب يستخدم هذا التعبير بطريقة ساخرة ليشير إلى أن قيادة المرأة للسيارة أصبحت أمر طبيعي ومقبول بشكل كبير. تعبير ""😂😂"" هنا يعكس الضحك والفرح بطريقة ساخرة أيضًا.",Favor
325,970,1010672945914662913,Women Driving,Against,None,True,"في هذه التغريدة، الكاتب يخاطب البنات ويستخدم لهجة عربية غير رسمية. الكاتب يقصد أن بعض البنات اللواتي لا يعرفن القيادة لا يجب أن يكون الأمر إلزاميًا. التغريدة تحمل نبرة استهزائية وساخرة إلى حد ما، حيث أن الكاتب يبدو وكأنه يقول ""لا تقلقوا، ليس عليكم أن تتعلموا القيادة إذا لم ترغبوا في ذلك"". استخدام الوسم #المراه_السعوديه_تسوق يضيف سياقًا إضافيًا، حيث يشير إلى القرار الذي اتخذ في يونيو 2018 والذي سمح للنساء في السعودية بالقيادة.",Against
326,971,1010671891533660165,Women Driving,Against,Favor,True,الكاتب يستخدم العبارة بشكل ساخر ومتحفظ. على الرغم من أن التغريدة تبدو وكأنها تعبر عن دعم القرار الذي يسمح للنساء بقيادة السيارة، إلا أن استخدام علامات التعجب والرمز ☘️ (الذي يرمز عادة إلى الحشيش في الثقافة الغربية) يوحي بعكس ذلك. الكاتب لا يتقبل القرار بشكل كامل، بل يحاول إيجاد طريقة للسخرية منه أو التعبير عن القلق بشأنه بطريقة غير مباشرة.,Against
327,972,725108433347862528,Women Driving,Against,Against,False,"في التغريدة، يستخدم الكاتب الهاشتاغ #لن_تقودي، والذي يعني حرفياً ""لن تقودي"". يعبر الكاتب عن إحباطه من القيادة في المملكة العربية السعودية، ويشير إلى أن الناس في المملكة لا يمتلكون المهارات اللازمة للقيادة. كما يعبر عن استيائه من الوضع الحالي ويقارن بين حال الناس إذا سمح للنساء بالقيادة. 

النغمة العاطفية للتغريدة هي النغمة الساخرة، حيث يستخدم الكاتب السخرية للتعبير عن رأيه.",Against
328,973,1011327994097520642,Women Driving,Favor,Favor,False,"الكاتب يعبر عن إحباطه من الوضع الحالي في السعودية حيث يمنع النساء من القيادة. يشير إلى أن المجتمع السعودي يُجبر على الخوف من كل ما هو جديد، مما يمنعهم من التقدم والتطور كما حدث في دول أخرى. يستخدم الكاتب السخرية في قوله ""جعلونا نخاف"" للتعبير عن أن المجتمع السعودي قد تم استخدامه كأداة لمنع التقدم.",Favor
329,974,1010669162660843522,Women Driving,Favor,Favor,False,"The writer is expressing a celebratory and playful tone about the possibility of the Saudi woman driving. The use of multiple laughing emojis, combined with running emojis, suggests a light-hearted and excited attitude towards the future of the Saudi woman's driving experience.",Favor
330,975,724699222273056772,Women Driving,Favor,Favor,False,"الكاتب هنا يستخدم تعبير ""لن_تقودي"" للإشارة إلى الحظر السابق على قيادة المرأة في السعودية، والذي تم رفعه في عام 2018. التغريدة تحمل نبرة ساخرة ومتهكمة، حيث يسخر الكاتب من معارضين حظر القيادة الذين يدعون أنهم يعارضونه، ولكن في الواقع هم من سيفرضون تنفيذه إذا تم السماح بالقيادة.

الكاتب يشير إلى أن المعارضين الذين يدعون أنهم يعارضون قيادة النساء هم في الواقع أول من يدعمها إذا تم السماح بها، كما يشير إلى أن غير السعوديين يمكنهم القيادة بسهولة بينما السعوديين لا يمكنهم ذلك.",Favor
331,976,841965013455757313,Women Driving,Favor,Favor,False,الكاتب هنا يستخدم السخرية في الحديث عن حظر قيادة المرأة في السعودية. هو يتحدث بطريقة مرحة ويشير إلى أن الحظر سيستمر لفترة قصيرة قبل أن يتم السماح للنساء بالقيادة. الكاتب يلمح إلى أن من كانوا يعارضون قيادة المرأة (اللي يضحكون ب #لن_تقودي) سيضطرون للاعتراف بأن رأيهم كان خاطئًا عندما يصبح بإمكان النساء القيادة.,Favor
332,977,1011020001287942144,Women Driving,Favor,Favor,False,الكاتب يستخدم هاشتاج #المرأة_السعودية_تسوق للتعبير عن رأيه حول السماح للمرأة بالقيادة في المملكة العربية السعودية. لكنه لا يتبنى موقفًا مؤيدًا أو معارضًا لهذا القرار. بدلاً من ذلك، يحاول الكاتب أن يوضح أن السماح بالقيادة هو قرار صادر عن القيادة السعودية وليس حدثًا استثنائيًا. يشير الكاتب إلى أن بعض الناس يسيئون فهم هذه الخطوة ويعتبرونها شيئًا جديدًا أو غير مألوف، لكنه يوضح أن هذا القرار يأتي بموافقة ولي الأمر، حفظه الله. في النهاية، يشجع الكاتب الناس على التوقف عن السخرية من هذا الأمر والالتزام بالسمع والطاعة للقيادة السعودية، التي تعمل بجد على راحة المواطنين.,Favor
333,978,724743526920118272,Women Driving,Against,Against,False,"في هذه التغريدة، يستخدم الكاتب وسم #لن_تقودي للتعبير عن موقفهم من حظر قيادة المرأة في السعودية. لكنهم يوضحون أنهم يعارضون قيادة المرأة لأسباب معينة. بعد ذلك، يستخدمون أسلوب السخرية لإظهار أن هناك بدائل لقيادة المرأة، مثل الاعتماد على الرجال لتلبية احتياجات المرأة وخدمتها.

يستخدم الكاتب السخرية ليصور فكرة أن الرجال هم الذين يجب أن يقوموا بخدمة المرأة حتى لا تحتاج إلى القيادة، مما يجعل قيادة المرأة غير ضرورية. يعكس هذا الموقف موقفًا متناقضًا بين رفض القيادة وبين تبني فكرة أن المرأة بحاجة إلى الاعتماد على الرجل في تلبية احتياجاتها.",Against
334,979,1010672505437245440,Women Driving,Favor,Favor,False,"The writer is using a series of exaggerated and intensified phrases, such as ""كسر حطم دمر""، which translate to ""break, smash, destroy."" This is followed by ""ثور"" (thor) and ""جهنم"" (hell), which together create a very strong and negative image. The tone is mocking and dismissive, with a celebratory and joking attitude evident in the use of numerous dancing emojis. The hashtag #لن_تقودي (you will not drive) is included to reference the pre-2018 ban on women driving in Saudi Arabia, but the writer is using it in a way that suggests they are not taking the ban seriously and are mocking those who do.",Favor
335,980,1010673407560749062,Women Driving,Favor,Favor,False,"الكاتب يستخدم الوسم #المراه_السعوديه_تسوق للتعبير عن احتفالهم بالسماح للمرأة السعودية بالقيادة. الكلمات ""ألف مبروك"" تعبر عن تهنئة وفرحة، والرموز التعبيرية 👏👏👏 تعكس تصفيقًا ودعمًا لهذا الحدث. الرمز 🇸🇦 يمثل علم المملكة العربية السعودية، مما يعزز الطابع الوطني لهذا الاحتفال.",Favor
336,981,1011335379851595776,Women Driving,Favor,Favor,False,الكاتب هنا يستخدم السخرية بشكل واضح للتعبير عن مشاعر مختلطة من الفرح والإحباط. الفرحة تأتي من السماح للمرأة السعودية بقيادة السيارة، وهو إنجاز يُحتفل به في المجتمع. لكن الكاتب يعبر عن إحباطه من أن هذه الحرية تأتي مع قيود أخرى مثل حرية اللباس، مما يعكس التباين بين التقدم السريع في بعض المجالات والتقدم البطيء في مجالات أخرى. بالإضافة إلى ذلك، يشير الكاتب إلى التحرر الذي حصل في لبنان من قوانين الأحوال الشخصية المتخلّفة، مما يعزز الإحساس بأن هناك ما يزال الكثير من النضال لتحقيق المساواة التامة. بشكل عام، النبرة هنا هي نبرة ممزوجة بين الفرح والإحباط، تعكس مشاعر مختلطة من الأمل واليأس تجاه التقدم في حقوق المرأة.,Favor
337,982,853617145703526400,Women Driving,Against,Against,False,الكاتب هنا يستخدم أسلوب السخرية للتعبير عن معارضته لقيادة المرأة في السعودية. هو يشير إلى أن السماح للنساء بالقيادة سيزيد من زحمة السير الموجودة بالفعل في المملكة. يستخدم الكاتب لهجة ساخرة للتعبير عن هذا الرأي، حيث يُظهر أن المشكلة التي يواجهها المجتمع مع زحمة السير لن تُحل إذا سمح للنساء بالقيادة.,Against
338,983,730073954191282176,Women Driving,Favor,Favor,False,"The writer is using the hashtag #لن_تقودي, which literally translates to 'you will not drive.' They are expressing a sense of frustration and emotional turmoil due to the ongoing ban on women driving in Saudi Arabia, which is still in effect. The writer feels lost and uncertain about what to do, especially since their driver is traveling and they are left without a means of transportation. The overall tone is one of worry and anxiety about the situation.",Favor
339,984,1009385586308845568,Women Driving,Favor,Favor,False,الكاتب يشارك تجربته الشخصية مع الإعلام الهندي حول قضية قيادة المرأة السعودية، والتحديات التي تواجهها في هذا المجال. يعبر عن قلقه بشأن تأثير هذا التقرير على السائقين الذين سافروا معه. التغريدة تتضمن بعض السخرية والهجاء، حيث يظهر الكاتب عدم رضاه عن التغطية الإعلامية، ويشير إلى أن السائقين الذين سافروا معه قد يتابعون هذا التقرير ويشعرون بالقلق أو الحزن بسبب ما يسمعونه.,Favor
340,985,724720250554556417,Women Driving,Against,Against,False,الكاتب هنا يستخدم العبارة بشكل ساخر للتعبير عن رفضهم لمشاركة المرأة في سوق العمل الحكومي، حيث يتم توظيفهن في وظائف مكتبية دون الاستفادة من مؤهلاتهن. الكاتب يشعر بالإحباط من عدم منح المرأة فرصاً متساوية في سوق العمل، ويعتبر أن بقاءها في المنزل وعدم مشاركتها في العمل في الشوارع هو خيار أفضل لتجنب الإهانة.,Against
341,986,724706693196709889,Women Driving,Favor,None,True,الكاتب هنا يستخدم السخرية بشكل واضح. هو يقول بشكل حرفي إنه لن يقود السيارة بسبب جهله بكيفية فتح قفل السيارة. لكن النغمة هنا تظهر أنه يمزح ويستخدم السخرية.,Favor
342,987,1011006490306600962,Women Driving,Favor,Favor,False,"الكاتب يعبر عن استيائه من القيود المفروضة على المرأة السعودية في القيادة والسفر دون محرم. يشير إلى أن الخروج في وقت متأخر من الليل أو السفر بين البلدان دون محرم ليس مبرراً في الشريعة أو العادات والتقاليد الأصيلة في المجتمع السعودي. الكاتب يستخدم السخرية من خلال الاعتراف بـ""الضرورة الشرعية"" و""العادات والتقاليد"" و""المحارم"" ثم ينفي الحاجة إليها، مما يعكس شعوراً بالإحباط والاستياء من القيود المفروضة على المرأة.",Favor
343,988,1011030215118741507,Women Driving,Against,Against,False,"الكاتب يستخدم هذه العبارة بطريقة ساخرة ليبدو وكأنه يعبر عن تمنيه لامرأة سعودية أن تسوق بشكل جيد، لكن الحقيقة هي أنه لا يتمنى ذلك. هنا، كلمة ""عسي"" تعني ""أتمنى""، ولكن السخرية تكمن في أن الكاتب لا يعتقد أن هذا الأمر سيكون جيداً أو مفيداً. يبدو أن الكاتب يحاول إظهار نوع من السخرية أو عدم الرضا عن الفكرة، ولكن بطريقة غير مباشرة.",Against
344,989,1011025299570593793,Women Driving,Favor,Favor,False,الكاتب في هذه التغريدة يستخدم هاشتاج #المراه_السعوديه_تسوق للتعبير عن احتفالهم بالسماح للمرأة السعودية بالقيادة. التغريدة تعبر عن مشاعر الفرح والاحتفال بهذا القرار. 💕💕💕,Favor
345,990,827301867365363712,Women Driving,Against,Against,False,الكاتب هنا يشير إلى حادثة اعتداء على امرأة في الدمام، ويستخدم هذه الحادثة كدليل على أن مثل هذه الأحداث يمكن أن تؤدي إلى تغيير في القوانين في بلد آخر غير السعودية، حيث لا يُسمح للنساء بقيادة السيارات. الكاتب يعبر عن موقف ساخر من هذه الحوادث، مع إظهار أن مثل هذه الأحداث لا تؤدي إلى تغيير القوانين في المملكة العربية السعودية، حيث تُطبق القوانين بصرامة.,Against
346,991,724703756756115456,Women Driving,Favor,Against,True,التغريدة تتحدث عن حركة #لن_تقودي التي كانت مرتبطة بحظر قيادة النساء في المملكة العربية السعودية. الكاتب هنا يستخدم هذا الهاشتاج بطريقة ساخرة للإشارة إلى أن همّ الناس في المملكة ليس بالضرورة القيادة، بل الاحتياج إلى وسائل نقل عامة مثل المترو والحافلات لتسهيل التنقل وتقليل تكاليف السواق.,Favor
347,992,1011347369907183616,Women Driving,Favor,Favor,False,"الكاتب هنا يستخدم تعبيراً ساخرًا عن قيادة المرأة للسيارة في المملكة العربية السعودية. التغريدة تحمل نبرة من السخرية والاحتفاء في نفس الوقت. الكاتب يمزج بين السخرية والفخر بشكل غير مباشر.

التعبير 😷😂🏃🏻 يعكس مشاعر الكاتب حول قيادة المرأة للسيارة، حيث 😷 ترمز إلى رد فعل ساخر تجاه الموضوع، و😂 ترمز إلى الضحك، و🏃🏻 ترمز إلى الحركة السريعة، مما يعبر عن الحركة السريعة في النقاش.

الكاتب يستخدم هذا التعبير للتعبير عن إعجابه بالقيادة السريعة والمفاجئة التي تحدث في المجتمع السعودي، سواء كانت هذه السرعة في الحياة اليومية أو في النقاش حول مواضيع حساسة مثل قيادة المرأة للسيارة. التغريدة تعكس مشاعر الكاتب حول هذا الموضوع بطريقة ساخرة، مع لمسة من الفخر والاحتفاء.",Favor
348,993,723315308740677633,Women Driving,Favor,None,True,"في هذا التغريدة، يستخدم الكاتب السخرية للتعبير عن شكوكه حول الشروط الجديدة التي قد تُضاف إلى عقود الزواج في المملكة العربية السعودية، والتي تتعلق بقيادة المرأة للسيارة. التغريدة تشير إلى احتمال أن تتضمن الشروط المستقبلية في عقود الزواج معلومات مثل نوع السيارة التي ستُستخدمها المرأة وموقف الزوج من سياقتها. 

التغريدة تحمل نبرة ساخرة تعبر عن استغراب الكاتب واستيائه من فكرة فرض هذه الشروط في العقود، حيث يُظهر الكاتب علامات الاستفهام والاستهجان (🤔🙄) التي تعكس شعوره بعدم الرضا. الهاشتاغات مثل #قياده_المراه_قادمه و #السماح_بقيادة_المرأة و #السعودي تُستخدم لتقديم سياق حول الموضوع، لكنها لا تعكس موقف الكاتب أو موقفه من القيادة بحد ذاتها، بل تُستخدم لتوضيح موضوع التغريدة.",Favor
349,994,1010672942802489344,Women Driving,Against,Against,False,"الكاتب يستخدم هذا الوسم في سياق تعليق ساخر على قرار السماح للمرأة السعودية بالقيادة. في التغريدة، يستخدم الكاتب عبارة ""تبي تفضي الشارع"" بشكل ساخر للإشارة إلى أنه يعتقد أن الهدف من السماح للمرأة بالقيادة هو ""تفريغ الشوارع"" من الرجال الذين كانوا يشكلون العائق الأكبر أمام قيادتها. من خلال استخدام تعبير ""تبي تفضي الشارع""، يبدو أن الكاتب يلمح إلى أن المجتمع السعودي قد يكون لديه رغبة في تفريغ الشوارع من الرجال الذين كانوا يمنعون المرأة من القيادة.",Against
350,995,724700870139588608,Women Driving,Against,Against,False,الكاتب يستخدم الهاشتاغ #لن_تقودي بشكل ساخر، حيث أن هذا الهاشتاغ مرتبط بحظر قيادة المرأة الذي كان قائماً في المملكة العربية السعودية قبل عام 2018. في هذا السياق، يسخر الكاتب من فكرة قيادة المرأة للمكنسة في السفارات الغربية، مما يعكس سخرية من فكرة أن النساء لا يجب أن يقودي أي شيء. تعبيرات الكاتب تشير إلى أنه يستمتع بالسخرية من هذه الفكرة ويجدها مضحكة.,Against
351,996,724710930865655808,Women Driving,Against,Against,False,في هذا السياق، التغريدة تحمل نبرة ساخرة ومتهكمة بشكل واضح. الكاتب يعبر عن أمنيته بأن يتم التركيز على التقدم العلمي والاقتصادي بدلاً من الانشغال بمسائل القيادة والسينما. التغريدة توحي بأن الكاتب يعتقد أن الاهتمام بالقيادة والسينما ليس له فائدة كبيرة مقارنة بتحسين العلم والاقتصاد.,Against
